Workbook

Sheet SCHEDULE
D1: Block 1 | I1: Block 2 | N1: Block 3 | X1: Block 5 | AC1: End of the year Block | AE1: Block 6 | AJ1: Block 7 | AO1: Block 8 | AT1: Block 9 | AY1: Block 10 | BD1: CARDIO | BE1: CLINIC | BF1: ED | BG1: FLOORS | BH1: ICU | BI1: ICU E | BJ1: ICU N | BK1: ID | BL1: NEURO | BM1: NF | BN1: SWING | BO1: VACATION | BP1: SUB-TOTAL | BQ1: PALLIATIVE | BR1: GERIATRIC | BS1: GS / GI | BT1: HEM/ONC | BU1: PAIN MANGEMENT | BV1: RHEUMA | BW1: ENDO | BX1: PLASTIC | BY1: PULM | BZ1: SICU | CA1: DERMATOLOGY | CB1: NEPHRO | CC1: SUB-TOTAL | CD1: TOTAL
D2: 1 | E2: 2 | F2: 3 | G2: 4 | H2: 5 | I2: 6 | J2: 7 | K2: 8 | L2: 9 | M2: 10 | N2: 11 | O2: 12 | P2: 13 | Q2: 14 | R2: 15 | S2: 16 | T2: 17 | U2: 18 | V2: 19 | W2: 20 | X2: 21 | Y2: 22 | Z2: 23 | AA2: 24 | AB2: 25 | AC2: 26 | AD2: 27 | AE2: 28 | AF2: 29 | AG2: 30 | AH2: 31 | AI2: 32 | AJ2: 33 | AK2: 34 | AL2: 35 | AM2: 36 | AN2: 37 | AO2: 38 | AP2: 39 | AQ2: 40 | AR2: 41 | AS2: 42 | AT2: 43 | AU2: 44 | AV2: 45 | AW2: 46 | AX2: 47 | AY2: 48 | AZ2: 49 | BA2: 50 | BB2: 51 | BC2: 52
A3: PGY | D3: 07/01-07/06 | E3: 07/07-07/13 | F3: 07/14-07/20 | G3: 07/21-07/27 | H3: 07/28-08/03 | I3: 08/04-08/10 | J3: 08/11-08/17 | K3: 08/18-08/24 | L3: 08/25-8/31 | M3: 09/01-09/07 | N3: 09/08-09/14 | O3: 09/15-09/21 | P3: 09/22-09/28 | Q3: 09/29-10/05 | R3: 10/06-10/12 | S3: 10/13-10/19 | T3: 10/20-10/26 | U3: 10/27-11/02 | V3: 11/03-11/09 | W3: 11/10-11/16 | X3: 11/17-11/23 | Y3: 11/24-11/30 | Z3: 12/01-12/07 | AA3: 12/08-12/14 | AB3: 12/15-12/21 | AC3: 12/22-12/28 | AD3: 12/29-01/04 | AE3: 01/05-01/11 | AF3: 01/12-01/18 | AG3: 01/19-01/25 | AH3: 01/26-02/01 | AI3: 02/02-02/08 | AJ3: 02/09-02/15 | AK3: 02/16-02/22 | AL3: 02/23-03/01 | AM3: 03/02-03/08 | AN3: 03/09-03/15 | AO3: 03/16-03/22 | AP3: 03/23-03/29 | AQ3: 03/30-04/05 | AR3: 04/06-04/12 | AS3: 04/13-04/19 | AT3: 04/20-04/26 | AU3: 04/27-05/03 | AV3: 05/04-05/10 | AW3: 05/11-05/17 | AX3: 05/18-05/24 | AY3: 05/25-05/31 | AZ3: 06/01-06/07 | BA3: 06/08-06/14 | BB3: 06/15-06/21 | BC3: 06/22-06/30
A4: Cohort 1 | B4: PGY-1 | C4: B. Perez | D4: CLINIC * | E4: CLINIC * | F4: D | G4: ICU | H4: CARDIO-HCA | I4: CLINIC * | J4: NF | K4: NF | L4: NF | M4: NF | N4: CLINIC | O4: CLINIC | P4: SWING | Q4: SWING | R4: SWING | S4: CLINIC * | T4: VACATION | U4: VACATION | V4: VACATION | W4: VACATION | X4: CLINIC * | Y4: A | Z4: A | AA4: A | AB4: A | AC4: A | AD4: CARDIO-HCA | AE4: CLINIC * | AF4: ED | AG4: ED | AH4: ID | AI4: ID | AJ4: CLINIC * | AK4: D | AL4: D | AM4: D | AN4: CLINIC | AO4: CLINIC | AP4: ICU N | AQ4: ICU N | AR4: ICU N | AS4: ICU N | AT4: CLINIC * | AU4: B | AV4: B | AW4: B | AX4: B | AY4: CLINIC * | AZ4: ICU E | BA4: ICU E | BB4: CLINIC * | BC4: ICU E | BD4: =COUNTIF($D4:$BC4,"CARDIO")+COUNTIF($D4:$BC4,"CARDIO E")+COUNTIF($D4:$BC4,"CARDIO E *")+COUNTIF($D4:$BC4,"CARDIO-HCA")+COUNTIF($D4:$BC4,"CARDIO-HCA *")+COUNTIF($D4:$BC4,"CARDIO-RAM")+COUNTIF($D4:$BC4,"CARDIO-RAM *") | BE4: =COUNTIF($D4:$BC4,"CLINIC")+COUNTIF($D4:$BC4,"CLINIC *")+COUNTIF($D4:$BC4,"URGENT CARE")+COUNTIF($D4:$BC4,"URGENT CARE *") | BF4: =COUNTIF($D4:$BC4,"ED") | BG4: =COUNTIF($D4:$BC4,"A")+COUNTIF($D4:$BC4,"B")+COUNTIF($D4:$BC4,"C")+COUNTIF($D4:$BC4,"D")+COUNTIF($D4:$BC4,"G") | BH4: =COUNTIF($D4:$BC4,"ICU") | BI4: =COUNTIF($D4:$BC4,"ICU E") | BJ4: =COUNTIF($D4:$BC4,"ICU N") | BK4: =COUNTIF($D4:$BC4,"ID")+COUNTIF($D4:$BC4,"ID *") | BL4: =COUNTIF($D4:$BC4,"NEURO")+COUNTIF($D4:$BC4,"NEURO *") | BM4: =COUNTIF($D4:$BC4,"NF") | BN4: =COUNTIF($D4:$BC4,"SWING") | BO4: =COUNTIF($D4:$BC4,"VACATION") | BP4: =SUM(BD4:BO4) | BQ4: =COUNTIF($D4:$BC4,"PALLIATIVE")+COUNTIF($D4:$BC4,"PALLIATIVE *") | BR4: =COUNTIF($D4:$BC4,"GERIATRIC")+COUNTIF($D4:$BC4,"GERIATRIC 2") | BS4: =COUNTIF($D4:$BC4,"GS")+COUNTIF($D4:$BC4,"GI")+COUNTIF($D4:$BC4,"GI *") | BT4: =COUNTIF($D4:$BC4,"HEM/ONC")+COUNTIF($D4:$BC4,"HEM/ONC *") | BU4: =COUNTIF($D4:$BC4,"IR RADIOLOGY")+COUNTIF($D4:$BC4,"IR RADIOLOGY *") | BV4: =COUNTIF($D4:$BC4,"RHEUMA")+COUNTIF($D4:$BC4,"RHEUMA *") | BW4: =COUNTIF($D4:$BC4,"ENDO")+COUNTIF($D4:$BC4,"ENDO *") | BX4: =COUNTIF($D4:$BC4,"PLASTIC")+COUNTIF($D4:$BC4,"PLASTIC *") | BY4: =COUNTIF($D4:$BC4,"PULM")+COUNTIF($D4:$BC4,"PULM *") | BZ4: =COUNTIF($D4:$BC4,"SICU")+COUNTIF($D4:$BC4,"SICU *") | CA4: =COUNTIF($D4:$BC4,"DERMATOLOGY")+COUNTIF($D4:$BC4,"DERMATOLOGY *") | CB4: =COUNTIF($D4:$BC4,"NEPHRO")+COUNTIF($D4:$BC4,"NEPHRO *") | CC4: =SUM(BQ4:CB4) | CD4: =BP4+CC4
C5: L. Duarte | D5: CLINIC * | E5: C | F5: C | G5: C | H5: ED | I5: CLINIC * | J5: C | K5: C | L5: C | M5: C | N5: CLINIC * | O5: CLINIC * | P5: ID | Q5: ID | R5: ICU N | S5: CLINIC * | T5: A | U5: A | V5: A | W5: A | X5: CLINIC * | Y5: C | Z5: ICU N | AA5: ICU N | AB5: ICU N | AC5: ICU N | AD5: ED | AE5: CLINIC * | AF5: CARDIO-HCA | AG5: CARDIO-HCA | AH5: NF | AI5: ICU N | AJ5: CLINIC * | AK5: VACATION | AL5: VACATION | AM5: VACATION | AN5: VACATION | AO5: CLINIC * | AP5: D | AQ5: D | AR5: D | AS5: D | AT5: CLINIC | AU5: CLINIC | AV5: A | AW5: A | AX5: A | AY5: CLINIC * | AZ5: ICU E | BA5: ICU E | BB5: CLINIC | BC5: CLINIC | BD5: =COUNTIF($D5:$BC5,"CARDIO")+COUNTIF($D5:$BC5,"CARDIO E")+COUNTIF($D5:$BC5,"CARDIO E *")+COUNTIF($D5:$BC5,"CARDIO-HCA")+COUNTIF($D5:$BC5,"CARDIO-HCA *")+COUNTIF($D5:$BC5,"CARDIO-RAM")+COUNTIF($D5:$BC5,"CARDIO-RAM *") | BE5: =COUNTIF($D5:$BC5,"CLINIC")+COUNTIF($D5:$BC5,"CLINIC *")+COUNTIF($D5:$BC5,"URGENT CARE")+COUNTIF($D5:$BC5,"URGENT CARE *") | BF5: =COUNTIF($D5:$BC5,"ED") | BG5: =COUNTIF($D5:$BC5,"A")+COUNTIF($D5:$BC5,"B")+COUNTIF($D5:$BC5,"C")+COUNTIF($D5:$BC5,"D")+COUNTIF($D5:$BC5,"G") | BH5: =COUNTIF($D5:$BC5,"ICU") | BI5: =COUNTIF($D5:$BC5,"ICU E") | BJ5: =COUNTIF($D5:$BC5,"ICU N") | BK5: =COUNTIF($D5:$BC5,"ID")+COUNTIF($D5:$BC5,"ID *") | BL5: =COUNTIF($D5:$BC5,"NEURO")+COUNTIF($D5:$BC5,"NEURO *") | BM5: =COUNTIF($D5:$BC5,"NF") | BN5: =COUNTIF($D5:$BC5,"SWING") | BO5: =COUNTIF($D5:$BC5,"VACATION") | BP5: =SUM(BD5:BO5) | BQ5: =COUNTIF($D5:$BC5,"PALLIATIVE")+COUNTIF($D5:$BC5,"PALLIATIVE *") | BR5: =COUNTIF($D5:$BC5,"GERIATRIC")+COUNTIF($D5:$BC5,"GERIATRIC 2") | BS5: =COUNTIF($D5:$BC5,"GS")+COUNTIF($D5:$BC5,"GI")+COUNTIF($D5:$BC5,"GI *") | BT5: =COUNTIF($D5:$BC5,"HEM/ONC")+COUNTIF($D5:$BC5,"HEM/ONC *") | BU5: =COUNTIF($D5:$BC5,"PAIN MANAGEMENT")+COUNTIF($D5:$BC5,"PAIN MANAGEMENT *") | BV5: =COUNTIF($D5:$BC5,"RHEUMA")+COUNTIF($D5:$BC5,"RHEUMA *") | BW5: =COUNTIF($D5:$BC5,"ENDO")+COUNTIF($D5:$BC5,"ENDO *") | BX5: =COUNTIF($D5:$BC5,"PLASTIC")+COUNTIF($D5:$BC5,"PLASTIC *") | BY5: =COUNTIF($D5:$BC5,"PULM")+COUNTIF($D5:$BC5,"PULM *") | BZ5: =COUNTIF($D5:$BC5,"SICU")+COUNTIF($D5:$BC5,"SICU *") | CA5: =COUNTIF($D5:$BC5,"DERMATOLOGY")+COUNTIF($D5:$BC5,"DERMATOLOGY *") | CB5: =COUNTIF($D5:$BC5,"NEPHRO")+COUNTIF($D5:$BC5,"NEPHRO *") | CC5: =SUM(BQ5:CB5) | CD5: =BP5+CC5
B6: PGY-2 | C6: M. Garcia | D6: CLINIC * | E6: B | F6: B | G6: B | H6: B | I6: CLINIC * | J6: ICU N | K6: ICU N | L6: SWING | M6: SWING | N6: CLINIC * | O6: NEURO | P6: NEURO | Q6: ID | R6: ID | S6: CLINIC * | T6: C | U6: C | V6: C | W6: C | X6: CLINIC * | Y6: ED | Z6: ED | AA6: CARDIO | AB6: CARDIO | AC6: CARDIO | AD6: CARDIO | AE6: CLINIC * | AF6: ICU | AG6: ICU | AH6: ICU | AI6: NF | AJ6: CLINIC * | AK6: C | AL6: NF | AM6: NF | AN6: NF | AO6: CLINIC * | AP6: VACATION | AQ6: VACATION | AR6: VACATION | AS6: VACATION | AT6: CLINIC * | AU6: SWING | AV6: ICU | AW6: ICU | AX6: ICU | AY6: CLINIC | AZ6: CLINIC | BA6: CLINIC | BB6: CLINIC | BC6: CLINIC | BD6: =COUNTIF($D6:$BC6,"CARDIO")+COUNTIF($D6:$BC6,"CARDIO E")+COUNTIF($D6:$BC6,"CARDIO E *")+COUNTIF($D6:$BC6,"CARDIO-HCA")+COUNTIF($D6:$BC6,"CARDIO-HCA *")+COUNTIF($D6:$BC6,"CARDIO-RAM")+COUNTIF($D6:$BC6,"CARDIO-RAM *") | BE6: =COUNTIF($D6:$BC6,"CLINIC")+COUNTIF($D6:$BC6,"CLINIC *")+COUNTIF($D6:$BC6,"URGENT CARE")+COUNTIF($D6:$BC6,"URGENT CARE *") | BF6: =COUNTIF($D6:$BC6,"ED") | BG6: =COUNTIF($D6:$BC6,"A")+COUNTIF($D6:$BC6,"B")+COUNTIF($D6:$BC6,"C")+COUNTIF($D6:$BC6,"D")+COUNTIF($D6:$BC6,"G") | BH6: =COUNTIF($D6:$BC6,"ICU") | BI6: =COUNTIF($D6:$BC6,"ICU E") | BJ6: =COUNTIF($D6:$BC6,"ICU N") | BK6: =COUNTIF($D6:$BC6,"ID")+COUNTIF($D6:$BC6,"ID *") | BL6: =COUNTIF($D6:$BC6,"NEURO")+COUNTIF($D6:$BC6,"NEURO *") | BM6: =COUNTIF($D6:$BC6,"NF") | BN6: =COUNTIF($D6:$BC6,"SWING") | BO6: =COUNTIF($D6:$BC6,"VACATION") | BP6: =SUM(BD6:BO6) | BQ6: =COUNTIF($D6:$BC6,"PALLIATIVE")+COUNTIF($D6:$BC6,"PALLIATIVE *") | BR6: =COUNTIF($D6:$BC6,"GERIATRIC")+COUNTIF($D6:$BC6,"GERIATRIC 2") | BS6: =COUNTIF($D6:$BC6,"GS")+COUNTIF($D6:$BC6,"GI")+COUNTIF($D6:$BC6,"GI *") | BT6: =COUNTIF($D6:$BC6,"HEM/ONC")+COUNTIF($D6:$BC6,"HEM/ONC *") | BU6: =COUNTIF($D6:$BC6,"PAIN MANAGEMENT")+COUNTIF($D6:$BC6,"PAIN MANAGEMENT *") | BV6: =COUNTIF($D6:$BC6,"RHEUMA")+COUNTIF($D6:$BC6,"RHEUMA *") | BW6: =COUNTIF($D6:$BC6,"ENDO")+COUNTIF($D6:$BC6,"ENDO *") | BX6: =COUNTIF($D6:$BC6,"PLASTIC")+COUNTIF($D6:$BC6,"PLASTIC *") | BY6: =COUNTIF($D6:$BC6,"PULM")+COUNTIF($D6:$BC6,"PULM *") | BZ6: =COUNTIF($D6:$BC6,"SICU")+COUNTIF($D6:$BC6,"SICU *") | CA6: =COUNTIF($D6:$BC6,"DERMATOLOGY")+COUNTIF($D6:$BC6,"DERMATOLOGY *") | CB6: =COUNTIF($D6:$BC6,"NEPHRO")+COUNTIF($D6:$BC6,"NEPHRO *") | CC6: =SUM(BQ6:CB6) | CD6: =BP6+CC6
C7: D. Cano | D7: CLINIC * | E7: D | F7: D | G7: NEURO | H7: NEURO | I7: CLINIC | J7: D | K7: D | L7: D | M7: ED | N7: CLINIC * | O7: D | P7: D | Q7: D | R7: D | S7: CLINIC * | T7: CARDIO | U7: CARDIO | V7: CARDIO | W7: CARDIO | X7: CLINIC * | Y7: ED | Z7: ID | AA7: ID | AB7: C | AC7: ICU E | AD7: ICU E | AE7: CLINIC * | AF7: VACATION | AG7: VACATION | AH7: VACATION | AI7: VACATION | AJ7: CLINIC * | AK7: ICU N | AL7: ICU N | AM7: ICU N | AN7: CLINIC | AO7: CLINIC | AP7: ICU N | AQ7: ICU N | AR7: SWING | AS7: SWING | AT7: CLINIC * | AU7: D | AV7: D | AW7: D | AX7: D | AY7: CLINIC | AZ7: CLINIC | BA7: CLINIC | BB7: CLINIC | BC7: ICU E | BD7: =COUNTIF($D7:$BC7,"CARDIO")+COUNTIF($D7:$BC7,"CARDIO E")+COUNTIF($D7:$BC7,"CARDIO E *")+COUNTIF($D7:$BC7,"CARDIO-HCA")+COUNTIF($D7:$BC7,"CARDIO-HCA *")+COUNTIF($D7:$BC7,"CARDIO-RAM")+COUNTIF($D7:$BC7,"CARDIO-RAM *") | BE7: =COUNTIF($D7:$BC7,"CLINIC")+COUNTIF($D7:$BC7,"CLINIC *")+COUNTIF($D7:$BC7,"URGENT CARE")+COUNTIF($D7:$BC7,"URGENT CARE *") | BF7: =COUNTIF($D7:$BC7,"ED") | BG7: =COUNTIF($D7:$BC7,"A")+COUNTIF($D7:$BC7,"B")+COUNTIF($D7:$BC7,"C")+COUNTIF($D7:$BC7,"D")+COUNTIF($D7:$BC7,"G") | BH7: =COUNTIF($D7:$BC7,"ICU") | BI7: =COUNTIF($D7:$BC7,"ICU E") | BJ7: =COUNTIF($D7:$BC7,"ICU N") | BK7: =COUNTIF($D7:$BC7,"ID")+COUNTIF($D7:$BC7,"ID *") | BL7: =COUNTIF($D7:$BC7,"NEURO")+COUNTIF($D7:$BC7,"NEURO *") | BM7: =COUNTIF($D7:$BC7,"NF") | BN7: =COUNTIF($D7:$BC7,"SWING") | BO7: =COUNTIF($D7:$BC7,"VACATION") | BP7: =SUM(BD7:BO7) | BQ7: =COUNTIF($D7:$BC7,"PALLIATIVE")+COUNTIF($D7:$BC7,"PALLIATIVE *") | BR7: =COUNTIF($D7:$BC7,"GERIATRIC")+COUNTIF($D7:$BC7,"GERIATRIC 2") | BS7: =COUNTIF($D7:$BC7,"GS")+COUNTIF($D7:$BC7,"GI")+COUNTIF($D7:$BC7,"GI *") | BT7: =COUNTIF($D7:$BC7,"HEM/ONC")+COUNTIF($D7:$BC7,"HEM/ONC *") | BU7: =COUNTIF($D7:$BC7,"PAIN MANAGEMENT")+COUNTIF($D7:$BC7,"PAIN MANAGEMENT *") | BV7: =COUNTIF($D7:$BC7,"RHEUMA")+COUNTIF($D7:$BC7,"RHEUMA *") | BW7: =COUNTIF($D7:$BC7,"ENDO")+COUNTIF($D7:$BC7,"ENDO *") | BX7: =COUNTIF($D7:$BC7,"PLASTIC")+COUNTIF($D7:$BC7,"PLASTIC *") | BY7: =COUNTIF($D7:$BC7,"PULM")+COUNTIF($D7:$BC7,"PULM *") | BZ7: =COUNTIF($D7:$BC7,"SICU")+COUNTIF($D7:$BC7,"SICU *") | CA7: =COUNTIF($D7:$BC7,"DERMATOLOGY")+COUNTIF($D7:$BC7,"DERMATOLOGY *") | CB7: =COUNTIF($D7:$BC7,"NEPHRO")+COUNTIF($D7:$BC7,"NEPHRO *") | CC7: =SUM(BQ7:CB7) | CD7: =BP7+CC7
B8: PGY-3 | C8: J. Melendez | D8: CLINIC * | E8: C | F8: C | G8: C | H8: C | I8: CLINIC * | J8: CLINIC * | K8: CLINIC * | L8: ICU E | M8: ICU E | N8: CLINIC * | O8: C | P8: C | Q8: C | R8: C | S8: CLINIC * | T8: VACATION | U8: ICU | V8: ICU | W8: CLINIC * | X8: CLINIC * | Y8: CLINIC * | Z8: CLINIC * | AA8: ICU E | AB8: ICU E | AC8: ICU E | AD8: ICU E | AE8: CLINIC * | AF8: CLINIC * | AG8: VACATION | AH8: VACATION | AI8: VACATION | AJ8: CLINIC * | AK8: SWING | AL8: SWING | AM8: SWING | AN8: SWING | AO8: CLINIC * | AP8: D | AQ8: D | AR8: D | AS8: CLINIC | AT8: CLINIC | AU8: CLINIC | AV8: CLINIC | AW8: CLINIC | AX8: CLINIC | AY8: CLINIC | AZ8: ICU N | BA8: ICU N | BB8: CLINIC * | BC8: SWING | BD8: =COUNTIF($D8:$BC8,"CARDIO")+COUNTIF($D8:$BC8,"CARDIO E")+COUNTIF($D8:$BC8,"CARDIO E *")+COUNTIF($D8:$BC8,"CARDIO-HCA")+COUNTIF($D8:$BC8,"CARDIO-HCA *")+COUNTIF($D8:$BC8,"CARDIO-RAM")+COUNTIF($D8:$BC8,"CARDIO-RAM *") | BE8: =COUNTIF($D8:$BC8,"CLINIC")+COUNTIF($D8:$BC8,"CLINIC *")+COUNTIF($D8:$BC8,"URGENT CARE")+COUNTIF($D8:$BC8,"URGENT CARE *") | BF8: =COUNTIF($D8:$BC8,"ED") | BG8: =COUNTIF($D8:$BC8,"A")+COUNTIF($D8:$BC8,"B")+COUNTIF($D8:$BC8,"C")+COUNTIF($D8:$BC8,"D")+COUNTIF($D8:$BC8,"G") | BH8: =COUNTIF($D8:$BC8,"ICU") | BI8: =COUNTIF($D8:$BC8,"ICU E") | BJ8: =COUNTIF($D8:$BC8,"ICU N") | BK8: =COUNTIF($D8:$BC8,"ID")+COUNTIF($D8:$BC8,"ID *") | BL8: =COUNTIF($D8:$BC8,"NEURO")+COUNTIF($D8:$BC8,"NEURO *") | BM8: =COUNTIF($D8:$BC8,"NF") | BN8: =COUNTIF($D8:$BC8,"SWING") | BO8: =COUNTIF($D8:$BC8,"VACATION") | BP8: =SUM(BD8:BO8) | BQ8: =COUNTIF($D8:$BC8,"PALLIATIVE")+COUNTIF($D8:$BC8,"PALLIATIVE *") | BR8: =COUNTIF($D8:$BC8,"GERIATRIC")+COUNTIF($D8:$BC8,"GERIATRIC 2") | BS8: =COUNTIF($D8:$BC8,"GS")+COUNTIF($D8:$BC8,"GI")+COUNTIF($D8:$BC8,"GI *") | BT8: =COUNTIF($D8:$BC8,"HEM/ONC")+COUNTIF($D8:$BC8,"HEM/ONC *") | BU8: =COUNTIF($D8:$BC8,"PAIN MANAGEMENT")+COUNTIF($D8:$BC8,"PAIN MANAGEMENT *") | BV8: =COUNTIF($D8:$BC8,"RHEUMA")+COUNTIF($D8:$BC8,"RHEUMA *") | BW8: =COUNTIF($D8:$BC8,"ENDO")+COUNTIF($D8:$BC8,"ENDO *") | BX8: =COUNTIF($D8:$BC8,"PLASTIC")+COUNTIF($D8:$BC8,"PLASTIC *") | BY8: =COUNTIF($D8:$BC8,"PULM")+COUNTIF($D8:$BC8,"PULM *") | BZ8: =COUNTIF($D8:$BC8,"SICU")+COUNTIF($D8:$BC8,"SICU *") | CA8: =COUNTIF($D8:$BC8,"DERMATOLOGY")+COUNTIF($D8:$BC8,"DERMATOLOGY *") | CB8: =COUNTIF($D8:$BC8,"NEPHRO")+COUNTIF($D8:$BC8,"NEPHRO *") | CC8: =SUM(BQ8:CB8) | CD8: =BP8+CC8
C9: C. Correa | D9: CLINIC * | E9: VACATION | F9: VACATION | G9: VACATION | H9: VACATION | I9: CLINIC * | J9: C | K9: C | L9: ICU N | M9: ICU N | N9: CLINIC * | O9: NF | P9: NF | Q9: NF | R9: NF | S9: CLINIC * | T9: CLINIC * | U9: ICU E | V9: ICU E | W9: CLINIC * | X9: CLINIC * | Y9: A | Z9: A | AA9: A | AB9: A | AC9: A | AD9: A | AE9: CLINIC * | AF9: B | AG9: B | AH9: B | AI9: CLINIC * | AJ9: CLINIC * | AK9: CLINIC * | AL9: CLINIC | AM9: CLINIC | AN9: CLINIC | AO9: CLINIC | AP9: CLINIC | AQ9: ICU | AR9: ICU | AS9: ICU | AT9: CLINIC | AU9: CLINIC | AV9: CLINIC | AW9: G | AX9: G | AY9: CLINIC * | AZ9: CLINIC * | BA9: ICU E | BB9: CLINIC | BC9: CLINIC | BD9: =COUNTIF($D9:$BC9,"CARDIO")+COUNTIF($D9:$BC9,"CARDIO E")+COUNTIF($D9:$BC9,"CARDIO E *")+COUNTIF($D9:$BC9,"CARDIO-HCA")+COUNTIF($D9:$BC9,"CARDIO-HCA *")+COUNTIF($D9:$BC9,"CARDIO-RAM")+COUNTIF($D9:$BC9,"CARDIO-RAM *") | BE9: =COUNTIF($D9:$BC9,"CLINIC")+COUNTIF($D9:$BC9,"CLINIC *")+COUNTIF($D9:$BC9,"URGENT CARE")+COUNTIF($D9:$BC9,"URGENT CARE *") | BF9: =COUNTIF($D9:$BC9,"ED") | BG9: =COUNTIF($D9:$BC9,"A")+COUNTIF($D9:$BC9,"B")+COUNTIF($D9:$BC9,"C")+COUNTIF($D9:$BC9,"D")+COUNTIF($D9:$BC9,"G") | BH9: =COUNTIF($D9:$BC9,"ICU") | BI9: =COUNTIF($D9:$BC9,"ICU E") | BJ9: =COUNTIF($D9:$BC9,"ICU N") | BK9: =COUNTIF($D9:$BC9,"ID")+COUNTIF($D9:$BC9,"ID *") | BL9: =COUNTIF($D9:$BC9,"NEURO")+COUNTIF($D9:$BC9,"NEURO *") | BM9: =COUNTIF($D9:$BC9,"NF") | BN9: =COUNTIF($D9:$BC9,"SWING") | BO9: =COUNTIF($D9:$BC9,"VACATION") | BP9: =SUM(BD9:BO9) | BQ9: =COUNTIF($D9:$BC9,"PALLIATIVE")+COUNTIF($D9:$BC9,"PALLIATIVE *") | BR9: =COUNTIF($D9:$BC9,"GERIATRIC")+COUNTIF($D9:$BC9,"GERIATRIC 2") | BS9: =COUNTIF($D9:$BC9,"GS")+COUNTIF($D9:$BC9,"GI")+COUNTIF($D9:$BC9,"GI *") | BT9: =COUNTIF($D9:$BC9,"HEM/ONC")+COUNTIF($D9:$BC9,"HEM/ONC *") | BU9: =COUNTIF($D9:$BC9,"PAIN MANAGEMENT")+COUNTIF($D9:$BC9,"PAIN MANAGEMENT *") | BV9: =COUNTIF($D9:$BC9,"RHEUMA")+COUNTIF($D9:$BC9,"RHEUMA *") | BW9: =COUNTIF($D9:$BC9,"ENDO")+COUNTIF($D9:$BC9,"ENDO *") | BX9: =COUNTIF($D9:$BC9,"PLASTIC")+COUNTIF($D9:$BC9,"PLASTIC *") | BY9: =COUNTIF($D9:$BC9,"PULM")+COUNTIF($D9:$BC9,"PULM *") | BZ9: =COUNTIF($D9:$BC9,"SICU")+COUNTIF($D9:$BC9,"SICU *") | CA9: =COUNTIF($D9:$BC9,"DERMATOLOGY")+COUNTIF($D9:$BC9,"DERMATOLOGY *") | CB9: =COUNTIF($D9:$BC9,"NEPHRO")+COUNTIF($D9:$BC9,"NEPHRO *") | CC9: =SUM(BQ9:CB9) | CD9: =BP9+CC9
C10: L. Diaz-Fajardo | D10: CLINIC * | E10: CLINIC * | F10: ICU | G10: ICU | H10: ICU | I10: CLINIC * | J10: SWING | K10: SWING | L10: SWING | M10: SWING | N10: CLINIC * | O10: CLINIC * | P10: CLINIC * | Q10: CLINIC * | R10: CLINIC * | S10: CLINIC * | T10: CLINIC * | U10: CLINIC * | V10: CLINIC * | W10: CLINIC * | X10: CLINIC * | Y10: B | Z10: B | AA10: B | AB10: B | AC10: VACATION | AD10: VACATION | AE10: CLINIC * | AF10: D | AG10: D | AH10: D | AI10: D | AJ10: CLINIC * | AK10: VACATION | AL10: VACATION | AM10: ICU | AN10: ICU | AO10: CLINIC | AP10: CLINIC | AQ10: ICU E | AR10: ICU E | AS10: CLINIC * | AT10: CLINIC * | AU10: A | AV10: A | AW10: A | AX10: A | AY10: CLINIC | AZ10: CLINIC | BA10: CLINIC | BB10: CLINIC | BC10: CLINIC | BD10: =COUNTIF($D10:$BC10,"CARDIO")+COUNTIF($D10:$BC10,"CARDIO E")+COUNTIF($D10:$BC10,"CARDIO E *")+COUNTIF($D10:$BC10,"CARDIO-HCA")+COUNTIF($D10:$BC10,"CARDIO-HCA *")+COUNTIF($D10:$BC10,"CARDIO-RAM")+COUNTIF($D10:$BC10,"CARDIO-RAM *") | BE10: =COUNTIF($D10:$BC10,"CLINIC")+COUNTIF($D10:$BC10,"CLINIC *")+COUNTIF($D10:$BC10,"URGENT CARE")+COUNTIF($D10:$BC10,"URGENT CARE *") | BF10: =COUNTIF($D10:$BC10,"ED") | BG10: =COUNTIF($D10:$BC10,"A")+COUNTIF($D10:$BC10,"B")+COUNTIF($D10:$BC10,"C")+COUNTIF($D10:$BC10,"D")+COUNTIF($D10:$BC10,"G") | BH10: =COUNTIF($D10:$BC10,"ICU") | BI10: =COUNTIF($D10:$BC10,"ICU E") | BJ10: =COUNTIF($D10:$BC10,"ICU N") | BK10: =COUNTIF($D10:$BC10,"ID")+COUNTIF($D10:$BC10,"ID *") | BL10: =COUNTIF($D10:$BC10,"NEURO")+COUNTIF($D10:$BC10,"NEURO *") | BM10: =COUNTIF($D10:$BC10,"NF") | BN10: =COUNTIF($D10:$BC10,"SWING") | BO10: =COUNTIF($D10:$BC10,"VACATION") | BP10: =SUM(BD10:BO10) | BQ10: =COUNTIF($D10:$BC10,"PALLIATIVE")+COUNTIF($D10:$BC10,"PALLIATIVE *") | BR10: =COUNTIF($D10:$BC10,"GERIATRIC")+COUNTIF($D10:$BC10,"GERIATRIC 2") | BS10: =COUNTIF($D10:$BC10,"GS")+COUNTIF($D10:$BC10,"GI")+COUNTIF($D10:$BC10,"GI *") | BT10: =COUNTIF($D10:$BC10,"HEM/ONC")+COUNTIF($D10:$BC10,"HEM/ONC *") | BU10: =COUNTIF($D10:$BC10,"PAIN MANAGEMENT")+COUNTIF($D10:$BC10,"PAIN MANAGEMENT *") | BV10: =COUNTIF($D10:$BC10,"RHEUMA")+COUNTIF($D10:$BC10,"RHEUMA *") | BW10: =COUNTIF($D10:$BC10,"ENDO")+COUNTIF($D10:$BC10,"ENDO *") | BX10: =COUNTIF($D10:$BC10,"PLASTIC")+COUNTIF($D10:$BC10,"PLASTIC *") | BY10: =COUNTIF($D10:$BC10,"PULM")+COUNTIF($D10:$BC10,"PULM *") | BZ10: =COUNTIF($D10:$BC10,"SICU")+COUNTIF($D10:$BC10,"SICU *") | CA10: =COUNTIF($D10:$BC10,"DERMATOLOGY")+COUNTIF($D10:$BC10,"DERMATOLOGY *") | CB10: =COUNTIF($D10:$BC10,"NEPHRO")+COUNTIF($D10:$BC10,"NEPHRO *") | CC10: =SUM(BQ10:CB10) | CD10: =BP10+CC10
C11: J. Garcia-Blaya | D11: CLINIC * | E11: CLINIC * | F11: CLINIC * | G11: CLINIC * | H11: CLINIC * | I11: CLINIC * | J11: CLINIC * | K11: CLINIC * | L11: CLINIC * | M11: CLINIC * | N11: CLINIC * | O11: CLINIC * | P11: CLINIC * | Q11: CLINIC * | R11: CLINIC * | S11: CLINIC * | T11: B | U11: VACATION | V11: VACATION | W11: VACATION | X11: CLINIC | Y11: CLINIC | Z11: CLINIC | AA11: C | AB11: C | AC11: C | AD11: C | AE11: CLINIC * | AF11: ICU N | AG11: ICU N | AH11: ICU N | AI11: ICU N | AJ11: CLINIC * | AK11: B | AL11: B | AM11: B | AN11: B | AO11: CLINIC * | AP11: CLINIC * | AQ11: B | AR11: B | AS11: B | AT11: CLINIC * | AU11: C | AV11: NF | AW11: NF | AX11: CLINIC * | AY11: CLINIC * | AZ11: VACATION | BA11: C | BB11: CLINIC * | BC11: CLINIC * | BD11: =COUNTIF($D11:$BC11,"CARDIO")+COUNTIF($D11:$BC11,"CARDIO E")+COUNTIF($D11:$BC11,"CARDIO E *")+COUNTIF($D11:$BC11,"CARDIO-HCA")+COUNTIF($D11:$BC11,"CARDIO-HCA *")+COUNTIF($D11:$BC11,"CARDIO-RAM")+COUNTIF($D11:$BC11,"CARDIO-RAM *") | BE11: =COUNTIF($D11:$BC11,"CLINIC")+COUNTIF($D11:$BC11,"CLINIC *")+COUNTIF($D11:$BC11,"URGENT CARE")+COUNTIF($D11:$BC11,"URGENT CARE *") | BF11: =COUNTIF($D11:$BC11,"ED") | BG11: =COUNTIF($D11:$BC11,"A")+COUNTIF($D11:$BC11,"B")+COUNTIF($D11:$BC11,"C")+COUNTIF($D11:$BC11,"D")+COUNTIF($D11:$BC11,"G") | BH11: =COUNTIF($D11:$BC11,"ICU") | BI11: =COUNTIF($D11:$BC11,"ICU E") | BJ11: =COUNTIF($D11:$BC11,"ICU N") | BK11: =COUNTIF($D11:$BC11,"ID")+COUNTIF($D11:$BC11,"ID *") | BL11: =COUNTIF($D11:$BC11,"NEURO")+COUNTIF($D11:$BC11,"NEURO *") | BM11: =COUNTIF($D11:$BC11,"NF") | BN11: =COUNTIF($D11:$BC11,"SWING") | BO11: =COUNTIF($D11:$BC11,"VACATION") | BP11: =SUM(BD11:BO11) | BQ11: =COUNTIF($D11:$BC11,"PALLIATIVE")+COUNTIF($D11:$BC11,"PALLIATIVE *") | BR11: =COUNTIF($D11:$BC11,"GERIATRIC")+COUNTIF($D11:$BC11,"GERIATRIC 2") | BS11: =COUNTIF($D11:$BC11,"GS")+COUNTIF($D11:$BC11,"GI")+COUNTIF($D11:$BC11,"GI *") | BT11: =COUNTIF($D11:$BC11,"HEM/ONC")+COUNTIF($D11:$BC11,"HEM/ONC *") | BU11: =COUNTIF($D11:$BC11,"PAIN MANAGEMENT")+COUNTIF($D11:$BC11,"PAIN MANAGEMENT *") | BV11: =COUNTIF($D11:$BC11,"RHEUMA")+COUNTIF($D11:$BC11,"RHEUMA *") | BW11: =COUNTIF($D11:$BC11,"ENDO")+COUNTIF($D11:$BC11,"ENDO *") | BX11: =COUNTIF($D11:$BC11,"PLASTIC")+COUNTIF($D11:$BC11,"PLASTIC *") | BY11: =COUNTIF($D11:$BC11,"PULM")+COUNTIF($D11:$BC11,"PULM *") | BZ11: =COUNTIF($D11:$BC11,"SICU")+COUNTIF($D11:$BC11,"SICU *") | CA11: =COUNTIF($D11:$BC11,"DERMATOLOGY")+COUNTIF($D11:$BC11,"DERMATOLOGY *") | CB11: =COUNTIF($D11:$BC11,"NEPHRO")+COUNTIF($D11:$BC11,"NEPHRO *") | CC11: =SUM(BQ11:CB11) | CD11: =BP11+CC11
A12: Cohort 2 | B12: PGY-1 | C12: J. Jhooty | D12: CLINIC * | E12: CLINIC * | F12: A | G12: A | H12: A | I12: A | J12: CLINIC * | K12: ICU E | L12: ICU E | M12: ID | N12: ID | O12: CLINIC * | P12: ICU | Q12: ICU | R12: ICU | S12: ICU | T12: CLINIC * | U12: VACATION | V12: VACATION | W12: VACATION | X12: CLINIC * | Y12: CLINIC * | Z12: SWING | AA12: SWING | AB12: SWING | AC12: SWING | AD12: CARDIO | AE12: CARDIO | AF12: CLINIC * | AG12: B | AH12: B | AI12: B | AJ12: CLINIC | AK12: CLINIC | AL12: ICU N | AM12: ICU N | AN12: D | AO12: D | AP12: CLINIC * | AQ12: NF | AR12: NF | AS12: NF | AT12: NF | AU12: CLINIC | AV12: CLINIC | AW12: VACATION | AX12: ED | AY12: ED | AZ12: CLINIC * | BA12: D | BB12: D | BC12: D | BD12: =COUNTIF($D12:$BC12,"CARDIO")+COUNTIF($D12:$BC12,"CARDIO E")+COUNTIF($D12:$BC12,"CARDIO E *")+COUNTIF($D12:$BC12,"CARDIO-HCA")+COUNTIF($D12:$BC12,"CARDIO-HCA *")+COUNTIF($D12:$BC12,"CARDIO-RAM")+COUNTIF($D12:$BC12,"CARDIO-RAM *") | BE12: =COUNTIF($D12:$BC12,"CLINIC")+COUNTIF($D12:$BC12,"CLINIC *")+COUNTIF($D12:$BC12,"URGENT CARE")+COUNTIF($D12:$BC12,"URGENT CARE *") | BF12: =COUNTIF($D12:$BC12,"ED") | BG12: =COUNTIF($D12:$BC12,"A")+COUNTIF($D12:$BC12,"B")+COUNTIF($D12:$BC12,"C")+COUNTIF($D12:$BC12,"D")+COUNTIF($D12:$BC12,"G") | BH12: =COUNTIF($D12:$BC12,"ICU") | BI12: =COUNTIF($D12:$BC12,"ICU E") | BJ12: =COUNTIF($D12:$BC12,"ICU N") | BK12: =COUNTIF($D12:$BC12,"ID")+COUNTIF($D12:$BC12,"ID *") | BL12: =COUNTIF($D12:$BC12,"NEURO")+COUNTIF($D12:$BC12,"NEURO *") | BM12: =COUNTIF($D12:$BC12,"NF") | BN12: =COUNTIF($D12:$BC12,"SWING") | BO12: =COUNTIF($D12:$BC12,"VACATION") | BP12: =SUM(BD12:BO12) | BQ12: =COUNTIF($D12:$BC12,"PALLIATIVE")+COUNTIF($D12:$BC12,"PALLIATIVE *") | BR12: =COUNTIF($D12:$BC12,"GERIATRIC")+COUNTIF($D12:$BC12,"GERIATRIC 2") | BS12: =COUNTIF($D12:$BC12,"GS")+COUNTIF($D12:$BC12,"GI")+COUNTIF($D12:$BC12,"GI *") | BT12: =COUNTIF($D12:$BC12,"HEM/ONC")+COUNTIF($D12:$BC12,"HEM/ONC *") | BU12: =COUNTIF($D12:$BC12,"PAIN MANAGEMENT")+COUNTIF($D12:$BC12,"PAIN MANAGEMENT *") | BV12: =COUNTIF($D12:$BC12,"RHEUMA")+COUNTIF($D12:$BC12,"RHEUMA *") | BW12: =COUNTIF($D12:$BC12,"ENDO")+COUNTIF($D12:$BC12,"ENDO *") | BX12: =COUNTIF($D12:$BC12,"PLASTIC")+COUNTIF($D12:$BC12,"PLASTIC *") | BY12: =COUNTIF($D12:$BC12,"PULM")+COUNTIF($D12:$BC12,"PULM *") | BZ12: =COUNTIF($D12:$BC12,"SICU")+COUNTIF($D12:$BC12,"SICU *") | CA12: =COUNTIF($D12:$BC12,"DERMATOLOGY")+COUNTIF($D12:$BC12,"DERMATOLOGY *") | CB12: =COUNTIF($D12:$BC12,"NEPHRO")+COUNTIF($D12:$BC12,"NEPHRO *") | CC12: =SUM(BQ12:CB12) | CD12: =BP12+CC12
C13: M. Artavia | D13: ICU N | E13: CLINIC * | F13: CLINIC * | G13: NF | H13: CARDIO-HCA | I13: CARDIO | J13: CLINIC * | K13: ICU N | L13: ICU N | M13: VACATION | N13: D | O13: CLINIC * | P13: D | Q13: D | R13: D | S13: D | T13: CLINIC * | U13: B | V13: B | W13: ICU E | X13: ICU E | Y13: CLINIC | Z13: CLINIC | AA13: B | AB13: B | AC13: D | AD13: D | AE13: D | AF13: CLINIC * | AG13: VACATION | AH13: VACATION | AI13: VACATION | AJ13: ICU N | AK13: CLINIC * | AL13: A | AM13: A | AN13: A | AO13: CLINIC | AP13: CLINIC | AQ13: B | AR13: B | AS13: B | AT13: CLINIC | AU13: CLINIC | AV13: ICU E | AW13: ICU E | AX13: ID | AY13: ID | AZ13: CLINIC * | BA13: ED | BB13: ED | BC13: C | BD13: =COUNTIF($D13:$BC13,"CARDIO")+COUNTIF($D13:$BC13,"CARDIO E")+COUNTIF($D13:$BC13,"CARDIO E *")+COUNTIF($D13:$BC13,"CARDIO-HCA")+COUNTIF($D13:$BC13,"CARDIO-HCA *")+COUNTIF($D13:$BC13,"CARDIO-RAM")+COUNTIF($D13:$BC13,"CARDIO-RAM *") | BE13: =COUNTIF($D13:$BC13,"CLINIC")+COUNTIF($D13:$BC13,"CLINIC *")+COUNTIF($D13:$BC13,"URGENT CARE")+COUNTIF($D13:$BC13,"URGENT CARE *") | BF13: =COUNTIF($D13:$BC13,"ED") | BG13: =COUNTIF($D13:$BC13,"A")+COUNTIF($D13:$BC13,"B")+COUNTIF($D13:$BC13,"C")+COUNTIF($D13:$BC13,"D")+COUNTIF($D13:$BC13,"G") | BH13: =COUNTIF($D13:$BC13,"ICU") | BI13: =COUNTIF($D13:$BC13,"ICU E") | BJ13: =COUNTIF($D13:$BC13,"ICU N") | BK13: =COUNTIF($D13:$BC13,"ID")+COUNTIF($D13:$BC13,"ID *") | BL13: =COUNTIF($D13:$BC13,"NEURO")+COUNTIF($D13:$BC13,"NEURO *") | BM13: =COUNTIF($D13:$BC13,"NF") | BN13: =COUNTIF($D13:$BC13,"SWING") | BO13: =COUNTIF($D13:$BC13,"VACATION") | BP13: =SUM(BD13:BO13) | BQ13: =COUNTIF($D13:$BC13,"PALLIATIVE")+COUNTIF($D13:$BC13,"PALLIATIVE *") | BR13: =COUNTIF($D13:$BC13,"GERIATRIC")+COUNTIF($D13:$BC13,"GERIATRIC 2") | BS13: =COUNTIF($D13:$BC13,"GS")+COUNTIF($D13:$BC13,"GI")+COUNTIF($D13:$BC13,"GI *") | BT13: =COUNTIF($D13:$BC13,"HEM/ONC")+COUNTIF($D13:$BC13,"HEM/ONC *") | BU13: =COUNTIF($D13:$BC13,"PAIN MANAGEMENT")+COUNTIF($D13:$BC13,"PAIN MANAGEMENT *") | BV13: =COUNTIF($D13:$BC13,"RHEUMA")+COUNTIF($D13:$BC13,"RHEUMA *") | BW13: =COUNTIF($D13:$BC13,"ENDO")+COUNTIF($D13:$BC13,"ENDO *") | BX13: =COUNTIF($D13:$BC13,"PLASTIC")+COUNTIF($D13:$BC13,"PLASTIC *") | BY13: =COUNTIF($D13:$BC13,"PULM")+COUNTIF($D13:$BC13,"PULM *") | BZ13: =COUNTIF($D13:$BC13,"SICU")+COUNTIF($D13:$BC13,"SICU *") | CA13: =COUNTIF($D13:$BC13,"DERMATOLOGY")+COUNTIF($D13:$BC13,"DERMATOLOGY *") | CB13: =COUNTIF($D13:$BC13,"NEPHRO")+COUNTIF($D13:$BC13,"NEPHRO *") | CC13: =SUM(BQ13:CB13) | CD13: =BP13+CC13
C14: M. Delgadillo | D14: VACATION | E14: CLINIC * | F14: D | G14: D | H14: D | I14: D | J14: CLINIC * | K14: ED | L14: ED | M14: ICU E | N14: ICU E | O14: CLINIC * | P14: B | Q14: B | R14: B | S14: B | T14: CLINIC * | U14: ICU N | V14: ICU N | W14: D | X14: D | Y14: CLINIC * | Z14: SWING | AA14: B | AB14: B | AC14: B | AD14: B | AE14: CLINIC * | AF14: CLINIC * | AG14: ICU | AH14: ICU | AI14: ICU | AJ14: CLINIC * | AK14: CLINIC * | AL14: CLINIC * | AM14: C | AN14: C | AO14: C | AP14: CLINIC | AQ14: CLINIC | AR14: CARDIO-HCA | AS14: CARDIO-HCA | AT14: ICU E | AU14: CLINIC * | AV14: NF | AW14: NF | AX14: ID | AY14: ID | AZ14: CLINIC * | BA14: VACATION | BB14: VACATION | BC14: VACATION | BD14: =COUNTIF($D14:$BC14,"CARDIO")+COUNTIF($D14:$BC14,"CARDIO E")+COUNTIF($D14:$BC14,"CARDIO E *")+COUNTIF($D14:$BC14,"CARDIO-HCA")+COUNTIF($D14:$BC14,"CARDIO-HCA *")+COUNTIF($D14:$BC14,"CARDIO-RAM")+COUNTIF($D14:$BC14,"CARDIO-RAM *") | BE14: =COUNTIF($D14:$BC14,"CLINIC")+COUNTIF($D14:$BC14,"CLINIC *")+COUNTIF($D14:$BC14,"URGENT CARE")+COUNTIF($D14:$BC14,"URGENT CARE *") | BF14: =COUNTIF($D14:$BC14,"ED") | BG14: =COUNTIF($D14:$BC14,"A")+COUNTIF($D14:$BC14,"B")+COUNTIF($D14:$BC14,"C")+COUNTIF($D14:$BC14,"D")+COUNTIF($D14:$BC14,"G") | BH14: =COUNTIF($D14:$BC14,"ICU") | BI14: =COUNTIF($D14:$BC14,"ICU E") | BJ14: =COUNTIF($D14:$BC14,"ICU N") | BK14: =COUNTIF($D14:$BC14,"ID")+COUNTIF($D14:$BC14,"ID *") | BL14: =COUNTIF($D14:$BC14,"NEURO")+COUNTIF($D14:$BC14,"NEURO *") | BM14: =COUNTIF($D14:$BC14,"NF") | BN14: =COUNTIF($D14:$BC14,"SWING") | BO14: =COUNTIF($D14:$BC14,"VACATION") | BP14: =SUM(BD14:BO14) | BQ14: =COUNTIF($D14:$BC14,"PALLIATIVE")+COUNTIF($D14:$BC14,"PALLIATIVE *") | BR14: =COUNTIF($D14:$BC14,"GERIATRIC")+COUNTIF($D14:$BC14,"GERIATRIC 2") | BS14: =COUNTIF($D14:$BC14,"GS")+COUNTIF($D14:$BC14,"GI")+COUNTIF($D14:$BC14,"GI *") | BT14: =COUNTIF($D14:$BC14,"HEM/ONC")+COUNTIF($D14:$BC14,"HEM/ONC *") | BU14: =COUNTIF($D14:$BC14,"PAIN MANAGEMENT")+COUNTIF($D14:$BC14,"PAIN MANAGEMENT *") | BV14: =COUNTIF($D14:$BC14,"RHEUMA")+COUNTIF($D14:$BC14,"RHEUMA *") | BW14: =COUNTIF($D14:$BC14,"ENDO")+COUNTIF($D14:$BC14,"ENDO *") | BX14: =COUNTIF($D14:$BC14,"PLASTIC")+COUNTIF($D14:$BC14,"PLASTIC *") | BY14: =COUNTIF($D14:$BC14,"PULM")+COUNTIF($D14:$BC14,"PULM *") | BZ14: =COUNTIF($D14:$BC14,"SICU")+COUNTIF($D14:$BC14,"SICU *") | CA14: =COUNTIF($D14:$BC14,"DERMATOLOGY")+COUNTIF($D14:$BC14,"DERMATOLOGY *") | CB14: =COUNTIF($D14:$BC14,"NEPHRO")+COUNTIF($D14:$BC14,"NEPHRO *") | CC14: =SUM(BQ14:CB14) | CD14: =BP14+CC14
C15: K. Gonzalez | D15: CLINIC * | E15: CLINIC * | F15: VACATION | G15: VACATION | H15: VACATION | I15: VACATION | J15: CLINIC | K15: CLINIC | L15: ED | M15: D | N15: D | O15: CLINIC * | P15: ED | Q15: ID | R15: ID | S15: CLINIC | T15: CLINIC | U15: D | V15: D | W15: NF | X15: NF | Y15: CLINIC * | Z15: C | AA15: C | AB15: C | AC15: ICU | AD15: ICU | AE15: ICU | AF15: CLINIC * | AG15: C | AH15: C | AI15: C | AJ15: C | AK15: CLINIC * | AL15: CARDIO | AM15: CARDIO | AN15: ICU N | AO15: ICU N | AP15: CLINIC | AQ15: CLINIC | AR15: D | AS15: D | AT15: D | AU15: CLINIC * | AV15: B | AW15: B | AX15: B | AY15: B | AZ15: CLINIC * | BA15: ICU N | BB15: ICU N | BC15: ICU N | BD15: =COUNTIF($D15:$BC15,"CARDIO")+COUNTIF($D15:$BC15,"CARDIO E")+COUNTIF($D15:$BC15,"CARDIO E *")+COUNTIF($D15:$BC15,"CARDIO-HCA")+COUNTIF($D15:$BC15,"CARDIO-HCA *")+COUNTIF($D15:$BC15,"CARDIO-RAM")+COUNTIF($D15:$BC15,"CARDIO-RAM *") | BE15: =COUNTIF($D15:$BC15,"CLINIC")+COUNTIF($D15:$BC15,"CLINIC *")+COUNTIF($D15:$BC15,"URGENT CARE")+COUNTIF($D15:$BC15,"URGENT CARE *") | BF15: =COUNTIF($D15:$BC15,"ED") | BG15: =COUNTIF($D15:$BC15,"A")+COUNTIF($D15:$BC15,"B")+COUNTIF($D15:$BC15,"C")+COUNTIF($D15:$BC15,"D")+COUNTIF($D15:$BC15,"G") | BH15: =COUNTIF($D15:$BC15,"ICU") | BI15: =COUNTIF($D15:$BC15,"ICU E") | BJ15: =COUNTIF($D15:$BC15,"ICU N") | BK15: =COUNTIF($D15:$BC15,"ID")+COUNTIF($D15:$BC15,"ID *") | BL15: =COUNTIF($D15:$BC15,"NEURO")+COUNTIF($D15:$BC15,"NEURO *") | BM15: =COUNTIF($D15:$BC15,"NF") | BN15: =COUNTIF($D15:$BC15,"SWING") | BO15: =COUNTIF($D15:$BC15,"VACATION") | BP15: =SUM(BD15:BO15) | BQ15: =COUNTIF($D15:$BC15,"PALLIATIVE")+COUNTIF($D15:$BC15,"PALLIATIVE *") | BR15: =COUNTIF($D15:$BC15,"GERIATRIC")+COUNTIF($D15:$BC15,"GERIATRIC 2") | BS15: =COUNTIF($D15:$BC15,"GS")+COUNTIF($D15:$BC15,"GI")+COUNTIF($D15:$BC15,"GI *") | BT15: =COUNTIF($D15:$BC15,"HEM/ONC")+COUNTIF($D15:$BC15,"HEM/ONC *") | BU15: =COUNTIF($D15:$BC15,"PAIN MANAGEMENT")+COUNTIF($D15:$BC15,"PAIN MANAGEMENT *") | BV15: =COUNTIF($D15:$BC15,"RHEUMA")+COUNTIF($D15:$BC15,"RHEUMA *") | BW15: =COUNTIF($D15:$BC15,"ENDO")+COUNTIF($D15:$BC15,"ENDO *") | BX15: =COUNTIF($D15:$BC15,"PLASTIC")+COUNTIF($D15:$BC15,"PLASTIC *") | BY15: =COUNTIF($D15:$BC15,"PULM")+COUNTIF($D15:$BC15,"PULM *") | BZ15: =COUNTIF($D15:$BC15,"SICU")+COUNTIF($D15:$BC15,"SICU *") | CA15: =COUNTIF($D15:$BC15,"DERMATOLOGY")+COUNTIF($D15:$BC15,"DERMATOLOGY *") | CB15: =COUNTIF($D15:$BC15,"NEPHRO")+COUNTIF($D15:$BC15,"NEPHRO *") | CC15: =SUM(BQ15:CB15) | CD15: =BP15+CC15
B16: PGY-2 | C16: C. Ayala | D16: C | E16: CLINIC * | F16: CARDIO-HCA | G16: CARDIO-HCA | H16: CARDIO-HCA | I16: CARDIO-HCA | J16: CLINIC * | K16: A | L16: A | M16: A | N16: A | O16: CLINIC * | P16: ICU E | Q16: ICU E | R16: ICU E | S16: NEURO | T16: CLINIC * | U16: A | V16: A | W16: NEURO | X16: CLINIC | Y16: CLINIC | Z16: CLINIC | AA16: CLINIC | AB16: NF | AC16: NF | AD16: NF | AE16: NF | AF16: CLINIC * | AG16: VACATION | AH16: VACATION | AI16: VACATION | AJ16: VACATION | AK16: CLINIC * | AL16: ID | AM16: ID | AN16: ED | AO16: ED | AP16: CLINIC * | AQ16: A | AR16: A | AS16: A | AT16: A | AU16: CLINIC * | AV16: ICU N | AW16: ICU N | AX16: ICU N | AY16: ICU N | AZ16: CLINIC * | BA16: CLINIC * | BB16: ICU | BC16: B | BD16: =COUNTIF($D16:$BC16,"CARDIO")+COUNTIF($D16:$BC16,"CARDIO E")+COUNTIF($D16:$BC16,"CARDIO E *")+COUNTIF($D16:$BC16,"CARDIO-HCA")+COUNTIF($D16:$BC16,"CARDIO-HCA *")+COUNTIF($D16:$BC16,"CARDIO-RAM")+COUNTIF($D16:$BC16,"CARDIO-RAM *") | BE16: =COUNTIF($D16:$BC16,"CLINIC")+COUNTIF($D16:$BC16,"CLINIC *")+COUNTIF($D16:$BC16,"URGENT CARE")+COUNTIF($D16:$BC16,"URGENT CARE *") | BF16: =COUNTIF($D16:$BC16,"ED") | BG16: =COUNTIF($D16:$BC16,"A")+COUNTIF($D16:$BC16,"B")+COUNTIF($D16:$BC16,"C")+COUNTIF($D16:$BC16,"D")+COUNTIF($D16:$BC16,"G") | BH16: =COUNTIF($D16:$BC16,"ICU") | BI16: =COUNTIF($D16:$BC16,"ICU E") | BJ16: =COUNTIF($D16:$BC16,"ICU N") | BK16: =COUNTIF($D16:$BC16,"ID")+COUNTIF($D16:$BC16,"ID *") | BL16: =COUNTIF($D16:$BC16,"NEURO")+COUNTIF($D16:$BC16,"NEURO *") | BM16: =COUNTIF($D16:$BC16,"NF") | BN16: =COUNTIF($D16:$BC16,"SWING") | BO16: =COUNTIF($D16:$BC16,"VACATION") | BP16: =SUM(BD16:BO16) | BQ16: =COUNTIF($D16:$BC16,"PALLIATIVE")+COUNTIF($D16:$BC16,"PALLIATIVE *") | BR16: =COUNTIF($D16:$BC16,"GERIATRIC")+COUNTIF($D16:$BC16,"GERIATRIC 2") | BS16: =COUNTIF($D16:$BC16,"GS")+COUNTIF($D16:$BC16,"GI")+COUNTIF($D16:$BC16,"GI *") | BT16: =COUNTIF($D16:$BC16,"HEM/ONC")+COUNTIF($D16:$BC16,"HEM/ONC *") | BU16: =COUNTIF($D16:$BC16,"PAIN MANAGEMENT")+COUNTIF($D16:$BC16,"PAIN MANAGEMENT *") | BV16: =COUNTIF($D16:$BC16,"RHEUMA")+COUNTIF($D16:$BC16,"RHEUMA *") | BW16: =COUNTIF($D16:$BC16,"ENDO")+COUNTIF($D16:$BC16,"ENDO *") | BX16: =COUNTIF($D16:$BC16,"PLASTIC")+COUNTIF($D16:$BC16,"PLASTIC *") | BY16: =COUNTIF($D16:$BC16,"PULM")+COUNTIF($D16:$BC16,"PULM *") | BZ16: =COUNTIF($D16:$BC16,"SICU")+COUNTIF($D16:$BC16,"SICU *") | CA16: =COUNTIF($D16:$BC16,"DERMATOLOGY")+COUNTIF($D16:$BC16,"DERMATOLOGY *") | CB16: =COUNTIF($D16:$BC16,"NEPHRO")+COUNTIF($D16:$BC16,"NEPHRO *") | CC16: =SUM(BQ16:CB16) | CD16: =BP16+CC16
C17: K. Vallejo | D17: VACATION | E17: CLINIC * | F17: CLINIC * | G17: ICU E | H17: ICU E | I17: ICU E | J17: CLINIC * | K17: ID | L17: ID | M17: G | N17: CLINIC | O17: CLINIC | P17: B | Q17: B | R17: B | S17: CLINIC | T17: CLINIC | U17: C | V17: C | W17: C | X17: C | Y17: CLINIC * | Z17: ICU N | AA17: D | AB17: D | AC17: D | AD17: NEURO | AE17: NEURO | AF17: CLINIC * | AG17: ICU | AH17: ICU | AI17: ICU | AJ17: ICU | AK17: CLINIC * | AL17: CARDIO-HCA | AM17: CARDIO-HCA | AN17: CARDIO-HCA | AO17: CARDIO-HCA | AP17: CLINIC * | AQ17: ED | AR17: ED | AS17: SWING | AT17: SWING | AU17: CLINIC * | AV17: B | AW17: B | AX17: B | AY17: CLINIC * | AZ17: CLINIC * | BA17: VACATION | BB17: VACATION | BC17: VACATION | BD17: =COUNTIF($D17:$BC17,"CARDIO")+COUNTIF($D17:$BC17,"CARDIO E")+COUNTIF($D17:$BC17,"CARDIO E *")+COUNTIF($D17:$BC17,"CARDIO-HCA")+COUNTIF($D17:$BC17,"CARDIO-HCA *")+COUNTIF($D17:$BC17,"CARDIO-RAM")+COUNTIF($D17:$BC17,"CARDIO-RAM *") | BE17: =COUNTIF($D17:$BC17,"CLINIC")+COUNTIF($D17:$BC17,"CLINIC *")+COUNTIF($D17:$BC17,"URGENT CARE")+COUNTIF($D17:$BC17,"URGENT CARE *") | BF17: =COUNTIF($D17:$BC17,"ED") | BG17: =COUNTIF($D17:$BC17,"A")+COUNTIF($D17:$BC17,"B")+COUNTIF($D17:$BC17,"C")+COUNTIF($D17:$BC17,"D")+COUNTIF($D17:$BC17,"G") | BH17: =COUNTIF($D17:$BC17,"ICU") | BI17: =COUNTIF($D17:$BC17,"ICU E") | BJ17: =COUNTIF($D17:$BC17,"ICU N") | BK17: =COUNTIF($D17:$BC17,"ID")+COUNTIF($D17:$BC17,"ID *") | BL17: =COUNTIF($D17:$BC17,"NEURO")+COUNTIF($D17:$BC17,"NEURO *") | BM17: =COUNTIF($D17:$BC17,"NF") | BN17: =COUNTIF($D17:$BC17,"SWING") | BO17: =COUNTIF($D17:$BC17,"VACATION") | BP17: =SUM(BD17:BO17) | BQ17: =COUNTIF($D17:$BC17,"PALLIATIVE")+COUNTIF($D17:$BC17,"PALLIATIVE *") | BR17: =COUNTIF($D17:$BC17,"GERIATRIC")+COUNTIF($D17:$BC17,"GERIATRIC 2") | BS17: =COUNTIF($D17:$BC17,"GS")+COUNTIF($D17:$BC17,"GI")+COUNTIF($D17:$BC17,"GI *") | BT17: =COUNTIF($D17:$BC17,"HEM/ONC")+COUNTIF($D17:$BC17,"HEM/ONC *") | BU17: =COUNTIF($D17:$BC17,"PAIN MANAGEMENT")+COUNTIF($D17:$BC17,"PAIN MANAGEMENT *") | BV17: =COUNTIF($D17:$BC17,"RHEUMA")+COUNTIF($D17:$BC17,"RHEUMA *") | BW17: =COUNTIF($D17:$BC17,"ENDO")+COUNTIF($D17:$BC17,"ENDO *") | BX17: =COUNTIF($D17:$BC17,"PLASTIC")+COUNTIF($D17:$BC17,"PLASTIC *") | BY17: =COUNTIF($D17:$BC17,"PULM")+COUNTIF($D17:$BC17,"PULM *") | BZ17: =COUNTIF($D17:$BC17,"SICU")+COUNTIF($D17:$BC17,"SICU *") | CA17: =COUNTIF($D17:$BC17,"DERMATOLOGY")+COUNTIF($D17:$BC17,"DERMATOLOGY *") | CB17: =COUNTIF($D17:$BC17,"NEPHRO")+COUNTIF($D17:$BC17,"NEPHRO *") | CC17: =SUM(BQ17:CB17) | CD17: =BP17+CC17
B18: PGY-3 | C18: A. Silva | D18: CLINIC * | E18: CLINIC * | F18: NF | G18: NF | H18: NF | I18: NF | J18: CLINIC | K18: CLINIC | L18: CLINIC | M18: CLINIC | N18: CLINIC | O18: CLINIC | P18: ICU E | Q18: ICU E | R18: ICU E | S18: CLINIC * | T18: CLINIC * | U18: VACATION | V18: VACATION | W18: VACATION | X18: CLINIC * | Y18: CLINIC * | Z18: CLINIC * | AA18: CLINIC * | AB18: VACATION | AC18: SWING | AD18: SWING | AE18: ICU E | AF18: CLINIC * | AG18: SWING | AH18: SWING | AI18: SWING | AJ18: SWING | AK18: CLINIC * | AL18: ICU N | AM18: ICU N | AN18: ICU N | AO18: ICU N | AP18: CLINIC | AQ18: CLINIC | AR18: CLINIC | AS18: CLINIC | AT18: CLINIC | AU18: CLINIC | AV18: C | AW18: C | AX18: C | AY18: C | AZ18: CLINIC * | BA18: CLINIC * | BB18: C | BC18: C | BD18: =COUNTIF($D18:$BC18,"CARDIO")+COUNTIF($D18:$BC18,"CARDIO E")+COUNTIF($D18:$BC18,"CARDIO E *")+COUNTIF($D18:$BC18,"CARDIO-HCA")+COUNTIF($D18:$BC18,"CARDIO-HCA *")+COUNTIF($D18:$BC18,"CARDIO-RAM")+COUNTIF($D18:$BC18,"CARDIO-RAM *") | BE18: =COUNTIF($D18:$BC18,"CLINIC")+COUNTIF($D18:$BC18,"CLINIC *")+COUNTIF($D18:$BC18,"URGENT CARE")+COUNTIF($D18:$BC18,"URGENT CARE *") | BF18: =COUNTIF($D18:$BC18,"ED") | BG18: =COUNTIF($D18:$BC18,"A")+COUNTIF($D18:$BC18,"B")+COUNTIF($D18:$BC18,"C")+COUNTIF($D18:$BC18,"D")+COUNTIF($D18:$BC18,"G") | BH18: =COUNTIF($D18:$BC18,"ICU") | BI18: =COUNTIF($D18:$BC18,"ICU E") | BJ18: =COUNTIF($D18:$BC18,"ICU N") | BK18: =COUNTIF($D18:$BC18,"ID")+COUNTIF($D18:$BC18,"ID *") | BL18: =COUNTIF($D18:$BC18,"NEURO")+COUNTIF($D18:$BC18,"NEURO *") | BM18: =COUNTIF($D18:$BC18,"NF") | BN18: =COUNTIF($D18:$BC18,"SWING") | BO18: =COUNTIF($D18:$BC18,"VACATION") | BP18: =SUM(BD18:BO18) | BQ18: =COUNTIF($D18:$BC18,"PALLIATIVE")+COUNTIF($D18:$BC18,"PALLIATIVE *") | BR18: =COUNTIF($D18:$BC18,"GERIATRIC")+COUNTIF($D18:$BC18,"GERIATRIC 2") | BS18: =COUNTIF($D18:$BC18,"GS")+COUNTIF($D18:$BC18,"GI")+COUNTIF($D18:$BC18,"GI *") | BT18: =COUNTIF($D18:$BC18,"HEM/ONC")+COUNTIF($D18:$BC18,"HEM/ONC *") | BU18: =COUNTIF($D18:$BC18,"PAIN MANAGEMENT")+COUNTIF($D18:$BC18,"PAIN MANAGEMENT *") | BV18: =COUNTIF($D18:$BC18,"RHEUMA")+COUNTIF($D18:$BC18,"RHEUMA *") | BW18: =COUNTIF($D18:$BC18,"ENDO")+COUNTIF($D18:$BC18,"ENDO *") | BX18: =COUNTIF($D18:$BC18,"PLASTIC")+COUNTIF($D18:$BC18,"PLASTIC *") | BY18: =COUNTIF($D18:$BC18,"PULM")+COUNTIF($D18:$BC18,"PULM *") | BZ18: =COUNTIF($D18:$BC18,"SICU")+COUNTIF($D18:$BC18,"SICU *") | CA18: =COUNTIF($D18:$BC18,"DERMATOLOGY")+COUNTIF($D18:$BC18,"DERMATOLOGY *") | CB18: =COUNTIF($D18:$BC18,"NEPHRO")+COUNTIF($D18:$BC18,"NEPHRO *") | CC18: =SUM(BQ18:CB18) | CD18: =BP18+CC18
C19: F. Monefeldt | D19: CLINIC * | E19: CLINIC * | F19: B | G19: B | H19: B | I19: B | J19: CLINIC * | K19: G | L19: ICU | M19: CLINIC | N19: CLINIC | O19: CLINIC | P19: ICU N | Q19: ICU N | R19: ICU N | S19: CLINIC * | T19: CLINIC * | U19: G | V19: G | W19: G | X19: G | Y19: CLINIC * | Z19: SWING | AA19: SWING | AB19: SWING | AC19: SWING | AD19: SWING | AE19: ICU E | AF19: CLINIC * | AG19: G | AH19: G | AI19: CLINIC * | AJ19: CLINIC * | AK19: CLINIC * | AL19: CLINIC * | AM19: ICU E | AN19: CLINIC * | AO19: CLINIC * | AP19: CLINIC * | AQ19: VACATION | AR19: VACATION | AS19: VACATION | AT19: VACATION | AU19: CLINIC * | AV19: ICU E | AW19: ICU E | AX19: ICU E | AY19: ICU E | AZ19: CLINIC | BA19: CLINIC | BB19: CLINIC | BC19: CLINIC | BD19: =COUNTIF($D19:$BC19,"CARDIO")+COUNTIF($D19:$BC19,"CARDIO E")+COUNTIF($D19:$BC19,"CARDIO E *")+COUNTIF($D19:$BC19,"CARDIO-HCA")+COUNTIF($D19:$BC19,"CARDIO-HCA *")+COUNTIF($D19:$BC19,"CARDIO-RAM")+COUNTIF($D19:$BC19,"CARDIO-RAM *") | BE19: =COUNTIF($D19:$BC19,"CLINIC")+COUNTIF($D19:$BC19,"CLINIC *")+COUNTIF($D19:$BC19,"URGENT CARE")+COUNTIF($D19:$BC19,"URGENT CARE *") | BF19: =COUNTIF($D19:$BC19,"ED") | BG19: =COUNTIF($D19:$BC19,"A")+COUNTIF($D19:$BC19,"B")+COUNTIF($D19:$BC19,"C")+COUNTIF($D19:$BC19,"D")+COUNTIF($D19:$BC19,"G") | BH19: =COUNTIF($D19:$BC19,"ICU") | BI19: =COUNTIF($D19:$BC19,"ICU E") | BJ19: =COUNTIF($D19:$BC19,"ICU N") | BK19: =COUNTIF($D19:$BC19,"ID")+COUNTIF($D19:$BC19,"ID *") | BL19: =COUNTIF($D19:$BC19,"NEURO")+COUNTIF($D19:$BC19,"NEURO *") | BM19: =COUNTIF($D19:$BC19,"NF") | BN19: =COUNTIF($D19:$BC19,"SWING") | BO19: =COUNTIF($D19:$BC19,"VACATION") | BP19: =SUM(BD19:BO19) | BQ19: =COUNTIF($D19:$BC19,"PALLIATIVE")+COUNTIF($D19:$BC19,"PALLIATIVE *") | BR19: =COUNTIF($D19:$BC19,"GERIATRIC")+COUNTIF($D19:$BC19,"GERIATRIC 2") | BS19: =COUNTIF($D19:$BC19,"GS")+COUNTIF($D19:$BC19,"GI")+COUNTIF($D19:$BC19,"GI *") | BT19: =COUNTIF($D19:$BC19,"HEM/ONC")+COUNTIF($D19:$BC19,"HEM/ONC *") | BU19: =COUNTIF($D19:$BC19,"PAIN MANAGEMENT")+COUNTIF($D19:$BC19,"PAIN MANAGEMENT *") | BV19: =COUNTIF($D19:$BC19,"RHEUMA")+COUNTIF($D19:$BC19,"RHEUMA *") | BW19: =COUNTIF($D19:$BC19,"ENDO")+COUNTIF($D19:$BC19,"ENDO *") | BX19: =COUNTIF($D19:$BC19,"PLASTIC")+COUNTIF($D19:$BC19,"PLASTIC *") | BY19: =COUNTIF($D19:$BC19,"PULM")+COUNTIF($D19:$BC19,"PULM *") | BZ19: =COUNTIF($D19:$BC19,"SICU")+COUNTIF($D19:$BC19,"SICU *") | CA19: =COUNTIF($D19:$BC19,"DERMATOLOGY")+COUNTIF($D19:$BC19,"DERMATOLOGY *") | CB19: =COUNTIF($D19:$BC19,"NEPHRO")+COUNTIF($D19:$BC19,"NEPHRO *") | CC19: =SUM(BQ19:CB19) | CD19: =BP19+CC19
A20: Cohort 3 | B20: PGY-1 | C20: M. Cruz | D20: C | E20: CLINIC | F20: CLINIC | G20: B | H20: B | I20: ICU N | J20: ICU N | K20: CLINIC * | L20: VACATION | M20: ICU | N20: ICU | O20: ICU | P20: CLINIC * | Q20: CARDIO-HCA | R20: CARDIO-HCA | S20: B | T20: B | U20: CLINIC * | V20: C | W20: C | X20: ID | Y20: ID | Z20: CLINIC | AA20: CLINIC | AB20: D | AC20: D | AD20: D | AE20: ED | AF20: ED | AG20: CLINIC * | AH20: ICU N | AI20: VACATION | AJ20: VACATION | AK20: VACATION | AL20: CLINIC * | AM20: ICU E | AN20: ICU E | AO20: C | AP20: C | AQ20: CLINIC * | AR20: A | AS20: A | AT20: A | AU20: CLINIC * | AV20: CLINIC * | AW20: C | AX20: C | AY20: C | AZ20: CLINIC * | BA20: CLINIC * | BB20: D | BC20: D | BD20: =COUNTIF($D20:$BC20,"CARDIO")+COUNTIF($D20:$BC20,"CARDIO E")+COUNTIF($D20:$BC20,"CARDIO E *")+COUNTIF($D20:$BC20,"CARDIO-HCA")+COUNTIF($D20:$BC20,"CARDIO-HCA *")+COUNTIF($D20:$BC20,"CARDIO-RAM")+COUNTIF($D20:$BC20,"CARDIO-RAM *") | BE20: =COUNTIF($D20:$BC20,"CLINIC")+COUNTIF($D20:$BC20,"CLINIC *")+COUNTIF($D20:$BC20,"URGENT CARE")+COUNTIF($D20:$BC20,"URGENT CARE *") | BF20: =COUNTIF($D20:$BC20,"ED") | BG20: =COUNTIF($D20:$BC20,"A")+COUNTIF($D20:$BC20,"B")+COUNTIF($D20:$BC20,"C")+COUNTIF($D20:$BC20,"D")+COUNTIF($D20:$BC20,"G") | BH20: =COUNTIF($D20:$BC20,"ICU") | BI20: =COUNTIF($D20:$BC20,"ICU E") | BJ20: =COUNTIF($D20:$BC20,"ICU N") | BK20: =COUNTIF($D20:$BC20,"ID")+COUNTIF($D20:$BC20,"ID *") | BL20: =COUNTIF($D20:$BC20,"NEURO")+COUNTIF($D20:$BC20,"NEURO *") | BM20: =COUNTIF($D20:$BC20,"NF") | BN20: =COUNTIF($D20:$BC20,"SWING") | BO20: =COUNTIF($D20:$BC20,"VACATION") | BP20: =SUM(BD20:BO20) | BQ20: =COUNTIF($D20:$BC20,"PALLIATIVE")+COUNTIF($D20:$BC20,"PALLIATIVE *") | BR20: =COUNTIF($D20:$BC20,"GERIATRIC")+COUNTIF($D20:$BC20,"GERIATRIC 2") | BS20: =COUNTIF($D20:$BC20,"GS")+COUNTIF($D20:$BC20,"GI")+COUNTIF($D20:$BC20,"GI *") | BT20: =COUNTIF($D20:$BC20,"HEM/ONC")+COUNTIF($D20:$BC20,"HEM/ONC *") | BU20: =COUNTIF($D20:$BC20,"PAIN MANAGEMENT")+COUNTIF($D20:$BC20,"PAIN MANAGEMENT *") | BV20: =COUNTIF($D20:$BC20,"RHEUMA")+COUNTIF($D20:$BC20,"RHEUMA *") | BW20: =COUNTIF($D20:$BC20,"ENDO")+COUNTIF($D20:$BC20,"ENDO *") | BX20: =COUNTIF($D20:$BC20,"PLASTIC")+COUNTIF($D20:$BC20,"PLASTIC *") | BY20: =COUNTIF($D20:$BC20,"PULM")+COUNTIF($D20:$BC20,"PULM *") | BZ20: =COUNTIF($D20:$BC20,"SICU")+COUNTIF($D20:$BC20,"SICU *") | CA20: =COUNTIF($D20:$BC20,"DERMATOLOGY")+COUNTIF($D20:$BC20,"DERMATOLOGY *") | CB20: =COUNTIF($D20:$BC20,"NEPHRO")+COUNTIF($D20:$BC20,"NEPHRO *") | CC20: =SUM(BQ20:CB20) | CD20: =BP20+CC20
C21: I. Estrada | D21: D | E21: D | F21: CLINIC * | G21: CLINIC * | H21: ID | I21: ID | J21: VACATION | K21: CLINIC * | L21: C | M21: ICU N | N21: ICU N | O21: ICU N | P21: CLINIC * | Q21: ED | R21: ED | S21: D | T21: D | U21: CLINIC * | V21: CARDIO-HCA | W21: CARDIO-HCA | X21: A | Y21: A | Z21: CLINIC * | AA21: CLINIC * | AB21: CLINIC * | AC21: B | AD21: B | AE21: B | AF21: B | AG21: CLINIC * | AH21: D | AI21: D | AJ21: D | AK21: ICU N | AL21: CLINIC * | AM21: D | AN21: D | AO21: D | AP21: ICU E | AQ21: CLINIC | AR21: CLINIC | AS21: VACATION | AT21: VACATION | AU21: VACATION | AV21: CLINIC * | AW21: ICU | AX21: ICU | AY21: ICU | AZ21: NF | BA21: CLINIC * | BB21: C | BC21: C | BD21: =COUNTIF($D21:$BC21,"CARDIO")+COUNTIF($D21:$BC21,"CARDIO E")+COUNTIF($D21:$BC21,"CARDIO E *")+COUNTIF($D21:$BC21,"CARDIO-HCA")+COUNTIF($D21:$BC21,"CARDIO-HCA *")+COUNTIF($D21:$BC21,"CARDIO-RAM")+COUNTIF($D21:$BC21,"CARDIO-RAM *") | BE21: =COUNTIF($D21:$BC21,"CLINIC")+COUNTIF($D21:$BC21,"CLINIC *")+COUNTIF($D21:$BC21,"URGENT CARE")+COUNTIF($D21:$BC21,"URGENT CARE *") | BF21: =COUNTIF($D21:$BC21,"ED") | BG21: =COUNTIF($D21:$BC21,"A")+COUNTIF($D21:$BC21,"B")+COUNTIF($D21:$BC21,"C")+COUNTIF($D21:$BC21,"D")+COUNTIF($D21:$BC21,"G") | BH21: =COUNTIF($D21:$BC21,"ICU") | BI21: =COUNTIF($D21:$BC21,"ICU E") | BJ21: =COUNTIF($D21:$BC21,"ICU N") | BK21: =COUNTIF($D21:$BC21,"ID")+COUNTIF($D21:$BC21,"ID *") | BL21: =COUNTIF($D21:$BC21,"NEURO")+COUNTIF($D21:$BC21,"NEURO *") | BM21: =COUNTIF($D21:$BC21,"NF") | BN21: =COUNTIF($D21:$BC21,"SWING") | BO21: =COUNTIF($D21:$BC21,"VACATION") | BP21: =SUM(BD21:BO21) | BQ21: =COUNTIF($D21:$BC21,"PALLIATIVE")+COUNTIF($D21:$BC21,"PALLIATIVE *") | BR21: =COUNTIF($D21:$BC21,"GERIATRIC")+COUNTIF($D21:$BC21,"GERIATRIC 2") | BS21: =COUNTIF($D21:$BC21,"GS")+COUNTIF($D21:$BC21,"GI")+COUNTIF($D21:$BC21,"GI *") | BT21: =COUNTIF($D21:$BC21,"HEM/ONC")+COUNTIF($D21:$BC21,"HEM/ONC *") | BU21: =COUNTIF($D21:$BC21,"PAIN MANAGEMENT")+COUNTIF($D21:$BC21,"PAIN MANAGEMENT *") | BV21: =COUNTIF($D21:$BC21,"RHEUMA")+COUNTIF($D21:$BC21,"RHEUMA *") | BW21: =COUNTIF($D21:$BC21,"ENDO")+COUNTIF($D21:$BC21,"ENDO *") | BX21: =COUNTIF($D21:$BC21,"PLASTIC")+COUNTIF($D21:$BC21,"PLASTIC *") | BY21: =COUNTIF($D21:$BC21,"PULM")+COUNTIF($D21:$BC21,"PULM *") | BZ21: =COUNTIF($D21:$BC21,"SICU")+COUNTIF($D21:$BC21,"SICU *") | CA21: =COUNTIF($D21:$BC21,"DERMATOLOGY")+COUNTIF($D21:$BC21,"DERMATOLOGY *") | CB21: =COUNTIF($D21:$BC21,"NEPHRO")+COUNTIF($D21:$BC21,"NEPHRO *") | CC21: =SUM(BQ21:CB21) | CD21: =BP21+CC21
B22: PGY-2 | C22: J. Cabrera | D22: D | E22: D | F22: CLINIC * | G22: ID | H22: ID | I22: NEURO | J22: NEURO | K22: CLINIC * | L22: C | M22: C | N22: C | O22: C | P22: CLINIC * | Q22: A | R22: A | S22: VACATION | T22: CLINIC * | U22: CLINIC * | V22: ICU N | W22: ICU N | X22: ICU N | Y22: ICU N | Z22: CLINIC * | AA22: D | AB22: D | AC22: D | AD22: D | AE22: D | AF22: D | AG22: CLINIC * | AH22: A | AI22: A | AJ22: ED | AK22: ED | AL22: CLINIC | AM22: CLINIC | AN22: CLINIC | AO22: CARDIO-HCA | AP22: CARDIO-HCA | AQ22: CLINIC * | AR22: ICU N | AS22: ICU N | AT22: ICU N | AU22: ICU N | AV22: CLINIC | AW22: CLINIC | AX22: VACATION | AY22: VACATION | AZ22: VACATION | BA22: CLINIC * | BB22: CARDIO | BC22: CARDIO | BD22: =COUNTIF($D22:$BC22,"CARDIO")+COUNTIF($D22:$BC22,"CARDIO E")+COUNTIF($D22:$BC22,"CARDIO E *")+COUNTIF($D22:$BC22,"CARDIO-HCA")+COUNTIF($D22:$BC22,"CARDIO-HCA *")+COUNTIF($D22:$BC22,"CARDIO-RAM")+COUNTIF($D22:$BC22,"CARDIO-RAM *") | BE22: =COUNTIF($D22:$BC22,"CLINIC")+COUNTIF($D22:$BC22,"CLINIC *")+COUNTIF($D22:$BC22,"URGENT CARE")+COUNTIF($D22:$BC22,"URGENT CARE *") | BF22: =COUNTIF($D22:$BC22,"ED") | BG22: =COUNTIF($D22:$BC22,"A")+COUNTIF($D22:$BC22,"B")+COUNTIF($D22:$BC22,"C")+COUNTIF($D22:$BC22,"D")+COUNTIF($D22:$BC22,"G") | BH22: =COUNTIF($D22:$BC22,"ICU") | BI22: =COUNTIF($D22:$BC22,"ICU E") | BJ22: =COUNTIF($D22:$BC22,"ICU N") | BK22: =COUNTIF($D22:$BC22,"ID")+COUNTIF($D22:$BC22,"ID *") | BL22: =COUNTIF($D22:$BC22,"NEURO")+COUNTIF($D22:$BC22,"NEURO *") | BM22: =COUNTIF($D22:$BC22,"NF") | BN22: =COUNTIF($D22:$BC22,"SWING") | BO22: =COUNTIF($D22:$BC22,"VACATION") | BP22: =SUM(BD22:BO22) | BQ22: =COUNTIF($D22:$BC22,"PALLIATIVE")+COUNTIF($D22:$BC22,"PALLIATIVE *") | BR22: =COUNTIF($D22:$BC22,"GERIATRIC")+COUNTIF($D22:$BC22,"GERIATRIC 2") | BS22: =COUNTIF($D22:$BC22,"GS")+COUNTIF($D22:$BC22,"GI")+COUNTIF($D22:$BC22,"GI *") | BT22: =COUNTIF($D22:$BC22,"HEM/ONC")+COUNTIF($D22:$BC22,"HEM/ONC *") | BU22: =COUNTIF($D22:$BC22,"PAIN MANAGEMENT")+COUNTIF($D22:$BC22,"PAIN MANAGEMENT *") | BV22: =COUNTIF($D22:$BC22,"RHEUMA")+COUNTIF($D22:$BC22,"RHEUMA *") | BW22: =COUNTIF($D22:$BC22,"ENDO")+COUNTIF($D22:$BC22,"ENDO *") | BX22: =COUNTIF($D22:$BC22,"PLASTIC")+COUNTIF($D22:$BC22,"PLASTIC *") | BY22: =COUNTIF($D22:$BC22,"PULM")+COUNTIF($D22:$BC22,"PULM *") | BZ22: =COUNTIF($D22:$BC22,"SICU")+COUNTIF($D22:$BC22,"SICU *") | CA22: =COUNTIF($D22:$BC22,"DERMATOLOGY")+COUNTIF($D22:$BC22,"DERMATOLOGY *") | CB22: =COUNTIF($D22:$BC22,"NEPHRO")+COUNTIF($D22:$BC22,"NEPHRO *") | CC22: =SUM(BQ22:CB22) | CD22: =BP22+CC22
C23: J. Perez | D23: NEURO | E23: NEURO | F23: CLINIC * | G23: ICU N | H23: ICU N | I23: ICU N | J23: ICU N | K23: CLINIC * | L23: CLINIC * | M23: CLINIC * | N23: CLINIC * | O23: CLINIC * | P23: CLINIC * | Q23: ID | R23: ID | S23: ICU E | T23: ICU E | U23: CLINIC * | V23: NF | W23: NF | X23: NF | Y23: NF | Z23: CLINIC * | AA23: D | AB23: D | AC23: D | AD23: D | AE23: D | AF23: D | AG23: CLINIC * | AH23: B | AI23: B | AJ23: B | AK23: B | AL23: CLINIC * | AM23: C | AN23: C | AO23: ICU E | AP23: ICU E | AQ23: CLINIC * | AR23: VACATION | AS23: VACATION | AT23: VACATION | AU23: VACATION | AV23: CLINIC | AW23: CARDIO-HCA | AX23: CARDIO-HCA | AY23: CARDIO-HCA | AZ23: CARDIO-HCA | BA23: CLINIC * | BB23: ED | BC23: ED | BD23: =COUNTIF($D23:$BC23,"CARDIO")+COUNTIF($D23:$BC23,"CARDIO E")+COUNTIF($D23:$BC23,"CARDIO E *")+COUNTIF($D23:$BC23,"CARDIO-HCA")+COUNTIF($D23:$BC23,"CARDIO-HCA *")+COUNTIF($D23:$BC23,"CARDIO-RAM")+COUNTIF($D23:$BC23,"CARDIO-RAM *") | BE23: =COUNTIF($D23:$BC23,"CLINIC")+COUNTIF($D23:$BC23,"CLINIC *")+COUNTIF($D23:$BC23,"URGENT CARE")+COUNTIF($D23:$BC23,"URGENT CARE *") | BF23: =COUNTIF($D23:$BC23,"ED") | BG23: =COUNTIF($D23:$BC23,"A")+COUNTIF($D23:$BC23,"B")+COUNTIF($D23:$BC23,"C")+COUNTIF($D23:$BC23,"D")+COUNTIF($D23:$BC23,"G") | BH23: =COUNTIF($D23:$BC23,"ICU") | BI23: =COUNTIF($D23:$BC23,"ICU E") | BJ23: =COUNTIF($D23:$BC23,"ICU N") | BK23: =COUNTIF($D23:$BC23,"ID")+COUNTIF($D23:$BC23,"ID *") | BL23: =COUNTIF($D23:$BC23,"NEURO")+COUNTIF($D23:$BC23,"NEURO *") | BM23: =COUNTIF($D23:$BC23,"NF") | BN23: =COUNTIF($D23:$BC23,"SWING") | BO23: =COUNTIF($D23:$BC23,"VACATION") | BP23: =SUM(BD23:BO23) | BQ23: =COUNTIF($D23:$BC23,"PALLIATIVE")+COUNTIF($D23:$BC23,"PALLIATIVE *") | BR23: =COUNTIF($D23:$BC23,"GERIATRIC")+COUNTIF($D23:$BC23,"GERIATRIC 2") | BS23: =COUNTIF($D23:$BC23,"GS")+COUNTIF($D23:$BC23,"GI")+COUNTIF($D23:$BC23,"GI *") | BT23: =COUNTIF($D23:$BC23,"HEM/ONC")+COUNTIF($D23:$BC23,"HEM/ONC *") | BU23: =COUNTIF($D23:$BC23,"PAIN MANAGEMENT")+COUNTIF($D23:$BC23,"PAIN MANAGEMENT *") | BV23: =COUNTIF($D23:$BC23,"RHEUMA")+COUNTIF($D23:$BC23,"RHEUMA *") | BW23: =COUNTIF($D23:$BC23,"ENDO")+COUNTIF($D23:$BC23,"ENDO *") | BX23: =COUNTIF($D23:$BC23,"PLASTIC")+COUNTIF($D23:$BC23,"PLASTIC *") | BY23: =COUNTIF($D23:$BC23,"PULM")+COUNTIF($D23:$BC23,"PULM *") | BZ23: =COUNTIF($D23:$BC23,"SICU")+COUNTIF($D23:$BC23,"SICU *") | CA23: =COUNTIF($D23:$BC23,"DERMATOLOGY")+COUNTIF($D23:$BC23,"DERMATOLOGY *") | CB23: =COUNTIF($D23:$BC23,"NEPHRO")+COUNTIF($D23:$BC23,"NEPHRO *") | CC23: =SUM(BQ23:CB23) | CD23: =BP23+CC23
B24: PGY-3 | C24: C. Ndigamkong | D24: VACATION | E24: VACATION | F24: CLINIC * | G24: D | H24: D | I24: CLINIC * | J24: CLINIC * | K24: CLINIC * | L24: A | M24: A | N24: ICU E | O24: ICU E | P24: CLINIC * | Q24: CLINIC * | R24: CLINIC * | S24: A | T24: A | U24: CLINIC * | V24: D | W24: D | X24: D | Y24: D | Z24: CLINIC * | AA24: CLINIC * | AB24: CLINIC * | AC24: ICU | AD24: ICU | AE24: VACATION | AF24: VACATION | AG24: CLINIC * | AH24: ICU N | AI24: ICU N | AJ24: ICU N | AK24: CLINIC | AL24: CLINIC | AM24: CLINIC | AN24: ICU | AO24: ICU | AP24: ICU | AQ24: CLINIC * | AR24: CLINIC * | AS24: D | AT24: D | AU24: D | AV24: CLINIC * | AW24: CLINIC * | AX24: NF | AY24: NF | AZ24: NF | BA24: CLINIC * | BB24: NF | BC24: NF | BD24: =COUNTIF($D24:$BC24,"CARDIO")+COUNTIF($D24:$BC24,"CARDIO E")+COUNTIF($D24:$BC24,"CARDIO E *")+COUNTIF($D24:$BC24,"CARDIO-HCA")+COUNTIF($D24:$BC24,"CARDIO-HCA *")+COUNTIF($D24:$BC24,"CARDIO-RAM")+COUNTIF($D24:$BC24,"CARDIO-RAM *") | BE24: =COUNTIF($D24:$BC24,"CLINIC")+COUNTIF($D24:$BC24,"CLINIC *")+COUNTIF($D24:$BC24,"URGENT CARE")+COUNTIF($D24:$BC24,"URGENT CARE *") | BF24: =COUNTIF($D24:$BC24,"ED") | BG24: =COUNTIF($D24:$BC24,"A")+COUNTIF($D24:$BC24,"B")+COUNTIF($D24:$BC24,"C")+COUNTIF($D24:$BC24,"D")+COUNTIF($D24:$BC24,"G") | BH24: =COUNTIF($D24:$BC24,"ICU") | BI24: =COUNTIF($D24:$BC24,"ICU E") | BJ24: =COUNTIF($D24:$BC24,"ICU N") | BK24: 0 | BL24: =COUNTIF($D24:$BC24,"NEURO")+COUNTIF($D24:$BC24,"NEURO *") | BM24: =COUNTIF($D24:$BC24,"NF") | BN24: =COUNTIF($D24:$BC24,"SWING") | BO24: =COUNTIF($D24:$BC24,"VACATION") | BP24: =SUM(BD24:BO24) | BQ24: =COUNTIF($D24:$BC24,"PALLIATIVE")+COUNTIF($D24:$BC24,"PALLIATIVE *") | BR24: =COUNTIF($D24:$BC24,"GERIATRIC")+COUNTIF($D24:$BC24,"GERIATRIC 2") | BS24: =COUNTIF($D24:$BC24,"GS")+COUNTIF($D24:$BC24,"GI")+COUNTIF($D24:$BC24,"GI *") | BT24: =COUNTIF($D24:$BC24,"HEM/ONC")+COUNTIF($D24:$BC24,"HEM/ONC *") | BU24: =COUNTIF($D24:$BC24,"PAIN MANAGEMENT")+COUNTIF($D24:$BC24,"PAIN MANAGEMENT *") | BV24: =COUNTIF($D24:$BC24,"RHEUMA")+COUNTIF($D24:$BC24,"RHEUMA *") | BW24: =COUNTIF($D24:$BC24,"ENDO")+COUNTIF($D24:$BC24,"ENDO *") | BX24: =COUNTIF($D24:$BC24,"PLASTIC")+COUNTIF($D24:$BC24,"PLASTIC *") | BY24: =COUNTIF($D24:$BC24,"PULM")+COUNTIF($D24:$BC24,"PULM *") | BZ24: =COUNTIF($D24:$BC24,"SICU")+COUNTIF($D24:$BC24,"SICU *") | CA24: =COUNTIF($D24:$BC24,"DERMATOLOGY")+COUNTIF($D24:$BC24,"DERMATOLOGY *") | CB24: =COUNTIF($D24:$BC24,"NEPHRO")+COUNTIF($D24:$BC24,"NEPHRO *") | CC24: =SUM(BQ24:CB24) | CD24: =BP24+CC24
C25: C. Fontela | D25: NF | E25: NF | F25: CLINIC * | G25: SWING | H25: SWING | I25: SWING | J25: CLINIC | K25: CLINIC | L25: CLINIC | M25: ICU E | N25: ICU E | O25: ICU E | P25: CLINIC * | Q25: CLINIC * | R25: CLINIC * | S25: CLINIC * | T25: CLINIC * | U25: CLINIC * | V25: CLINIC * | W25: ICU E | X25: ICU E | Y25: ICU E | Z25: CLINIC * | AA25: SWING | AB25: SWING | AC25: SWING | AD25: SWING | AE25: SWING | AF25: SWING | AG25: CLINIC * | AH25: VACATION | AI25: VACATION | AJ25: CLINIC | AK25: CLINIC | AL25: CLINIC | AM25: A | AN25: A | AO25: ICU E | AP25: ICU E | AQ25: CLINIC * | AR25: CLINIC * | AS25: B | AT25: B | AU25: B | AV25: CLINIC * | AW25: CLINIC * | AX25: CLINIC * | AY25: CLINIC * | AZ25: CLINIC * | BA25: CLINIC * | BB25: VACATION | BC25: VACATION | BD25: =COUNTIF($D25:$BC25,"CARDIO")+COUNTIF($D25:$BC25,"CARDIO E")+COUNTIF($D25:$BC25,"CARDIO E *")+COUNTIF($D25:$BC25,"CARDIO-HCA")+COUNTIF($D25:$BC25,"CARDIO-HCA *")+COUNTIF($D25:$BC25,"CARDIO-RAM")+COUNTIF($D25:$BC25,"CARDIO-RAM *") | BE25: =COUNTIF($D25:$BC25,"CLINIC")+COUNTIF($D25:$BC25,"CLINIC *")+COUNTIF($D25:$BC25,"URGENT CARE")+COUNTIF($D25:$BC25,"URGENT CARE *") | BF25: =COUNTIF($D25:$BC25,"ED") | BG25: =COUNTIF($D25:$BC25,"A")+COUNTIF($D25:$BC25,"B")+COUNTIF($D25:$BC25,"C")+COUNTIF($D25:$BC25,"D")+COUNTIF($D25:$BC25,"G") | BH25: =COUNTIF($D25:$BC25,"ICU") | BI25: =COUNTIF($D25:$BC25,"ICU E") | BJ25: =COUNTIF($D25:$BC25,"ICU N") | BK25: =COUNTIF($D25:$BC25,"ID")+COUNTIF($D25:$BC25,"ID *") | BL25: =COUNTIF($D25:$BC25,"NEURO")+COUNTIF($D25:$BC25,"NEURO *") | BM25: =COUNTIF($D25:$BC25,"NF") | BN25: =COUNTIF($D25:$BC25,"SWING") | BO25: =COUNTIF($D25:$BC25,"VACATION") | BP25: =SUM(BD25:BO25) | BQ25: =COUNTIF($D25:$BC25,"PALLIATIVE")+COUNTIF($D25:$BC25,"PALLIATIVE *") | BR25: =COUNTIF($D25:$BC25,"GERIATRIC")+COUNTIF($D25:$BC25,"GERIATRIC 2") | BS25: =COUNTIF($D25:$BC25,"GS")+COUNTIF($D25:$BC25,"GI")+COUNTIF($D25:$BC25,"GI *") | BT25: =COUNTIF($D25:$BC25,"HEM/ONC")+COUNTIF($D25:$BC25,"HEM/ONC *") | BU25: =COUNTIF($D25:$BC25,"PAIN MANAGEMENT")+COUNTIF($D25:$BC25,"PAIN MANAGEMENT *") | BV25: =COUNTIF($D25:$BC25,"RHEUMA")+COUNTIF($D25:$BC25,"RHEUMA *") | BW25: =COUNTIF($D25:$BC25,"ENDO")+COUNTIF($D25:$BC25,"ENDO *") | BX25: =COUNTIF($D25:$BC25,"PLASTIC")+COUNTIF($D25:$BC25,"PLASTIC *") | BY25: =COUNTIF($D25:$BC25,"PULM")+COUNTIF($D25:$BC25,"PULM *") | BZ25: =COUNTIF($D25:$BC25,"SICU")+COUNTIF($D25:$BC25,"SICU *") | CA25: =COUNTIF($D25:$BC25,"DERMATOLOGY")+COUNTIF($D25:$BC25,"DERMATOLOGY *") | CB25: =COUNTIF($D25:$BC25,"NEPHRO")+COUNTIF($D25:$BC25,"NEPHRO *") | CC25: =SUM(BQ25:CB25) | CD25: =BP25+CC25
C26: M. Rodriguez | D26: VACATION | E26: VACATION | F26: CLINIC * | G26: CLINIC * | H26: CLINIC * | I26: NF | J26: NF | K26: CLINIC * | L26: CLINIC * | M26: NF | N26: NF | O26: NF | P26: CLINIC * | Q26: CLINIC * | R26: VACATION | S26: VACATION | T26: CLINIC * | U26: CLINIC * | V26: B | W26: B | X26: B | Y26: CLINIC | Z26: CLINIC | AA26: CLINIC | AB26: B | AC26: B | AD26: B | AE26: B | AF26: ICU E | AG26: CLINIC * | AH26: CLINIC * | AI26: CLINIC * | AJ26: CLINIC * | AK26: CLINIC * | AL26: CLINIC * | AM26: D | AN26: D | AO26: D | AP26: D | AQ26: CLINIC * | AR26: C | AS26: C | AT26: C | AU26: CLINIC * | AV26: CLINIC * | AW26: SWING | AX26: SWING | AY26: SWING | AZ26: ICU E | BA26: CLINIC * | BB26: NF | BC26: NF | BD26: =COUNTIF($D26:$BC26,"CARDIO")+COUNTIF($D26:$BC26,"CARDIO E")+COUNTIF($D26:$BC26,"CARDIO E *")+COUNTIF($D26:$BC26,"CARDIO-HCA")+COUNTIF($D26:$BC26,"CARDIO-HCA *")+COUNTIF($D26:$BC26,"CARDIO-RAM")+COUNTIF($D26:$BC26,"CARDIO-RAM *") | BE26: =COUNTIF($D26:$BC26,"CLINIC")+COUNTIF($D26:$BC26,"CLINIC *")+COUNTIF($D26:$BC26,"URGENT CARE")+COUNTIF($D26:$BC26,"URGENT CARE *") | BF26: =COUNTIF($D26:$BC26,"ED") | BG26: =COUNTIF($D26:$BC26,"A")+COUNTIF($D26:$BC26,"B")+COUNTIF($D26:$BC26,"C")+COUNTIF($D26:$BC26,"D")+COUNTIF($D26:$BC26,"G") | BH26: =COUNTIF($D26:$BC26,"ICU") | BI26: =COUNTIF($D26:$BC26,"ICU E") | BJ26: =COUNTIF($D26:$BC26,"ICU N") | BK26: =COUNTIF($D26:$BC26,"ID")+COUNTIF($D26:$BC26,"ID *") | BL26: =COUNTIF($D26:$BC26,"NEURO")+COUNTIF($D26:$BC26,"NEURO *") | BM26: =COUNTIF($D26:$BC26,"NF") | BN26: =COUNTIF($D26:$BC26,"SWING") | BO26: =COUNTIF($D26:$BC26,"VACATION") | BP26: =SUM(BD26:BO26) | BQ26: =COUNTIF($D26:$BC26,"PALLIATIVE")+COUNTIF($D26:$BC26,"PALLIATIVE *") | BR26: =COUNTIF($D26:$BC26,"GERIATRIC")+COUNTIF($D26:$BC26,"GERIATRIC 2") | BS26: =COUNTIF($D26:$BC26,"GS")+COUNTIF($D26:$BC26,"GI")+COUNTIF($D26:$BC26,"GI *") | BT26: =COUNTIF($D26:$BC26,"HEM/ONC")+COUNTIF($D26:$BC26,"HEM/ONC *") | BU26: =COUNTIF($D26:$BC26,"PAIN MANAGEMENT")+COUNTIF($D26:$BC26,"PAIN MANAGEMENT *") | BV26: =COUNTIF($D26:$BC26,"RHEUMA")+COUNTIF($D26:$BC26,"RHEUMA *") | BW26: =COUNTIF($D26:$BC26,"ENDO")+COUNTIF($D26:$BC26,"ENDO *") | BX26: =COUNTIF($D26:$BC26,"PLASTIC")+COUNTIF($D26:$BC26,"PLASTIC *") | BY26: =COUNTIF($D26:$BC26,"PULM")+COUNTIF($D26:$BC26,"PULM *") | BZ26: =COUNTIF($D26:$BC26,"SICU")+COUNTIF($D26:$BC26,"SICU *") | CA26: =COUNTIF($D26:$BC26,"DERMATOLOGY")+COUNTIF($D26:$BC26,"DERMATOLOGY *") | CB26: =COUNTIF($D26:$BC26,"NEPHRO")+COUNTIF($D26:$BC26,"NEPHRO *") | CC26: =SUM(BQ26:CB26) | CD26: =BP26+CC26
C27: G. Curbelo | D27: CLINIC * | E27: CLINIC * | F27: CLINIC * | G27: CLINIC * | H27: CLINIC * | I27: CLINIC * | J27: CLINIC * | K27: CLINIC * | L27: B | M27: B | N27: B | O27: B | P27: CLINIC * | Q27: CLINIC * | R27: CLINIC * | S27: CLINIC * | T27: CLINIC * | U27: CLINIC * | V27: CLINIC * | W27: CLINIC * | X27: CLINIC * | Y27: CLINIC * | Z27: CLINIC * | AA27: ICU N | AB27: SWING | AC27: SWING | AD27: SWING | AE27: SWING | AF27: CLINIC * | AG27: CLINIC * | AH27: C | AI27: C | AJ27: C | AK27: VACATION | AL27: CLINIC | AM27: CLINIC | AN27: SWING | AO27: SWING | AP27: SWING | AQ27: CLINIC * | AR27: CLINIC * | AS27: VACATION | AT27: VACATION | AU27: VACATION | AV27: CLINIC * | AW27: C | AX27: C | AY27: C | AZ27: C | BA27: CLINIC * | BB27: CLINIC * | BC27: CLINIC * | BD27: =COUNTIF($D27:$BC27,"CARDIO")+COUNTIF($D27:$BC27,"CARDIO E")+COUNTIF($D27:$BC27,"CARDIO E *")+COUNTIF($D27:$BC27,"CARDIO-HCA")+COUNTIF($D27:$BC27,"CARDIO-HCA *")+COUNTIF($D27:$BC27,"CARDIO-RAM")+COUNTIF($D27:$BC27,"CARDIO-RAM *") | BE27: =COUNTIF($D27:$BC27,"CLINIC")+COUNTIF($D27:$BC27,"CLINIC *")+COUNTIF($D27:$BC27,"URGENT CARE")+COUNTIF($D27:$BC27,"URGENT CARE *") | BF27: =COUNTIF($D27:$BC27,"ED") | BG27: =COUNTIF($D27:$BC27,"A")+COUNTIF($D27:$BC27,"B")+COUNTIF($D27:$BC27,"C")+COUNTIF($D27:$BC27,"D")+COUNTIF($D27:$BC27,"G") | BH27: =COUNTIF($D27:$BC27,"ICU") | BI27: =COUNTIF($D27:$BC27,"ICU E") | BJ27: =COUNTIF($D27:$BC27,"ICU N") | BK27: =COUNTIF($D27:$BC27,"ID")+COUNTIF($D27:$BC27,"ID *") | BL27: =COUNTIF($D27:$BC27,"NEURO")+COUNTIF($D27:$BC27,"NEURO *") | BM27: =COUNTIF($D27:$BC27,"NF") | BN27: =COUNTIF($D27:$BC27,"SWING") | BO27: =COUNTIF($D27:$BC27,"VACATION") | BP27: =SUM(BD27:BO27) | BQ27: =COUNTIF($D27:$BC27,"PALLIATIVE")+COUNTIF($D27:$BC27,"PALLIATIVE *") | BR27: =COUNTIF($D27:$BC27,"GERIATRIC")+COUNTIF($D27:$BC27,"GERIATRIC 2") | BS27: =COUNTIF($D27:$BC27,"GS")+COUNTIF($D27:$BC27,"GI")+COUNTIF($D27:$BC27,"GI *") | BT27: =COUNTIF($D27:$BC27,"HEM/ONC")+COUNTIF($D27:$BC27,"HEM/ONC *") | BU27: =COUNTIF($D27:$BC27,"PAIN MANAGEMENT")+COUNTIF($D27:$BC27,"PAIN MANAGEMENT *") | BV27: =COUNTIF($D27:$BC27,"RHEUMA")+COUNTIF($D27:$BC27,"RHEUMA *") | BW27: =COUNTIF($D27:$BC27,"ENDO")+COUNTIF($D27:$BC27,"ENDO *") | BX27: =COUNTIF($D27:$BC27,"PLASTIC")+COUNTIF($D27:$BC27,"PLASTIC *") | BY27: =COUNTIF($D27:$BC27,"PULM")+COUNTIF($D27:$BC27,"PULM *") | BZ27: =COUNTIF($D27:$BC27,"SICU")+COUNTIF($D27:$BC27,"SICU *") | CA27: =COUNTIF($D27:$BC27,"DERMATOLOGY")+COUNTIF($D27:$BC27,"DERMATOLOGY *") | CB27: =COUNTIF($D27:$BC27,"NEPHRO")+COUNTIF($D27:$BC27,"NEPHRO *") | CC27: =SUM(BQ27:CB27) | CD27: =BP27+CC27
C28: J. Diaz | D28: ICU E | E28: ICU E | F28: CLINIC | G28: CLINIC | H28: CLINIC | I28: CLINIC | J28: CLINIC | K28: CLINIC | L28: CLINIC | M28: A | N28: A | O28: A | P28: CLINIC | Q28: CLINIC | R28: VACATION | S28: VACATION | T28: VACATION | U28: CLINIC * | V28: CLINIC * | W28: SWING | X28: SWING | Y28: SWING | Z28: CLINIC * | AA28: G | AB28: G | AC28: G | AD28: G | AE28: G | AF28: G | AG28: CLINIC * | AH28: VACATION | AI28: A | AJ28: A | AK28: A | AL28: CLINIC | AM28: CLINIC | AN28: CLINIC | AO28: CLINIC | AP28: CLINIC | AQ28: CLINIC | AR28: NF | AS28: NF | AT28: NF | AU28: NF | AV28: CLINIC | AW28: CLINIC | AX28: CLINIC | AY28: CLINIC | AZ28: CLINIC | BA28: CLINIC | BB28: CLINIC | BC28: CLINIC | BD28: =COUNTIF($D28:$BC28,"CARDIO")+COUNTIF($D28:$BC28,"CARDIO E")+COUNTIF($D28:$BC28,"CARDIO E *")+COUNTIF($D28:$BC28,"CARDIO-HCA")+COUNTIF($D28:$BC28,"CARDIO-HCA *")+COUNTIF($D28:$BC28,"CARDIO-RAM")+COUNTIF($D28:$BC28,"CARDIO-RAM *") | BE28: =COUNTIF($D28:$BC28,"CLINIC")+COUNTIF($D28:$BC28,"CLINIC *")+COUNTIF($D28:$BC28,"URGENT CARE")+COUNTIF($D28:$BC28,"URGENT CARE *") | BF28: =COUNTIF($D28:$BC28,"ED") | BG28: =COUNTIF($D28:$BC28,"A")+COUNTIF($D28:$BC28,"B")+COUNTIF($D28:$BC28,"C")+COUNTIF($D28:$BC28,"D")+COUNTIF($D28:$BC28,"G") | BH28: =COUNTIF($D28:$BC28,"ICU") | BI28: =COUNTIF($D28:$BC28,"ICU E") | BJ28: =COUNTIF($D28:$BC28,"ICU N") | BK28: =COUNTIF($D28:$BC28,"ID")+COUNTIF($D28:$BC28,"ID *") | BL28: =COUNTIF($D28:$BC28,"NEURO")+COUNTIF($D28:$BC28,"NEURO *") | BM28: =COUNTIF($D28:$BC28,"NF") | BN28: =COUNTIF($D28:$BC28,"SWING") | BO28: =COUNTIF($D28:$BC28,"VACATION") | BP28: =SUM(BD28:BO28) | BQ28: =COUNTIF($D28:$BC28,"PALLIATIVE")+COUNTIF($D28:$BC28,"PALLIATIVE *") | BR28: =COUNTIF($D28:$BC28,"GERIATRIC")+COUNTIF($D28:$BC28,"GERIATRIC 2") | BS28: =COUNTIF($D28:$BC28,"GS")+COUNTIF($D28:$BC28,"GI")+COUNTIF($D28:$BC28,"GI *") | BT28: =COUNTIF($D28:$BC28,"HEM/ONC")+COUNTIF($D28:$BC28,"HEM/ONC *") | BU28: =COUNTIF($D28:$BC28,"PAIN MANAGEMENT")+COUNTIF($D28:$BC28,"PAIN MANAGEMENT *") | BV28: =COUNTIF($D28:$BC28,"RHEUMA")+COUNTIF($D28:$BC28,"RHEUMA *") | BW28: =COUNTIF($D28:$BC28,"ENDO")+COUNTIF($D28:$BC28,"ENDO *") | BX28: =COUNTIF($D28:$BC28,"PLASTIC")+COUNTIF($D28:$BC28,"PLASTIC *") | BY28: =COUNTIF($D28:$BC28,"PULM")+COUNTIF($D28:$BC28,"PULM *") | BZ28: =COUNTIF($D28:$BC28,"SICU")+COUNTIF($D28:$BC28,"SICU *") | CA28: =COUNTIF($D28:$BC28,"DERMATOLOGY")+COUNTIF($D28:$BC28,"DERMATOLOGY *") | CB28: =COUNTIF($D28:$BC28,"NEPHRO")+COUNTIF($D28:$BC28,"NEPHRO *") | CC28: =SUM(BQ28:CB28) | CD28: =BP28+CC28
A29: Cohort 4 | B29: PGY-1 | C29: M. Rivas | D29: ICU | E29: ICU | F29: ICU | G29: CLINIC * | H29: ID | I29: ID | J29: CARDIO-HCA | K29: CARDIO-HCA | L29: CLINIC * | M29: CLINIC * | N29: CLINIC * | O29: CLINIC * | P29: CLINIC * | Q29: CLINIC * | R29: VACATION | S29: VACATION | T29: VACATION | U29: VACATION | V29: CLINIC * | W29: C | X29: C | Y29: ICU E | Z29: CLINIC | AA29: CLINIC | AB29: D | AC29: D | AD29: D | AE29: D | AF29: D | AG29: D | AH29: CLINIC * | AI29: C | AJ29: C | AK29: C | AL29: C | AM29: CLINIC * | AN29: ICU E | AO29: ICU E | AP29: D | AQ29: D | AR29: CLINIC * | AS29: C | AT29: C | AU29: C | AV29: ED | AW29: CLINIC | AX29: ICU | AY29: ICU | AZ29: ED | BA29: NF | BB29: NF | BC29: NF | BD29: =COUNTIF($D29:$BC29,"CARDIO")+COUNTIF($D29:$BC29,"CARDIO E")+COUNTIF($D29:$BC29,"CARDIO E *")+COUNTIF($D29:$BC29,"CARDIO-HCA")+COUNTIF($D29:$BC29,"CARDIO-HCA *")+COUNTIF($D29:$BC29,"CARDIO-RAM")+COUNTIF($D29:$BC29,"CARDIO-RAM *") | BE29: =COUNTIF($D29:$BC29,"CLINIC")+COUNTIF($D29:$BC29,"CLINIC *")+COUNTIF($D29:$BC29,"URGENT CARE")+COUNTIF($D29:$BC29,"URGENT CARE *") | BF29: =COUNTIF($D29:$BC29,"ED") | BG29: =COUNTIF($D29:$BC29,"A")+COUNTIF($D29:$BC29,"B")+COUNTIF($D29:$BC29,"C")+COUNTIF($D29:$BC29,"D")+COUNTIF($D29:$BC29,"G") | BH29: =COUNTIF($D29:$BC29,"ICU") | BI29: =COUNTIF($D29:$BC29,"ICU E") | BJ29: =COUNTIF($D29:$BC29,"ICU N") | BK29: =COUNTIF($D29:$BC29,"ID")+COUNTIF($D29:$BC29,"ID *") | BL29: =COUNTIF($D29:$BC29,"NEURO")+COUNTIF($D29:$BC29,"NEURO *") | BM29: =COUNTIF($D29:$BC29,"NF") | BN29: =COUNTIF($D29:$BC29,"SWING") | BO29: =COUNTIF($D29:$BC29,"VACATION") | BP29: =SUM(BD29:BO29) | BQ29: =COUNTIF($D29:$BC29,"PALLIATIVE")+COUNTIF($D29:$BC29,"PALLIATIVE *") | BR29: =COUNTIF($D29:$BC29,"GERIATRIC")+COUNTIF($D29:$BC29,"GERIATRIC 2") | BS29: =COUNTIF($D29:$BC29,"GS")+COUNTIF($D29:$BC29,"GI")+COUNTIF($D29:$BC29,"GI *") | BT29: =COUNTIF($D29:$BC29,"HEM/ONC")+COUNTIF($D29:$BC29,"HEM/ONC *") | BU29: =COUNTIF($D29:$BC29,"PAIN MANAGEMENT")+COUNTIF($D29:$BC29,"PAIN MANAGEMENT *") | BV29: =COUNTIF($D29:$BC29,"RHEUMA")+COUNTIF($D29:$BC29,"RHEUMA *") | BW29: =COUNTIF($D29:$BC29,"ENDO")+COUNTIF($D29:$BC29,"ENDO *") | BX29: =COUNTIF($D29:$BC29,"PLASTIC")+COUNTIF($D29:$BC29,"PLASTIC *") | BY29: =COUNTIF($D29:$BC29,"PULM")+COUNTIF($D29:$BC29,"PULM *") | BZ29: =COUNTIF($D29:$BC29,"SICU")+COUNTIF($D29:$BC29,"SICU *") | CA29: =COUNTIF($D29:$BC29,"DERMATOLOGY")+COUNTIF($D29:$BC29,"DERMATOLOGY *") | CB29: =COUNTIF($D29:$BC29,"NEPHRO")+COUNTIF($D29:$BC29,"NEPHRO *") | CC29: =SUM(BQ29:CB29) | CD29: =BP29+CC29
C30: R. Bernal | D30: B | E30: B | F30: B | G30: CLINIC * | H30: NF | I30: NF | J30: A | K30: A | L30: CLINIC * | M30: ED | N30: ED | O30: D | P30: D | Q30: CLINIC * | R30: ICU N | S30: ICU N | T30: ICU N | U30: ICU N | V30: CLINIC * | W30: B | X30: B | Y30: B | Z30: B | AA30: CLINIC * | AB30: ICU E | AC30: ICU E | AD30: CARDIO-HCA | AE30: CARDIO-HCA | AF30: NF | AG30: NF | AH30: CLINIC * | AI30: VACATION | AJ30: VACATION | AK30: VACATION | AL30: VACATION | AM30: CLINIC * | AN30: A | AO30: A | AP30: A | AQ30: A | AR30: CLINIC * | AS30: CLINIC * | AT30: CLINIC * | AU30: CLINIC * | AV30: CLINIC * | AW30: CLINIC * | AX30: CLINIC * | AY30: A | AZ30: ID | BA30: ID | BB30: ICU E | BC30: ICU E | BD30: =COUNTIF($D30:$BC30,"CARDIO")+COUNTIF($D30:$BC30,"CARDIO E")+COUNTIF($D30:$BC30,"CARDIO E *")+COUNTIF($D30:$BC30,"CARDIO-HCA")+COUNTIF($D30:$BC30,"CARDIO-HCA *")+COUNTIF($D30:$BC30,"CARDIO-RAM")+COUNTIF($D30:$BC30,"CARDIO-RAM *") | BE30: =COUNTIF($D30:$BC30,"CLINIC")+COUNTIF($D30:$BC30,"CLINIC *")+COUNTIF($D30:$BC30,"URGENT CARE")+COUNTIF($D30:$BC30,"URGENT CARE *") | BF30: =COUNTIF($D30:$BC30,"ED") | BG30: =COUNTIF($D30:$BC30,"A")+COUNTIF($D30:$BC30,"B")+COUNTIF($D30:$BC30,"C")+COUNTIF($D30:$BC30,"D")+COUNTIF($D30:$BC30,"G") | BH30: =COUNTIF($D30:$BC30,"ICU") | BI30: =COUNTIF($D30:$BC30,"ICU E") | BJ30: =COUNTIF($D30:$BC30,"ICU N") | BK30: =COUNTIF($D30:$BC30,"ID")+COUNTIF($D30:$BC30,"ID *") | BL30: =COUNTIF($D30:$BC30,"NEURO")+COUNTIF($D30:$BC30,"NEURO *") | BM30: =COUNTIF($D30:$BC30,"NF") | BN30: =COUNTIF($D30:$BC30,"SWING") | BO30: =COUNTIF($D30:$BC30,"VACATION") | BP30: =SUM(BD30:BO30) | BQ30: =COUNTIF($D30:$BC30,"PALLIATIVE")+COUNTIF($D30:$BC30,"PALLIATIVE *") | BR30: =COUNTIF($D30:$BC30,"GERIATRIC")+COUNTIF($D30:$BC30,"GERIATRIC 2") | BS30: =COUNTIF($D30:$BC30,"GS")+COUNTIF($D30:$BC30,"GI")+COUNTIF($D30:$BC30,"GI *") | BT30: =COUNTIF($D30:$BC30,"HEM/ONC")+COUNTIF($D30:$BC30,"HEM/ONC *") | BU30: =COUNTIF($D30:$BC30,"PAIN MANAGEMENT")+COUNTIF($D30:$BC30,"PAIN MANAGEMENT *") | BV30: =COUNTIF($D30:$BC30,"RHEUMA")+COUNTIF($D30:$BC30,"RHEUMA *") | BW30: =COUNTIF($D30:$BC30,"ENDO")+COUNTIF($D30:$BC30,"ENDO *") | BX30: =COUNTIF($D30:$BC30,"PLASTIC")+COUNTIF($D30:$BC30,"PLASTIC *") | BY30: =COUNTIF($D30:$BC30,"PULM")+COUNTIF($D30:$BC30,"PULM *") | BZ30: =COUNTIF($D30:$BC30,"SICU")+COUNTIF($D30:$BC30,"SICU *") | CA30: =COUNTIF($D30:$BC30,"DERMATOLOGY")+COUNTIF($D30:$BC30,"DERMATOLOGY *") | CB30: =COUNTIF($D30:$BC30,"NEPHRO")+COUNTIF($D30:$BC30,"NEPHRO *") | CC30: =SUM(BQ30:CB30) | CD30: =BP30+CC30
C31: A. Gonzalez | D31: C | E31: C | F31: C | G31: CLINIC * | H31: ICU | I31: ICU | J31: ICU | K31: ICU | L31: CLINIC | M31: CLINIC | N31: CLINIC | O31: CLINIC | P31: CLINIC | Q31: CLINIC | R31: D | S31: D | T31: D | U31: D | V31: CLINIC * | W31: ICU N | X31: ICU N | Y31: ED | Z31: ED | AA31: CLINIC * | AB31: NF | AC31: NF | AD31: ID | AE31: ID | AF31: CARDIO-HCA | AG31: CARDIO-HCA | AH31: CLINIC * | AI31: NF | AJ31: NF | AK31: NF | AL31: NF | AM31: CLINIC * | AN31: VACATION | AO31: VACATION | AP31: VACATION | AQ31: VACATION | AR31: CLINIC * | AS31: ICU E | AT31: A | AU31: A | AV31: A | AW31: CLINIC * | AX31: CLINIC * | AY31: B | AZ31: B | BA31: B | BB31: ICU E | BC31: SWING | BD31: =COUNTIF($D31:$BC31,"CARDIO")+COUNTIF($D31:$BC31,"CARDIO E")+COUNTIF($D31:$BC31,"CARDIO E *")+COUNTIF($D31:$BC31,"CARDIO-HCA")+COUNTIF($D31:$BC31,"CARDIO-HCA *")+COUNTIF($D31:$BC31,"CARDIO-RAM")+COUNTIF($D31:$BC31,"CARDIO-RAM *") | BE31: =COUNTIF($D31:$BC31,"CLINIC")+COUNTIF($D31:$BC31,"CLINIC *")+COUNTIF($D31:$BC31,"URGENT CARE")+COUNTIF($D31:$BC31,"URGENT CARE *") | BF31: =COUNTIF($D31:$BC31,"ED") | BG31: =COUNTIF($D31:$BC31,"A")+COUNTIF($D31:$BC31,"B")+COUNTIF($D31:$BC31,"C")+COUNTIF($D31:$BC31,"D")+COUNTIF($D31:$BC31,"G") | BH31: =COUNTIF($D31:$BC31,"ICU") | BI31: =COUNTIF($D31:$BC31,"ICU E") | BJ31: =COUNTIF($D31:$BC31,"ICU N") | BK31: =COUNTIF($D31:$BC31,"ID")+COUNTIF($D31:$BC31,"ID *") | BL31: =COUNTIF($D31:$BC31,"NEURO")+COUNTIF($D31:$BC31,"NEURO *") | BM31: =COUNTIF($D31:$BC31,"NF") | BN31: =COUNTIF($D31:$BC31,"SWING") | BO31: =COUNTIF($D31:$BC31,"VACATION") | BP31: =SUM(BD31:BO31) | BQ31: =COUNTIF($D31:$BC31,"PALLIATIVE")+COUNTIF($D31:$BC31,"PALLIATIVE *") | BR31: =COUNTIF($D31:$BC31,"GERIATRIC")+COUNTIF($D31:$BC31,"GERIATRIC 2") | BS31: =COUNTIF($D31:$BC31,"GS")+COUNTIF($D31:$BC31,"GI")+COUNTIF($D31:$BC31,"GI *") | BT31: =COUNTIF($D31:$BC31,"HEM/ONC")+COUNTIF($D31:$BC31,"HEM/ONC *") | BU31: =COUNTIF($D31:$BC31,"PAIN MANAGEMENT")+COUNTIF($D31:$BC31,"PAIN MANAGEMENT *") | BV31: =COUNTIF($D31:$BC31,"RHEUMA")+COUNTIF($D31:$BC31,"RHEUMA *") | BW31: =COUNTIF($D31:$BC31,"ENDO")+COUNTIF($D31:$BC31,"ENDO *") | BX31: =COUNTIF($D31:$BC31,"PLASTIC")+COUNTIF($D31:$BC31,"PLASTIC *") | BY31: =COUNTIF($D31:$BC31,"PULM")+COUNTIF($D31:$BC31,"PULM *") | BZ31: =COUNTIF($D31:$BC31,"SICU")+COUNTIF($D31:$BC31,"SICU *") | CA31: =COUNTIF($D31:$BC31,"DERMATOLOGY")+COUNTIF($D31:$BC31,"DERMATOLOGY *") | CB31: =COUNTIF($D31:$BC31,"NEPHRO")+COUNTIF($D31:$BC31,"NEPHRO *") | CC31: =SUM(BQ31:CB31) | CD31: =BP31+CC31
C32: N. Monroig | D32: D | E32: D | F32: CLINIC | G32: CLINIC | H32: ICU E | I32: ICU E | J32: ID | K32: ID | L32: CLINIC * | M32: CLINIC * | N32: B | O32: ED | P32: ED | Q32: CLINIC * | R32: CLINIC * | S32: CLINIC * | T32: A | U32: A | V32: CLINIC * | W32: A | X32: A | Y32: CARDIO-HCA | Z32: CARDIO-HCA | AA32: CLINIC * | AB32: VACATION | AC32: VACATION | AD32: NF | AE32: ICU N | AF32: ICU N | AG32: ICU N | AH32: CLINIC * | AI32: B | AJ32: B | AK32: B | AL32: B | AM32: CLINIC * | AN32: VACATION | AO32: VACATION | AP32: B | AQ32: B | AR32: CLINIC | AS32: CLINIC | AT32: ICU E | AU32: ICU E | AV32: ICU E | AW32: CLINIC * | AX32: C | AY32: C | AZ32: C | BA32: C | BB32: B | BC32: B | BD32: =COUNTIF($D32:$BC32,"CARDIO")+COUNTIF($D32:$BC32,"CARDIO E")+COUNTIF($D32:$BC32,"CARDIO E *")+COUNTIF($D32:$BC32,"CARDIO-HCA")+COUNTIF($D32:$BC32,"CARDIO-HCA *")+COUNTIF($D32:$BC32,"CARDIO-RAM")+COUNTIF($D32:$BC32,"CARDIO-RAM *") | BE32: =COUNTIF($D32:$BC32,"CLINIC")+COUNTIF($D32:$BC32,"CLINIC *")+COUNTIF($D32:$BC32,"URGENT CARE")+COUNTIF($D32:$BC32,"URGENT CARE *") | BF32: =COUNTIF($D32:$BC32,"ED") | BG32: =COUNTIF($D32:$BC32,"A")+COUNTIF($D32:$BC32,"B")+COUNTIF($D32:$BC32,"C")+COUNTIF($D32:$BC32,"D")+COUNTIF($D32:$BC32,"G") | BH32: =COUNTIF($D32:$BC32,"ICU") | BI32: =COUNTIF($D32:$BC32,"ICU E") | BJ32: =COUNTIF($D32:$BC32,"ICU N") | BK32: =COUNTIF($D32:$BC32,"ID")+COUNTIF($D32:$BC32,"ID *") | BL32: =COUNTIF($D32:$BC32,"NEURO")+COUNTIF($D32:$BC32,"NEURO *") | BM32: =COUNTIF($D32:$BC32,"NF") | BN32: =COUNTIF($D32:$BC32,"SWING") | BO32: =COUNTIF($D32:$BC32,"VACATION") | BP32: =SUM(BD32:BO32) | BQ32: =COUNTIF($D32:$BC32,"PALLIATIVE")+COUNTIF($D32:$BC32,"PALLIATIVE *") | BR32: =COUNTIF($D32:$BC32,"GERIATRIC")+COUNTIF($D32:$BC32,"GERIATRIC 2") | BS32: =COUNTIF($D32:$BC32,"GS")+COUNTIF($D32:$BC32,"GI")+COUNTIF($D32:$BC32,"GI *") | BT32: =COUNTIF($D32:$BC32,"HEM/ONC")+COUNTIF($D32:$BC32,"HEM/ONC *") | BU32: =COUNTIF($D32:$BC32,"PAIN MANAGEMENT")+COUNTIF($D32:$BC32,"PAIN MANAGEMENT *") | BV32: =COUNTIF($D32:$BC32,"RHEUMA")+COUNTIF($D32:$BC32,"RHEUMA *") | BW32: =COUNTIF($D32:$BC32,"ENDO")+COUNTIF($D32:$BC32,"ENDO *") | BX32: =COUNTIF($D32:$BC32,"PLASTIC")+COUNTIF($D32:$BC32,"PLASTIC *") | BY32: =COUNTIF($D32:$BC32,"PULM")+COUNTIF($D32:$BC32,"PULM *") | BZ32: =COUNTIF($D32:$BC32,"SICU")+COUNTIF($D32:$BC32,"SICU *") | CA32: =COUNTIF($D32:$BC32,"DERMATOLOGY")+COUNTIF($D32:$BC32,"DERMATOLOGY *") | CB32: =COUNTIF($D32:$BC32,"NEPHRO")+COUNTIF($D32:$BC32,"NEPHRO *") | CC32: =SUM(BQ32:CB32) | CD32: =BP32+CC32
B33: PGY-2 | C33: E. Mujica | D33: ICU N | E33: ICU N | F33: CLINIC | G33: CLINIC | H33: CARDIO-RAM | I33: CARDIO-RAM | J33: CARDIO-RAM | K33: CARDIO-RAM | L33: CLINIC * | M33: A | N33: A | O33: A | P33: A | Q33: CLINIC | R33: CLINIC | S33: B | T33: B | U33: B | V33: CLINIC * | W33: ED | X33: ED | Y33: ID | Z33: ID | AA33: CLINIC * | AB33: ICU N | AC33: C | AD33: C | AE33: C | AF33: NEURO | AG33: NEURO | AH33: CLINIC | AI33: CLINIC | AJ33: ICU E | AK33: ICU E | AL33: ICU E | AM33: CLINIC * | AN33: VACATION | AO33: VACATION | AP33: VACATION | AQ33: VACATION | AR33: CLINIC * | AS33: CLINIC * | AT33: ICU | AU33: ICU | AV33: SWING | AW33: CLINIC | AX33: CLINIC | AY33: D | AZ33: D | BA33: D | BB33: D | BC33: D | BD33: =COUNTIF($D33:$BC33,"CARDIO")+COUNTIF($D33:$BC33,"CARDIO E")+COUNTIF($D33:$BC33,"CARDIO E *")+COUNTIF($D33:$BC33,"CARDIO-HCA")+COUNTIF($D33:$BC33,"CARDIO-HCA *")+COUNTIF($D33:$BC33,"CARDIO-RAM")+COUNTIF($D33:$BC33,"CARDIO-RAM *") | BE33: =COUNTIF($D33:$BC33,"CLINIC")+COUNTIF($D33:$BC33,"CLINIC *")+COUNTIF($D33:$BC33,"URGENT CARE")+COUNTIF($D33:$BC33,"URGENT CARE *") | BF33: =COUNTIF($D33:$BC33,"ED") | BG33: =COUNTIF($D33:$BC33,"A")+COUNTIF($D33:$BC33,"B")+COUNTIF($D33:$BC33,"C")+COUNTIF($D33:$BC33,"D")+COUNTIF($D33:$BC33,"G") | BH33: =COUNTIF($D33:$BC33,"ICU") | BI33: =COUNTIF($D33:$BC33,"ICU E") | BJ33: =COUNTIF($D33:$BC33,"ICU N") | BK33: =COUNTIF($D33:$BC33,"ID")+COUNTIF($D33:$BC33,"ID *") | BL33: =COUNTIF($D33:$BC33,"NEURO")+COUNTIF($D33:$BC33,"NEURO *") | BM33: =COUNTIF($D33:$BC33,"NF") | BN33: =COUNTIF($D33:$BC33,"SWING") | BO33: =COUNTIF($D33:$BC33,"VACATION") | BP33: =SUM(BD33:BO33) | BQ33: =COUNTIF($D33:$BC33,"PALLIATIVE")+COUNTIF($D33:$BC33,"PALLIATIVE *") | BR33: =COUNTIF($D33:$BC33,"GERIATRIC")+COUNTIF($D33:$BC33,"GERIATRIC 2") | BS33: =COUNTIF($D33:$BC33,"GS")+COUNTIF($D33:$BC33,"GI")+COUNTIF($D33:$BC33,"GI *") | BT33: =COUNTIF($D33:$BC33,"HEM/ONC")+COUNTIF($D33:$BC33,"HEM/ONC *") | BU33: =COUNTIF($D33:$BC33,"PAIN MANAGEMENT")+COUNTIF($D33:$BC33,"PAIN MANAGEMENT *") | BV33: =COUNTIF($D33:$BC33,"RHEUMA")+COUNTIF($D33:$BC33,"RHEUMA *") | BW33: =COUNTIF($D33:$BC33,"ENDO")+COUNTIF($D33:$BC33,"ENDO *") | BX33: =COUNTIF($D33:$BC33,"PLASTIC")+COUNTIF($D33:$BC33,"PLASTIC *") | BY33: =COUNTIF($D33:$BC33,"PULM")+COUNTIF($D33:$BC33,"PULM *") | BZ33: =COUNTIF($D33:$BC33,"SICU")+COUNTIF($D33:$BC33,"SICU *") | CA33: =COUNTIF($D33:$BC33,"DERMATOLOGY")+COUNTIF($D33:$BC33,"DERMATOLOGY *") | CB33: =COUNTIF($D33:$BC33,"NEPHRO")+COUNTIF($D33:$BC33,"NEPHRO *") | CC33: =SUM(BQ33:CB33) | CD33: =BP33+CC33
C34: Y. Oliva | D34: ICU N | E34: ICU N | F34: CLINIC * | G34: CLINIC * | H34: CLINIC * | I34: ICU | J34: ICU | K34: ICU | L34: CLINIC * | M34: G | N34: G | O34: G | P34: G | Q34: CLINIC | R34: D | S34: D | T34: D | U34: D | V34: CLINIC * | W34: C | X34: C | Y34: C | Z34: C | AA34: CLINIC * | AB34: ICU | AC34: NEURO | AD34: NEURO | AE34: B | AF34: B | AG34: B | AH34: CLINIC * | AI34: CLINIC * | AJ34: ID | AK34: ID | AL34: CLINIC * | AM34: CLINIC * | AN34: CLINIC * | AO34: ED | AP34: ED | AQ34: SWING | AR34: CLINIC * | AS34: CARDIO-HCA | AT34: CARDIO-HCA | AU34: CARDIO-HCA | AV34: CARDIO-HCA | AW34: CLINIC * | AX34: ICU N | AY34: ICU N | AZ34: VACATION | BA34: VACATION | BB34: VACATION | BC34: VACATION | BD34: =COUNTIF($D34:$BC34,"CARDIO")+COUNTIF($D34:$BC34,"CARDIO E")+COUNTIF($D34:$BC34,"CARDIO E *")+COUNTIF($D34:$BC34,"CARDIO-HCA")+COUNTIF($D34:$BC34,"CARDIO-HCA *")+COUNTIF($D34:$BC34,"CARDIO-RAM")+COUNTIF($D34:$BC34,"CARDIO-RAM *") | BE34: =COUNTIF($D34:$BC34,"CLINIC")+COUNTIF($D34:$BC34,"CLINIC *")+COUNTIF($D34:$BC34,"URGENT CARE")+COUNTIF($D34:$BC34,"URGENT CARE *") | BF34: =COUNTIF($D34:$BC34,"ED") | BG34: =COUNTIF($D34:$BC34,"A")+COUNTIF($D34:$BC34,"B")+COUNTIF($D34:$BC34,"C")+COUNTIF($D34:$BC34,"D")+COUNTIF($D34:$BC34,"G") | BH34: =COUNTIF($D34:$BC34,"ICU") | BI34: =COUNTIF($D34:$BC34,"ICU E") | BJ34: =COUNTIF($D34:$BC34,"ICU N") | BK34: =COUNTIF($D34:$BC34,"ID")+COUNTIF($D34:$BC34,"ID *") | BL34: =COUNTIF($D34:$BC34,"NEURO")+COUNTIF($D34:$BC34,"NEURO *") | BM34: =COUNTIF($D34:$BC34,"NF") | BN34: =COUNTIF($D34:$BC34,"SWING") | BO34: =COUNTIF($D34:$BC34,"VACATION") | BP34: =SUM(BD34:BO34) | BQ34: =COUNTIF($D34:$BC34,"PALLIATIVE")+COUNTIF($D34:$BC34,"PALLIATIVE *") | BR34: =COUNTIF($D34:$BC34,"GERIATRIC")+COUNTIF($D34:$BC34,"GERIATRIC 2") | BS34: =COUNTIF($D34:$BC34,"GS")+COUNTIF($D34:$BC34,"GI")+COUNTIF($D34:$BC34,"GI *") | BT34: =COUNTIF($D34:$BC34,"HEM/ONC")+COUNTIF($D34:$BC34,"HEM/ONC *") | BU34: =COUNTIF($D34:$BC34,"PAIN MANAGEMENT")+COUNTIF($D34:$BC34,"PAIN MANAGEMENT *") | BV34: =COUNTIF($D34:$BC34,"RHEUMA")+COUNTIF($D34:$BC34,"RHEUMA *") | BW34: =COUNTIF($D34:$BC34,"ENDO")+COUNTIF($D34:$BC34,"ENDO *") | BX34: =COUNTIF($D34:$BC34,"PLASTIC")+COUNTIF($D34:$BC34,"PLASTIC *") | BY34: =COUNTIF($D34:$BC34,"PULM")+COUNTIF($D34:$BC34,"PULM *") | BZ34: =COUNTIF($D34:$BC34,"SICU")+COUNTIF($D34:$BC34,"SICU *") | CA34: =COUNTIF($D34:$BC34,"DERMATOLOGY")+COUNTIF($D34:$BC34,"DERMATOLOGY *") | CB34: =COUNTIF($D34:$BC34,"NEPHRO")+COUNTIF($D34:$BC34,"NEPHRO *") | CC34: =SUM(BQ34:CB34) | CD34: =BP34+CC34
C35: A. Perez-Sanz | D35: NEURO | E35: ICU E | F35: CARDIO-HCA | G35: CLINIC * | H35: CARDIO-HCA | I35: ICU | J35: NF | K35: NF | L35: CLINIC * | M35: D | N35: D | O35: ICU N | P35: ICU N | Q35: CLINIC * | R35: SWING | S35: SWING | T35: ED | U35: ED | V35: CLINIC * | W35: ICU E | X35: ICU E | Y35: ICU E | Z35: NEURO | AA35: CLINIC * | AB35: B | AC35: B | AD35: B | AE35: B | AF35: B | AG35: B | AH35: CLINIC * | AI35: VACATION | AJ35: VACATION | AK35: VACATION | AL35: VACATION | AM35: CLINIC * | AN35: CLINIC * | AO35: CLINIC * | AP35: CLINIC * | AQ35: CLINIC * | AR35: CLINIC * | AS35: B | AT35: B | AU35: B | AV35: B | AW35: CLINIC | AX35: CLINIC | AY35: ID | AZ35: ID | BA35: CARDIO-RAM | BB35: CARDIO-RAM | BC35: ICU N | BD35: =COUNTIF($D35:$BC35,"CARDIO")+COUNTIF($D35:$BC35,"CARDIO E")+COUNTIF($D35:$BC35,"CARDIO E *")+COUNTIF($D35:$BC35,"CARDIO-HCA")+COUNTIF($D35:$BC35,"CARDIO-HCA *")+COUNTIF($D35:$BC35,"CARDIO-RAM")+COUNTIF($D35:$BC35,"CARDIO-RAM *") | BE35: =COUNTIF($D35:$BC35,"CLINIC")+COUNTIF($D35:$BC35,"CLINIC *")+COUNTIF($D35:$BC35,"URGENT CARE")+COUNTIF($D35:$BC35,"URGENT CARE *") | BF35: =COUNTIF($D35:$BC35,"ED") | BG35: =COUNTIF($D35:$BC35,"A")+COUNTIF($D35:$BC35,"B")+COUNTIF($D35:$BC35,"C")+COUNTIF($D35:$BC35,"D")+COUNTIF($D35:$BC35,"G") | BH35: =COUNTIF($D35:$BC35,"ICU") | BI35: =COUNTIF($D35:$BC35,"ICU E") | BJ35: =COUNTIF($D35:$BC35,"ICU N") | BK35: =COUNTIF($D35:$BC35,"ID")+COUNTIF($D35:$BC35,"ID *") | BL35: =COUNTIF($D35:$BC35,"NEURO")+COUNTIF($D35:$BC35,"NEURO *") | BM35: =COUNTIF($D35:$BC35,"NF") | BN35: =COUNTIF($D35:$BC35,"SWING") | BO35: =COUNTIF($D35:$BC35,"VACATION") | BP35: =SUM(BD35:BO35) | BQ35: =COUNTIF($D35:$BC35,"PALLIATIVE")+COUNTIF($D35:$BC35,"PALLIATIVE *") | BR35: =COUNTIF($D35:$BC35,"GERIATRIC")+COUNTIF($D35:$BC35,"GERIATRIC 2") | BS35: =COUNTIF($D35:$BC35,"GS")+COUNTIF($D35:$BC35,"GI")+COUNTIF($D35:$BC35,"GI *") | BT35: =COUNTIF($D35:$BC35,"HEM/ONC")+COUNTIF($D35:$BC35,"HEM/ONC *") | BU35: =COUNTIF($D35:$BC35,"PAIN MANAGEMENT")+COUNTIF($D35:$BC35,"PAIN MANAGEMENT *") | BV35: =COUNTIF($D35:$BC35,"RHEUMA")+COUNTIF($D35:$BC35,"RHEUMA *") | BW35: =COUNTIF($D35:$BC35,"ENDO")+COUNTIF($D35:$BC35,"ENDO *") | BX35: =COUNTIF($D35:$BC35,"PLASTIC")+COUNTIF($D35:$BC35,"PLASTIC *") | BY35: =COUNTIF($D35:$BC35,"PULM")+COUNTIF($D35:$BC35,"PULM *") | BZ35: =COUNTIF($D35:$BC35,"SICU")+COUNTIF($D35:$BC35,"SICU *") | CA35: =COUNTIF($D35:$BC35,"DERMATOLOGY")+COUNTIF($D35:$BC35,"DERMATOLOGY *") | CB35: =COUNTIF($D35:$BC35,"NEPHRO")+COUNTIF($D35:$BC35,"NEPHRO *") | CC35: =SUM(BQ35:CB35) | CD35: =BP35+CC35
C36: O. Melendez | D36: B | E36: B | F36: B | G36: CLINIC * | H36: ICU E | I36: ICU E | J36: ICU E | K36: ICU E | L36: CLINIC * | M36: B | N36: B | O36: B | P36: B | Q36: CLINIC * | R36: ED | S36: ED | T36: ID | U36: ID | V36: CLINIC * | W36: D | X36: D | Y36: D | Z36: D | AA36: CLINIC * | AB36: ICU N | AC36: ICU N | AD36: ICU N | AE36: ICU N | AF36: SWING | AG36: SWING | AH36: CLINIC | AI36: B | AJ36: B | AK36: B | AL36: CLINIC * | AM36: CLINIC * | AN36: CLINIC * | AO36: CLINIC * | AP36: CLINIC | AQ36: CLINIC | AR36: CLINIC | AS36: CARDIO-HCA | AT36: CARDIO-HCA | AU36: CARDIO-HCA | AV36: CARDIO-HCA | AW36: CLINIC | AX36: NEURO | AY36: NEURO | AZ36: VACATION | BA36: VACATION | BB36: VACATION | BC36: VACATION | BD36: =COUNTIF($D36:$BC36,"CARDIO")+COUNTIF($D36:$BC36,"CARDIO E")+COUNTIF($D36:$BC36,"CARDIO E *")+COUNTIF($D36:$BC36,"CARDIO-HCA")+COUNTIF($D36:$BC36,"CARDIO-HCA *")+COUNTIF($D36:$BC36,"CARDIO-RAM")+COUNTIF($D36:$BC36,"CARDIO-RAM *") | BE36: =COUNTIF($D36:$BC36,"CLINIC")+COUNTIF($D36:$BC36,"CLINIC *")+COUNTIF($D36:$BC36,"URGENT CARE")+COUNTIF($D36:$BC36,"URGENT CARE *") | BF36: =COUNTIF($D36:$BC36,"ED") | BG36: =COUNTIF($D36:$BC36,"A")+COUNTIF($D36:$BC36,"B")+COUNTIF($D36:$BC36,"C")+COUNTIF($D36:$BC36,"D")+COUNTIF($D36:$BC36,"G") | BH36: =COUNTIF($D36:$BC36,"ICU") | BI36: =COUNTIF($D36:$BC36,"ICU E") | BJ36: =COUNTIF($D36:$BC36,"ICU N") | BK36: =COUNTIF($D36:$BC36,"ID")+COUNTIF($D36:$BC36,"ID *") | BL36: =COUNTIF($D36:$BC36,"NEURO")+COUNTIF($D36:$BC36,"NEURO *") | BM36: =COUNTIF($D36:$BC36,"NF") | BN36: =COUNTIF($D36:$BC36,"SWING") | BO36: =COUNTIF($D36:$BC36,"VACATION") | BP36: =SUM(BD36:BO36) | BQ36: =COUNTIF($D36:$BC36,"PALLIATIVE")+COUNTIF($D36:$BC36,"PALLIATIVE *") | BR36: =COUNTIF($D36:$BC36,"GERIATRIC")+COUNTIF($D36:$BC36,"GERIATRIC 2") | BS36: =COUNTIF($D36:$BC36,"GS")+COUNTIF($D36:$BC36,"GI")+COUNTIF($D36:$BC36,"GI *") | BT36: =COUNTIF($D36:$BC36,"HEM/ONC")+COUNTIF($D36:$BC36,"HEM/ONC *") | BU36: =COUNTIF($D36:$BC36,"PAIN MANAGEMENT")+COUNTIF($D36:$BC36,"PAIN MANAGEMENT *") | BV36: =COUNTIF($D36:$BC36,"RHEUMA")+COUNTIF($D36:$BC36,"RHEUMA *") | BW36: =COUNTIF($D36:$BC36,"ENDO")+COUNTIF($D36:$BC36,"ENDO *") | BX36: =COUNTIF($D36:$BC36,"PLASTIC")+COUNTIF($D36:$BC36,"PLASTIC *") | BY36: =COUNTIF($D36:$BC36,"PULM")+COUNTIF($D36:$BC36,"PULM *") | BZ36: =COUNTIF($D36:$BC36,"SICU")+COUNTIF($D36:$BC36,"SICU *") | CA36: =COUNTIF($D36:$BC36,"DERMATOLOGY")+COUNTIF($D36:$BC36,"DERMATOLOGY *") | CB36: =COUNTIF($D36:$BC36,"NEPHRO")+COUNTIF($D36:$BC36,"NEPHRO *") | CC36: =SUM(BQ36:CB36) | CD36: =BP36+CC36
B37: PGY-3 | C37: G. Barciela | D37: VACATION | E37: VACATION | F37: VACATION | G37: CLINIC * | H37: CLINIC * | I37: CLINIC * | J37: CLINIC * | K37: CLINIC * | L37: CLINIC * | M37: CLINIC * | N37: A | O37: A | P37: VACATION | Q37: CLINIC * | R37: C | S37: C | T37: C | U37: C | V37: CLINIC * | W37: A | X37: A | Y37: A | Z37: CLINIC * | AA37: CLINIC * | AB37: C | AC37: C | AD37: C | AE37: C | AF37: C | AG37: C | AH37: CLINIC * | AI37: CLINIC * | AJ37: CLINIC * | AK37: C | AL37: C | AM37: CLINIC * | AN37: B | AO37: B | AP37: B | AQ37: CLINIC * | AR37: CLINIC * | AS37: CLINIC * | AT37: CLINIC * | AU37: CLINIC * | AV37: CLINIC * | AW37: CLINIC * | AX37: A | AY37: A | AZ37: A | BA37: A | BB37: A | BC37: A | BD37: =COUNTIF($D37:$BC37,"CARDIO")+COUNTIF($D37:$BC37,"CARDIO E")+COUNTIF($D37:$BC37,"CARDIO E *")+COUNTIF($D37:$BC37,"CARDIO-HCA")+COUNTIF($D37:$BC37,"CARDIO-HCA *")+COUNTIF($D37:$BC37,"CARDIO-RAM")+COUNTIF($D37:$BC37,"CARDIO-RAM *") | BE37: =COUNTIF($D37:$BC37,"CLINIC")+COUNTIF($D37:$BC37,"CLINIC *")+COUNTIF($D37:$BC37,"URGENT CARE")+COUNTIF($D37:$BC37,"URGENT CARE *") | BF37: =COUNTIF($D37:$BC37,"ED") | BG37: =COUNTIF($D37:$BC37,"A")+COUNTIF($D37:$BC37,"B")+COUNTIF($D37:$BC37,"C")+COUNTIF($D37:$BC37,"D")+COUNTIF($D37:$BC37,"G") | BH37: =COUNTIF($D37:$BC37,"ICU") | BI37: =COUNTIF($D37:$BC37,"ICU E") | BJ37: =COUNTIF($D37:$BC37,"ICU N") | BK37: =COUNTIF($D37:$BC37,"ID")+COUNTIF($D37:$BC37,"ID *") | BL37: =COUNTIF($D37:$BC37,"NEURO")+COUNTIF($D37:$BC37,"NEURO *") | BM37: =COUNTIF($D37:$BC37,"NF") | BN37: =COUNTIF($D37:$BC37,"SWING") | BO37: =COUNTIF($D37:$BC37,"VACATION") | BP37: =SUM(BD37:BO37) | BQ37: =COUNTIF($D37:$BC37,"PALLIATIVE")+COUNTIF($D37:$BC37,"PALLIATIVE *") | BR37: =COUNTIF($D37:$BC37,"GERIATRIC")+COUNTIF($D37:$BC37,"GERIATRIC 2") | BS37: =COUNTIF($D37:$BC37,"GS")+COUNTIF($D37:$BC37,"GI")+COUNTIF($D37:$BC37,"GI *") | BT37: =COUNTIF($D37:$BC37,"HEM/ONC")+COUNTIF($D37:$BC37,"HEM/ONC *") | BU37: =COUNTIF($D37:$BC37,"PAIN MANAGEMENT")+COUNTIF($D37:$BC37,"PAIN MANAGEMENT *") | BV37: =COUNTIF($D37:$BC37,"RHEUMA")+COUNTIF($D37:$BC37,"RHEUMA *") | BW37: =COUNTIF($D37:$BC37,"ENDO")+COUNTIF($D37:$BC37,"ENDO *") | BX37: =COUNTIF($D37:$BC37,"PLASTIC")+COUNTIF($D37:$BC37,"PLASTIC *") | BY37: =COUNTIF($D37:$BC37,"PULM")+COUNTIF($D37:$BC37,"PULM *") | BZ37: =COUNTIF($D37:$BC37,"SICU")+COUNTIF($D37:$BC37,"SICU *") | CA37: =COUNTIF($D37:$BC37,"DERMATOLOGY")+COUNTIF($D37:$BC37,"DERMATOLOGY *") | CB37: =COUNTIF($D37:$BC37,"NEPHRO")+COUNTIF($D37:$BC37,"NEPHRO *") | CC37: =SUM(BQ37:CB37) | CD37: =BP37+CC37
C38: K. Sanchez | D38: CLINIC | E38: CLINIC | F38: CLINIC | G38: CLINIC | H38: A | I38: A | J38: A | K38: A | L38: CLINIC * | M38: CLINIC * | N38: CLINIC * | O38: CLINIC * | P38: CLINIC * | Q38: CLINIC * | R38: CLINIC * | S38: CLINIC * | T38: CLINIC * | U38: CLINIC * | V38: CLINIC * | W38: CLINIC * | X38: CLINIC * | Y38: CLINIC * | Z38: CLINIC * | AA38: CLINIC * | AB38: SWING | AC38: SWING | AD38: C | AE38: C | AF38: CLINIC * | AG38: CLINIC * | AH38: CLINIC * | AI38: ICU E | AJ38: ICU E | AK38: ICU E | AL38: ICU E | AM38: CLINIC * | AN38: NF | AO38: NF | AP38: NF | AQ38: NF | AR38: CLINIC * | AS38: NF | AT38: NF | AU38: NF | AV38: NF | AW38: CLINIC * | AX38: CLINIC * | AY38: VACATION | AZ38: VACATION | BA38: VACATION | BB38: VACATION | BC38: ICU E | BD38: =COUNTIF($D38:$BC38,"CARDIO")+COUNTIF($D38:$BC38,"CARDIO E")+COUNTIF($D38:$BC38,"CARDIO E *")+COUNTIF($D38:$BC38,"CARDIO-HCA")+COUNTIF($D38:$BC38,"CARDIO-HCA *")+COUNTIF($D38:$BC38,"CARDIO-RAM")+COUNTIF($D38:$BC38,"CARDIO-RAM *") | BE38: =COUNTIF($D38:$BC38,"CLINIC")+COUNTIF($D38:$BC38,"CLINIC *")+COUNTIF($D38:$BC38,"URGENT CARE")+COUNTIF($D38:$BC38,"URGENT CARE *") | BF38: =COUNTIF($D38:$BC38,"ED") | BG38: =COUNTIF($D38:$BC38,"A")+COUNTIF($D38:$BC38,"B")+COUNTIF($D38:$BC38,"C")+COUNTIF($D38:$BC38,"D")+COUNTIF($D38:$BC38,"G") | BH38: =COUNTIF($D38:$BC38,"ICU") | BI38: =COUNTIF($D38:$BC38,"ICU E") | BJ38: =COUNTIF($D38:$BC38,"ICU N") | BK38: =COUNTIF($D38:$BC38,"ID")+COUNTIF($D38:$BC38,"ID *") | BL38: =COUNTIF($D38:$BC38,"NEURO")+COUNTIF($D38:$BC38,"NEURO *") | BM38: =COUNTIF($D38:$BC38,"NF") | BN38: =COUNTIF($D38:$BC38,"SWING") | BO38: =COUNTIF($D38:$BC38,"VACATION") | BP38: =SUM(BD38:BO38) | BQ38: =COUNTIF($D38:$BC38,"PALLIATIVE")+COUNTIF($D38:$BC38,"PALLIATIVE *") | BR38: =COUNTIF($D38:$BC38,"GERIATRIC")+COUNTIF($D38:$BC38,"GERIATRIC 2") | BS38: =COUNTIF($D38:$BC38,"GS")+COUNTIF($D38:$BC38,"GI")+COUNTIF($D38:$BC38,"GI *") | BT38: =COUNTIF($D38:$BC38,"HEM/ONC")+COUNTIF($D38:$BC38,"HEM/ONC *") | BU38: =COUNTIF($D38:$BC38,"PAIN MANAGEMENT")+COUNTIF($D38:$BC38,"PAIN MANAGEMENT *") | BV38: =COUNTIF($D38:$BC38,"RHEUMA")+COUNTIF($D38:$BC38,"RHEUMA *") | BW38: =COUNTIF($D38:$BC38,"ENDO")+COUNTIF($D38:$BC38,"ENDO *") | BX38: =COUNTIF($D38:$BC38,"PLASTIC")+COUNTIF($D38:$BC38,"PLASTIC *") | BY38: =COUNTIF($D38:$BC38,"PULM")+COUNTIF($D38:$BC38,"PULM *") | BZ38: =COUNTIF($D38:$BC38,"SICU")+COUNTIF($D38:$BC38,"SICU *") | CA38: =COUNTIF($D38:$BC38,"DERMATOLOGY")+COUNTIF($D38:$BC38,"DERMATOLOGY *") | CB38: =COUNTIF($D38:$BC38,"NEPHRO")+COUNTIF($D38:$BC38,"NEPHRO *") | CC38: =SUM(BQ38:CB38) | CD38: =BP38+CC38
A39: Cohort 5 | B39: PGY-1 | C39: C. Tucci | D39: VACATION | E39: ICU N | F39: ICU N | G39: CLINIC | H39: CLINIC | I39: D | J39: D | K39: D | L39: D | M39: CLINIC * | N39: NF | O39: NF | P39: ED | Q39: ED | R39: CLINIC * | S39: ICU E | T39: ICU E | U39: C | V39: CLINIC | W39: CLINIC | X39: CLINIC | Y39: D | Z39: D | AA39: D | AB39: CLINIC * | AC39: CLINIC * | AD39: A | AE39: A | AF39: ICU | AG39: ID | AH39: ID | AI39: CLINIC * | AJ39: ICU E | AK39: ICU E | AL39: ICU E | AM39: NF | AN39: CLINIC * | AO39: CARDIO-HCA | AP39: CARDIO-HCA | AQ39: VACATION | AR39: VACATION | AS39: VACATION | AT39: NF | AU39: NF | AV39: C | AW39: C | AX39: CLINIC * | AY39: CLINIC * | AZ39: C | BA39: C | BB39: C | BC39: CLINIC * | BD39: =COUNTIF($D39:$BC39,"CARDIO")+COUNTIF($D39:$BC39,"CARDIO E")+COUNTIF($D39:$BC39,"CARDIO E *")+COUNTIF($D39:$BC39,"CARDIO-HCA")+COUNTIF($D39:$BC39,"CARDIO-HCA *")+COUNTIF($D39:$BC39,"CARDIO-RAM")+COUNTIF($D39:$BC39,"CARDIO-RAM *") | BE39: =COUNTIF($D39:$BC39,"CLINIC")+COUNTIF($D39:$BC39,"CLINIC *")+COUNTIF($D39:$BC39,"URGENT CARE")+COUNTIF($D39:$BC39,"URGENT CARE *") | BF39: =COUNTIF($D39:$BC39,"ED") | BG39: =COUNTIF($D39:$BC39,"A")+COUNTIF($D39:$BC39,"B")+COUNTIF($D39:$BC39,"C")+COUNTIF($D39:$BC39,"D")+COUNTIF($D39:$BC39,"G") | BH39: =COUNTIF($D39:$BC39,"ICU") | BI39: =COUNTIF($D39:$BC39,"ICU E") | BJ39: =COUNTIF($D39:$BC39,"ICU N") | BK39: =COUNTIF($D39:$BC39,"ID")+COUNTIF($D39:$BC39,"ID *") | BL39: =COUNTIF($D39:$BC39,"NEURO")+COUNTIF($D39:$BC39,"NEURO *") | BM39: =COUNTIF($D39:$BC39,"NF") | BN39: =COUNTIF($D39:$BC39,"SWING") | BO39: =COUNTIF($D39:$BC39,"VACATION") | BP39: =SUM(BD39:BO39) | BQ39: =COUNTIF($D39:$BC39,"PALLIATIVE")+COUNTIF($D39:$BC39,"PALLIATIVE *") | BR39: =COUNTIF($D39:$BC39,"GERIATRIC")+COUNTIF($D39:$BC39,"GERIATRIC 2") | BS39: =COUNTIF($D39:$BC39,"GS")+COUNTIF($D39:$BC39,"GI")+COUNTIF($D39:$BC39,"GI *") | BT39: =COUNTIF($D39:$BC39,"HEM/ONC")+COUNTIF($D39:$BC39,"HEM/ONC *") | BU39: =COUNTIF($D39:$BC39,"PAIN MANAGEMENT")+COUNTIF($D39:$BC39,"PAIN MANAGEMENT *") | BV39: =COUNTIF($D39:$BC39,"RHEUMA")+COUNTIF($D39:$BC39,"RHEUMA *") | BW39: =COUNTIF($D39:$BC39,"ENDO")+COUNTIF($D39:$BC39,"ENDO *") | BX39: =COUNTIF($D39:$BC39,"PLASTIC")+COUNTIF($D39:$BC39,"PLASTIC *") | BY39: =COUNTIF($D39:$BC39,"PULM")+COUNTIF($D39:$BC39,"PULM *") | BZ39: =COUNTIF($D39:$BC39,"SICU")+COUNTIF($D39:$BC39,"SICU *") | CA39: =COUNTIF($D39:$BC39,"DERMATOLOGY")+COUNTIF($D39:$BC39,"DERMATOLOGY *") | CB39: =COUNTIF($D39:$BC39,"NEPHRO")+COUNTIF($D39:$BC39,"NEPHRO *") | CC39: =SUM(BQ39:CB39) | CD39: =BP39+CC39
C40: L. Cordoba | D40: A | E40: A | F40: ID | G40: ID | H40: CLINIC * | I40: VACATION | J40: VACATION | K40: VACATION | L40: VACATION | M40: CLINIC * | N40: C | O40: C | P40: ICU E | Q40: ICU E | R40: CLINIC * | S40: NF | T40: NF | U40: NF | V40: NF | W40: CLINIC * | X40: D | Y40: D | Z40: D | AA40: NF | AB40: CLINIC * | AC40: CARDIO-HCA | AD40: CARDIO-HCA | AE40: ICU E | AF40: ICU E | AG40: ICU E | AH40: ICU E | AI40: CLINIC | AJ40: CLINIC | AK40: ICU E | AL40: ICU E | AM40: CLINIC * | AN40: CLINIC * | AO40: B | AP40: B | AQ40: ED | AR40: ED | AS40: D | AT40: D | AU40: D | AV40: D | AW40: CLINIC | AX40: CLINIC | AY40: D | AZ40: D | BA40: CLINIC * | BB40: CLINIC * | BC40: CLINIC * | BD40: =COUNTIF($D40:$BC40,"CARDIO")+COUNTIF($D40:$BC40,"CARDIO E")+COUNTIF($D40:$BC40,"CARDIO E *")+COUNTIF($D40:$BC40,"CARDIO-HCA")+COUNTIF($D40:$BC40,"CARDIO-HCA *")+COUNTIF($D40:$BC40,"CARDIO-RAM")+COUNTIF($D40:$BC40,"CARDIO-RAM *") | BE40: =COUNTIF($D40:$BC40,"CLINIC")+COUNTIF($D40:$BC40,"CLINIC *")+COUNTIF($D40:$BC40,"URGENT CARE")+COUNTIF($D40:$BC40,"URGENT CARE *") | BF40: =COUNTIF($D40:$BC40,"ED") | BG40: =COUNTIF($D40:$BC40,"A")+COUNTIF($D40:$BC40,"B")+COUNTIF($D40:$BC40,"C")+COUNTIF($D40:$BC40,"D")+COUNTIF($D40:$BC40,"G") | BH40: =COUNTIF($D40:$BC40,"ICU") | BI40: =COUNTIF($D40:$BC40,"ICU E") | BJ40: =COUNTIF($D40:$BC40,"ICU N") | BK40: =COUNTIF($D40:$BC40,"ID")+COUNTIF($D40:$BC40,"ID *") | BL40: =COUNTIF($D40:$BC40,"NEURO")+COUNTIF($D40:$BC40,"NEURO *") | BM40: =COUNTIF($D40:$BC40,"NF") | BN40: =COUNTIF($D40:$BC40,"SWING") | BO40: =COUNTIF($D40:$BC40,"VACATION") | BP40: =SUM(BD40:BO40) | BQ40: =COUNTIF($D40:$BC40,"PALLIATIVE")+COUNTIF($D40:$BC40,"PALLIATIVE *") | BR40: =COUNTIF($D40:$BC40,"GERIATRIC")+COUNTIF($D40:$BC40,"GERIATRIC 2") | BS40: =COUNTIF($D40:$BC40,"GS")+COUNTIF($D40:$BC40,"GI")+COUNTIF($D40:$BC40,"GI *") | BT40: =COUNTIF($D40:$BC40,"HEM/ONC")+COUNTIF($D40:$BC40,"HEM/ONC *") | BU40: =COUNTIF($D40:$BC40,"PAIN MANAGEMENT")+COUNTIF($D40:$BC40,"PAIN MANAGEMENT *") | BV40: =COUNTIF($D40:$BC40,"RHEUMA")+COUNTIF($D40:$BC40,"RHEUMA *") | BW40: =COUNTIF($D40:$BC40,"ENDO")+COUNTIF($D40:$BC40,"ENDO *") | BX40: =COUNTIF($D40:$BC40,"PLASTIC")+COUNTIF($D40:$BC40,"PLASTIC *") | BY40: =COUNTIF($D40:$BC40,"PULM")+COUNTIF($D40:$BC40,"PULM *") | BZ40: =COUNTIF($D40:$BC40,"SICU")+COUNTIF($D40:$BC40,"SICU *") | CA40: =COUNTIF($D40:$BC40,"DERMATOLOGY")+COUNTIF($D40:$BC40,"DERMATOLOGY *") | CB40: =COUNTIF($D40:$BC40,"NEPHRO")+COUNTIF($D40:$BC40,"NEPHRO *") | CC40: =SUM(BQ40:CB40) | CD40: =BP40+CC40
B41: PGY-2 | C41: M. Osorio | D41: ID | E41: ID | F41: ICU E | G41: ICU E | H41: CLINIC * | I41: D | J41: D | K41: NF | L41: NF | M41: CLINIC * | N41: NEURO | O41: ICU | P41: ICU | Q41: ICU | R41: CLINIC * | S41: NF | T41: NF | U41: NF | V41: CLINIC | W41: CLINIC | X41: CLINIC | Y41: CLINIC | Z41: CLINIC | AA41: CLINIC | AB41: CLINIC | AC41: ED | AD41: ED | AE41: NEURO | AF41: C | AG41: C | AH41: C | AI41: CLINIC * | AJ41: NF | AK41: NF | AL41: CARDIO-HCA | AM41: G | AN41: CLINIC * | AO41: VACATION | AP41: VACATION | AQ41: VACATION | AR41: VACATION | AS41: ICU | AT41: ICU | AU41: B | AV41: B | AW41: B | AX41: CLINIC * | AY41: CARDIO-RAM | AZ41: CARDIO-RAM | BA41: CARDIO-RAM | BB41: ICU N | BC41: CLINIC * | BD41: =COUNTIF($D41:$BC41,"CARDIO")+COUNTIF($D41:$BC41,"CARDIO E")+COUNTIF($D41:$BC41,"CARDIO E *")+COUNTIF($D41:$BC41,"CARDIO-HCA")+COUNTIF($D41:$BC41,"CARDIO-HCA *")+COUNTIF($D41:$BC41,"CARDIO-RAM")+COUNTIF($D41:$BC41,"CARDIO-RAM *") | BE41: =COUNTIF($D41:$BC41,"CLINIC")+COUNTIF($D41:$BC41,"CLINIC *")+COUNTIF($D41:$BC41,"URGENT CARE")+COUNTIF($D41:$BC41,"URGENT CARE *") | BF41: =COUNTIF($D41:$BC41,"ED") | BG41: =COUNTIF($D41:$BC41,"A")+COUNTIF($D41:$BC41,"B")+COUNTIF($D41:$BC41,"C")+COUNTIF($D41:$BC41,"D")+COUNTIF($D41:$BC41,"G") | BH41: =COUNTIF($D41:$BC41,"ICU") | BI41: =COUNTIF($D41:$BC41,"ICU E") | BJ41: =COUNTIF($D41:$BC41,"ICU N") | BK41: =COUNTIF($D41:$BC41,"ID")+COUNTIF($D41:$BC41,"ID *") | BL41: =COUNTIF($D41:$BC41,"NEURO")+COUNTIF($D41:$BC41,"NEURO *") | BM41: =COUNTIF($D41:$BC41,"NF") | BN41: =COUNTIF($D41:$BC41,"SWING") | BO41: =COUNTIF($D41:$BC41,"VACATION") | BP41: =SUM(BD41:BO41) | BQ41: =COUNTIF($D41:$BC41,"PALLIATIVE")+COUNTIF($D41:$BC41,"PALLIATIVE *") | BR41: =COUNTIF($D41:$BC41,"GERIATRIC")+COUNTIF($D41:$BC41,"GERIATRIC 2") | BS41: =COUNTIF($D41:$BC41,"GS")+COUNTIF($D41:$BC41,"GI")+COUNTIF($D41:$BC41,"GI *") | BT41: =COUNTIF($D41:$BC41,"HEM/ONC")+COUNTIF($D41:$BC41,"HEM/ONC *") | BU41: =COUNTIF($D41:$BC41,"PAIN MANAGEMENT")+COUNTIF($D41:$BC41,"PAIN MANAGEMENT *") | BV41: =COUNTIF($D41:$BC41,"RHEUMA")+COUNTIF($D41:$BC41,"RHEUMA *") | BW41: =COUNTIF($D41:$BC41,"ENDO")+COUNTIF($D41:$BC41,"ENDO *") | BX41: =COUNTIF($D41:$BC41,"PLASTIC")+COUNTIF($D41:$BC41,"PLASTIC *") | BY41: =COUNTIF($D41:$BC41,"PULM")+COUNTIF($D41:$BC41,"PULM *") | BZ41: =COUNTIF($D41:$BC41,"SICU")+COUNTIF($D41:$BC41,"SICU *") | CA41: =COUNTIF($D41:$BC41,"DERMATOLOGY")+COUNTIF($D41:$BC41,"DERMATOLOGY *") | CB41: =COUNTIF($D41:$BC41,"NEPHRO")+COUNTIF($D41:$BC41,"NEPHRO *") | CC41: =SUM(BQ41:CB41) | CD41: =BP41+CC41
C42: H. Hussain | D42: ICU E | E42: CARDIO-HCA | F42: ED | G42: ED | H42: CLINIC * | I42: C | J42: CARDIO-RAM | K42: CARDIO-RAM | L42: CARDIO-RAM | M42: CLINIC * | N42: VACATION | O42: VACATION | P42: VACATION | Q42: VACATION | R42: CLINIC * | S42: ID | T42: A | U42: CLINIC | V42: CLINIC | W42: CLINIC | X42: ICU | Y42: ICU | Z42: ICU | AA42: CLINIC | AB42: CLINIC | AC42: B | AD42: B | AE42: B | AF42: B | AG42: B | AH42: CLINIC | AI42: CLINIC | AJ42: A | AK42: A | AL42: A | AM42: A | AN42: CLINIC | AO42: CLINIC | AP42: NEURO | AQ42: NEURO | AR42: ID | AS42: A | AT42: A | AU42: A | AV42: A | AW42: A | AX42: CLINIC * | AY42: ICU E | AZ42: ICU E | BA42: ICU E | BB42: ICU E | BC42: CLINIC * | BD42: =COUNTIF($D42:$BC42,"CARDIO")+COUNTIF($D42:$BC42,"CARDIO E")+COUNTIF($D42:$BC42,"CARDIO E *")+COUNTIF($D42:$BC42,"CARDIO-HCA")+COUNTIF($D42:$BC42,"CARDIO-HCA *")+COUNTIF($D42:$BC42,"CARDIO-RAM")+COUNTIF($D42:$BC42,"CARDIO-RAM *") | BE42: =COUNTIF($D42:$BC42,"CLINIC")+COUNTIF($D42:$BC42,"CLINIC *")+COUNTIF($D42:$BC42,"URGENT CARE")+COUNTIF($D42:$BC42,"URGENT CARE *") | BF42: =COUNTIF($D42:$BC42,"ED") | BG42: =COUNTIF($D42:$BC42,"A")+COUNTIF($D42:$BC42,"B")+COUNTIF($D42:$BC42,"C")+COUNTIF($D42:$BC42,"D")+COUNTIF($D42:$BC42,"G") | BH42: =COUNTIF($D42:$BC42,"ICU") | BI42: =COUNTIF($D42:$BC42,"ICU E") | BJ42: =COUNTIF($D42:$BC42,"ICU N") | BK42: =COUNTIF($D42:$BC42,"ID")+COUNTIF($D42:$BC42,"ID *") | BL42: =COUNTIF($D42:$BC42,"NEURO")+COUNTIF($D42:$BC42,"NEURO *") | BM42: =COUNTIF($D42:$BC42,"NF") | BN42: =COUNTIF($D42:$BC42,"SWING") | BO42: =COUNTIF($D42:$BC42,"VACATION") | BP42: =SUM(BD42:BO42) | BQ42: =COUNTIF($D42:$BC42,"PALLIATIVE")+COUNTIF($D42:$BC42,"PALLIATIVE *") | BR42: =COUNTIF($D42:$BC42,"GERIATRIC")+COUNTIF($D42:$BC42,"GERIATRIC 2") | BS42: =COUNTIF($D42:$BC42,"GS")+COUNTIF($D42:$BC42,"GI")+COUNTIF($D42:$BC42,"GI *") | BT42: =COUNTIF($D42:$BC42,"HEM/ONC")+COUNTIF($D42:$BC42,"HEM/ONC *") | BU42: =COUNTIF($D42:$BC42,"PAIN MANAGEMENT")+COUNTIF($D42:$BC42,"PAIN MANAGEMENT *") | BV42: =COUNTIF($D42:$BC42,"RHEUMA")+COUNTIF($D42:$BC42,"RHEUMA *") | BW42: =COUNTIF($D42:$BC42,"ENDO")+COUNTIF($D42:$BC42,"ENDO *") | BX42: =COUNTIF($D42:$BC42,"PLASTIC")+COUNTIF($D42:$BC42,"PLASTIC *") | BY42: =COUNTIF($D42:$BC42,"PULM")+COUNTIF($D42:$BC42,"PULM *") | BZ42: =COUNTIF($D42:$BC42,"SICU")+COUNTIF($D42:$BC42,"SICU *") | CA42: =COUNTIF($D42:$BC42,"DERMATOLOGY")+COUNTIF($D42:$BC42,"DERMATOLOGY *") | CB42: =COUNTIF($D42:$BC42,"NEPHRO")+COUNTIF($D42:$BC42,"NEPHRO *") | CC42: =SUM(BQ42:CB42) | CD42: =BP42+CC42
C43: M. De Mello | D43: ED | E43: ICU N | F43: ICU N | G43: CLINIC * | H43: CLINIC * | I43: CLINIC * | J43: CLINIC * | K43: CLINIC * | L43: CLINIC * | M43: CLINIC * | N43: VACATION | O43: VACATION | P43: VACATION | Q43: VACATION | R43: CLINIC * | S43: ICU N | T43: ICU N | U43: ICU N | V43: ICU N | W43: CLINIC * | X43: ID | Y43: ID | Z43: ICU | AA43: ICU | AB43: CLINIC * | AC43: A | AD43: A | AE43: A | AF43: A | AG43: A | AH43: A | AI43: CLINIC * | AJ43: D | AK43: D | AL43: D | AM43: D | AN43: CLINIC * | AO43: A | AP43: A | AQ43: NEURO | AR43: NEURO | AS43: CARDIO-HCA | AT43: CARDIO-HCA | AU43: CARDIO-HCA | AV43: CARDIO-HCA | AW43: ED | AX43: CLINIC * | AY43: B | AZ43: B | BA43: B | BB43: B | BC43: CLINIC * | BD43: =COUNTIF($D43:$BC43,"CARDIO")+COUNTIF($D43:$BC43,"CARDIO E")+COUNTIF($D43:$BC43,"CARDIO E *")+COUNTIF($D43:$BC43,"CARDIO-HCA")+COUNTIF($D43:$BC43,"CARDIO-HCA *")+COUNTIF($D43:$BC43,"CARDIO-RAM")+COUNTIF($D43:$BC43,"CARDIO-RAM *") | BE43: =COUNTIF($D43:$BC43,"CLINIC")+COUNTIF($D43:$BC43,"CLINIC *")+COUNTIF($D43:$BC43,"URGENT CARE")+COUNTIF($D43:$BC43,"URGENT CARE *") | BF43: =COUNTIF($D43:$BC43,"ED") | BG43: =COUNTIF($D43:$BC43,"A")+COUNTIF($D43:$BC43,"B")+COUNTIF($D43:$BC43,"C")+COUNTIF($D43:$BC43,"D")+COUNTIF($D43:$BC43,"G") | BH43: =COUNTIF($D43:$BC43,"ICU") | BI43: =COUNTIF($D43:$BC43,"ICU E") | BJ43: =COUNTIF($D43:$BC43,"ICU N") | BK43: =COUNTIF($D43:$BC43,"ID")+COUNTIF($D43:$BC43,"ID *") | BL43: =COUNTIF($D43:$BC43,"NEURO")+COUNTIF($D43:$BC43,"NEURO *") | BM43: =COUNTIF($D43:$BC43,"NF") | BN43: =COUNTIF($D43:$BC43,"SWING") | BO43: =COUNTIF($D43:$BC43,"VACATION") | BP43: =SUM(BD43:BO43) | BQ43: =COUNTIF($D43:$BC43,"PALLIATIVE")+COUNTIF($D43:$BC43,"PALLIATIVE *") | BR43: =COUNTIF($D43:$BC43,"GERIATRIC")+COUNTIF($D43:$BC43,"GERIATRIC 2") | BS43: =COUNTIF($D43:$BC43,"GS")+COUNTIF($D43:$BC43,"GI")+COUNTIF($D43:$BC43,"GI *") | BT43: =COUNTIF($D43:$BC43,"HEM/ONC")+COUNTIF($D43:$BC43,"HEM/ONC *") | BU43: =COUNTIF($D43:$BC43,"PAIN MANAGEMENT")+COUNTIF($D43:$BC43,"PAIN MANAGEMENT *") | BV43: =COUNTIF($D43:$BC43,"RHEUMA")+COUNTIF($D43:$BC43,"RHEUMA *") | BW43: =COUNTIF($D43:$BC43,"ENDO")+COUNTIF($D43:$BC43,"ENDO *") | BX43: =COUNTIF($D43:$BC43,"PLASTIC")+COUNTIF($D43:$BC43,"PLASTIC *") | BY43: =COUNTIF($D43:$BC43,"PULM")+COUNTIF($D43:$BC43,"PULM *") | BZ43: =COUNTIF($D43:$BC43,"SICU")+COUNTIF($D43:$BC43,"SICU *") | CA43: =COUNTIF($D43:$BC43,"DERMATOLOGY")+COUNTIF($D43:$BC43,"DERMATOLOGY *") | CB43: =COUNTIF($D43:$BC43,"NEPHRO")+COUNTIF($D43:$BC43,"NEPHRO *") | CC43: =SUM(BQ43:CB43) | CD43: =BP43+CC43
C44: A. Pueyo | D44: VACATION | E44: VACATION | F44: VACATION | G44: VACATION | H44: CLINIC * | I44: B | J44: B | K44: B | L44: B | M44: CLINIC * | N44: ICU N | O44: ICU N | P44: CLINIC * | Q44: CLINIC * | R44: CLINIC * | S44: ICU E | T44: ICU E | U44: ED | V44: ED | W44: CLINIC * | X44: CARDIO | Y44: CARDIO | Z44: CARDIO | AA44: CARDIO | AB44: CLINIC * | AC44: NEURO | AD44: NEURO | AE44: NF | AF44: NF | AG44: NF | AH44: NF | AI44: CLINIC * | AJ44: ID | AK44: ID | AL44: ICU N | AM44: CLINIC | AN44: CLINIC | AO44: CLINIC | AP44: CLINIC | AQ44: B | AR44: B | AS44: B | AT44: B | AU44: ICU E | AV44: ICU E | AW44: ICU E | AX44: CLINIC * | AY44: SWING | AZ44: SWING | BA44: SWING | BB44: SWING | BC44: CLINIC * | BD44: =COUNTIF($D44:$BC44,"CARDIO")+COUNTIF($D44:$BC44,"CARDIO E")+COUNTIF($D44:$BC44,"CARDIO E *")+COUNTIF($D44:$BC44,"CARDIO-HCA")+COUNTIF($D44:$BC44,"CARDIO-HCA *")+COUNTIF($D44:$BC44,"CARDIO-RAM")+COUNTIF($D44:$BC44,"CARDIO-RAM *") | BE44: =COUNTIF($D44:$BC44,"CLINIC")+COUNTIF($D44:$BC44,"CLINIC *")+COUNTIF($D44:$BC44,"URGENT CARE")+COUNTIF($D44:$BC44,"URGENT CARE *") | BF44: =COUNTIF($D44:$BC44,"ED") | BG44: =COUNTIF($D44:$BC44,"A")+COUNTIF($D44:$BC44,"B")+COUNTIF($D44:$BC44,"C")+COUNTIF($D44:$BC44,"D")+COUNTIF($D44:$BC44,"G") | BH44: =COUNTIF($D44:$BC44,"ICU") | BI44: =COUNTIF($D44:$BC44,"ICU E") | BJ44: =COUNTIF($D44:$BC44,"ICU N") | BK44: =COUNTIF($D44:$BC44,"ID")+COUNTIF($D44:$BC44,"ID *") | BL44: =COUNTIF($D44:$BC44,"NEURO")+COUNTIF($D44:$BC44,"NEURO *") | BM44: =COUNTIF($D44:$BC44,"NF") | BN44: =COUNTIF($D44:$BC44,"SWING") | BO44: =COUNTIF($D44:$BC44,"VACATION") | BP44: =SUM(BD44:BO44) | BQ44: =COUNTIF($D44:$BC44,"PALLIATIVE")+COUNTIF($D44:$BC44,"PALLIATIVE *") | BR44: =COUNTIF($D44:$BC44,"GERIATRIC")+COUNTIF($D44:$BC44,"GERIATRIC 2") | BS44: =COUNTIF($D44:$BC44,"GS")+COUNTIF($D44:$BC44,"GI")+COUNTIF($D44:$BC44,"GI *") | BT44: =COUNTIF($D44:$BC44,"HEM/ONC")+COUNTIF($D44:$BC44,"HEM/ONC *") | BU44: =COUNTIF($D44:$BC44,"PAIN MANAGEMENT")+COUNTIF($D44:$BC44,"PAIN MANAGEMENT *") | BV44: =COUNTIF($D44:$BC44,"RHEUMA")+COUNTIF($D44:$BC44,"RHEUMA *") | BW44: =COUNTIF($D44:$BC44,"ENDO")+COUNTIF($D44:$BC44,"ENDO *") | BX44: =COUNTIF($D44:$BC44,"PLASTIC")+COUNTIF($D44:$BC44,"PLASTIC *") | BY44: =COUNTIF($D44:$BC44,"PULM")+COUNTIF($D44:$BC44,"PULM *") | BZ44: =COUNTIF($D44:$BC44,"SICU")+COUNTIF($D44:$BC44,"SICU *") | CA44: =COUNTIF($D44:$BC44,"DERMATOLOGY")+COUNTIF($D44:$BC44,"DERMATOLOGY *") | CB44: =COUNTIF($D44:$BC44,"NEPHRO")+COUNTIF($D44:$BC44,"NEPHRO *") | CC44: =SUM(BQ44:CB44) | CD44: =BP44+CC44
B45: PGY-3 | C45: A. Ortiz | D45: SWING | E45: SWING | F45: SWING | G45: SWING | H45: CLINIC | I45: CLINIC | J45: CLINIC | K45: CLINIC | L45: CLINIC | M45: CLINIC | N45: SWING | O45: SWING | P45: SWING | Q45: SWING | R45: CLINIC * | S45: CLINIC * | T45: SWING | U45: SWING | V45: SWING | W45: CLINIC * | X45: CLINIC * | Y45: CLINIC * | Z45: CLINIC * | AA45: CLINIC * | AB45: CLINIC * | AC45: CLINIC * | AD45: CLINIC * | AE45: CLINIC * | AF45: CLINIC * | AG45: CLINIC * | AH45: CLINIC * | AI45: CLINIC * | AJ45: CLINIC * | AK45: CLINIC * | AL45: CLINIC * | AM45: CLINIC * | AN45: CLINIC * | AO45: C | AP45: C | AQ45: C | AR45: C | AS45: VACATION | AT45: VACATION | AU45: VACATION | AV45: VACATION | AW45: CLINIC | AX45: CLINIC | AY45: NF | AZ45: NF | BA45: NF | BB45: NF | BC45: CLINIC * | BD45: =COUNTIF($D45:$BC45,"CARDIO")+COUNTIF($D45:$BC45,"CARDIO E")+COUNTIF($D45:$BC45,"CARDIO E *")+COUNTIF($D45:$BC45,"CARDIO-HCA")+COUNTIF($D45:$BC45,"CARDIO-HCA *")+COUNTIF($D45:$BC45,"CARDIO-RAM")+COUNTIF($D45:$BC45,"CARDIO-RAM *") | BE45: =COUNTIF($D45:$BC45,"CLINIC")+COUNTIF($D45:$BC45,"CLINIC *")+COUNTIF($D45:$BC45,"URGENT CARE")+COUNTIF($D45:$BC45,"URGENT CARE *") | BF45: =COUNTIF($D45:$BC45,"ED") | BG45: =COUNTIF($D45:$BC45,"A")+COUNTIF($D45:$BC45,"B")+COUNTIF($D45:$BC45,"C")+COUNTIF($D45:$BC45,"D")+COUNTIF($D45:$BC45,"G") | BH45: =COUNTIF($D45:$BC45,"ICU") | BI45: =COUNTIF($D45:$BC45,"ICU E") | BJ45: =COUNTIF($D45:$BC45,"ICU N") | BK45: =COUNTIF($D45:$BC45,"ID")+COUNTIF($D45:$BC45,"ID *") | BL45: =COUNTIF($D45:$BC45,"NEURO")+COUNTIF($D45:$BC45,"NEURO *") | BM45: =COUNTIF($D45:$BC45,"NF") | BN45: =COUNTIF($D45:$BC45,"SWING") | BO45: =COUNTIF($D45:$BC45,"VACATION") | BP45: =SUM(BD45:BO45) | BQ45: =COUNTIF($D45:$BC45,"PALLIATIVE")+COUNTIF($D45:$BC45,"PALLIATIVE *") | BR45: =COUNTIF($D45:$BC45,"GERIATRIC")+COUNTIF($D45:$BC45,"GERIATRIC 2") | BS45: =COUNTIF($D45:$BC45,"GS")+COUNTIF($D45:$BC45,"GI")+COUNTIF($D45:$BC45,"GI *") | BT45: =COUNTIF($D45:$BC45,"HEM/ONC")+COUNTIF($D45:$BC45,"HEM/ONC *") | BU45: =COUNTIF($D45:$BC45,"PAIN MANAGEMENT")+COUNTIF($D45:$BC45,"PAIN MANAGEMENT *") | BV45: =COUNTIF($D45:$BC45,"RHEUMA")+COUNTIF($D45:$BC45,"RHEUMA *") | BW45: =COUNTIF($D45:$BC45,"ENDO")+COUNTIF($D45:$BC45,"ENDO *") | BX45: =COUNTIF($D45:$BC45,"PLASTIC")+COUNTIF($D45:$BC45,"PLASTIC *") | BY45: =COUNTIF($D45:$BC45,"PULM")+COUNTIF($D45:$BC45,"PULM *") | BZ45: =COUNTIF($D45:$BC45,"SICU")+COUNTIF($D45:$BC45,"SICU *") | CA45: =COUNTIF($D45:$BC45,"DERMATOLOGY")+COUNTIF($D45:$BC45,"DERMATOLOGY *") | CB45: =COUNTIF($D45:$BC45,"NEPHRO")+COUNTIF($D45:$BC45,"NEPHRO *") | CC45: =SUM(BQ45:CB45) | CD45: =BP45+CC45
C46: A. Lopez | D46: A | E46: A | F46: A | G46: A | H46: CLINIC * | I46: CLINIC * | J46: CLINIC * | K46: CLINIC * | L46: CLINIC * | M46: CLINIC * | N46: A | O46: A | P46: A | Q46: A | R46: CLINIC | S46: CLINIC | T46: CLINIC | U46: CLINIC | V46: CLINIC | W46: CLINIC | X46: NF | Y46: NF | Z46: NF | AA46: NF | AB46: CLINIC * | AC46: VACATION | AD46: VACATION | AE46: VACATION | AF46: VACATION | AG46: C | AH46: CLINIC * | AI46: CLINIC * | AJ46: CLINIC * | AK46: CLINIC * | AL46: CLINIC * | AM46: CLINIC * | AN46: CLINIC * | AO46: CLINIC * | AP46: CLINIC * | AQ46: CLINIC * | AR46: CLINIC * | AS46: CLINIC * | AT46: CLINIC * | AU46: CLINIC * | AV46: CLINIC * | AW46: CLINIC * | AX46: CLINIC * | AY46: SWING | AZ46: SWING | BA46: SWING | BB46: SWING | BC46: CLINIC * | BD46: =COUNTIF($D46:$BC46,"CARDIO")+COUNTIF($D46:$BC46,"CARDIO E")+COUNTIF($D46:$BC46,"CARDIO E *")+COUNTIF($D46:$BC46,"CARDIO-HCA")+COUNTIF($D46:$BC46,"CARDIO-HCA *")+COUNTIF($D46:$BC46,"CARDIO-RAM")+COUNTIF($D46:$BC46,"CARDIO-RAM *") | BE46: =COUNTIF($D46:$BC46,"CLINIC")+COUNTIF($D46:$BC46,"CLINIC *")+COUNTIF($D46:$BC46,"URGENT CARE")+COUNTIF($D46:$BC46,"URGENT CARE *") | BF46: =COUNTIF($D46:$BC46,"ED") | BG46: =COUNTIF($D46:$BC46,"A")+COUNTIF($D46:$BC46,"B")+COUNTIF($D46:$BC46,"C")+COUNTIF($D46:$BC46,"D")+COUNTIF($D46:$BC46,"G") | BH46: =COUNTIF($D46:$BC46,"ICU") | BI46: =COUNTIF($D46:$BC46,"ICU E") | BJ46: =COUNTIF($D46:$BC46,"ICU N") | BK46: =COUNTIF($D46:$BC46,"ID")+COUNTIF($D46:$BC46,"ID *") | BL46: =COUNTIF($D46:$BC46,"NEURO")+COUNTIF($D46:$BC46,"NEURO *") | BM46: =COUNTIF($D46:$BC46,"NF") | BN46: =COUNTIF($D46:$BC46,"SWING") | BO46: =COUNTIF($D46:$BC46,"VACATION") | BP46: =SUM(BD46:BO46) | BQ46: =COUNTIF($D46:$BC46,"PALLIATIVE")+COUNTIF($D46:$BC46,"PALLIATIVE *") | BR46: =COUNTIF($D46:$BC46,"GERIATRIC")+COUNTIF($D46:$BC46,"GERIATRIC 2") | BS46: =COUNTIF($D46:$BC46,"GS")+COUNTIF($D46:$BC46,"GI")+COUNTIF($D46:$BC46,"GI *") | BT46: =COUNTIF($D46:$BC46,"HEM/ONC")+COUNTIF($D46:$BC46,"HEM/ONC *") | BU46: =COUNTIF($D46:$BC46,"PAIN MANAGEMENT")+COUNTIF($D46:$BC46,"PAIN MANAGEMENT *") | BV46: =COUNTIF($D46:$BC46,"RHEUMA")+COUNTIF($D46:$BC46,"RHEUMA *") | BW46: =COUNTIF($D46:$BC46,"ENDO")+COUNTIF($D46:$BC46,"ENDO *") | BX46: =COUNTIF($D46:$BC46,"PLASTIC")+COUNTIF($D46:$BC46,"PLASTIC *") | BY46: =COUNTIF($D46:$BC46,"PULM")+COUNTIF($D46:$BC46,"PULM *") | BZ46: =COUNTIF($D46:$BC46,"SICU")+COUNTIF($D46:$BC46,"SICU *") | CA46: =COUNTIF($D46:$BC46,"DERMATOLOGY")+COUNTIF($D46:$BC46,"DERMATOLOGY *") | CB46: =COUNTIF($D46:$BC46,"NEPHRO")+COUNTIF($D46:$BC46,"NEPHRO *") | CC46: =SUM(BQ46:CB46) | CD46: =BP46+CC46
D48: 07/01-07/06 | E48: 07/07-07/13 | F48: 07/14-07/20 | G48: 07/21-07/27 | H48: 07/28-08/03 | I48: 08/04-08/10 | J48: 08/11-08/17 | K48: 08/18-08/24 | L48: 08/25-8/31 | M48: 09/01-09/07 | N48: 09/08-09/14 | O48: 09/15-09/21 | P48: 09/22-09/28 | Q48: 09/29-10/05 | R48: 10/06-10/12 | S48: 10/13-10/19 | T48: 10/20-10/26 | U48: 10/27-11/02 | V48: 11/03-11/09 | W48: 11/10-11/16 | X48: 11/17-11/23 | Y48: 11/24-11/30 | Z48: 12/01-12/07 | AA48: 12/08-12/14 | AB48: 12/15-12/21 | AC48: 12/22-12/28 | AD48: 12/29-01/04 | AE48: 01/05-01/11 | AF48: 01/12-01/18 | AG48: 01/19-01/25 | AH48: 01/26-02/01 | AI48: 02/02-02/08 | AJ48: 02/09-02/15 | AK48: 02/16-02/22 | AL48: 02/23-03/01 | AM48: 03/02-03/08 | AN48: 03/09-03/15 | AO48: 03/16-03/22 | AP48: 03/23-03/29 | AQ48: 03/30-04/05 | AR48: 04/06-04/12 | AS48: 04/13-04/19 | AT48: 04/20-04/26 | AU48: 04/27-05/03 | AV48: 05/04-05/10 | AW48: 05/11-05/17 | AX48: 05/18-05/24 | AY48: 05/25-05/31 | AZ48: 06/01-06/07 | BA48: 06/08-06/14 | BB48: 06/15-06/21 | BC48: 06/22-06/30
B49: TY | C49: J. Kourkoumelis | D49: B | E49: B | F49: B | G49: B | H49: B | I49: B | J49: B | K49: B | L49: B | M49: B | N49: B | O49: B | P49: NF | Q49: NF | R49: B | S49: B | T49: B | U49: B | V49: B | W49: ICU E | X49: ICU E | Y49: ICU E | Z49: ICU E | AA49: VACATION | AB49: VACATION | AC49: VACATION | AD49: VACATION | AE49: ED | AF49: ED | AG49: ICU E | AH49: ICU E | AI49: CLINIC * | AJ49: B | AK49: B | AL49: B | AM49: B | AN49: B | AO49: ICU | AP49: ICU | AQ49: ICU | AR49: ICU | AS49: ID | AT49: ID | AU49: A | AV49: A | AW49: A | AX49: A | AY49: ICU N | AZ49: ICU N | BA49: CLINIC | BB49: CLINIC | BC49: CLINIC | BD49: =COUNTIF($D49:$BC49,"CARDIO")+COUNTIF($D49:$BC49,"CARDIO E")+COUNTIF($D49:$BC49,"CARDIO E *")*COUNTIF($D49:$BC49,"CARDIO-HCA")+COUNTIF($D49:$BC49,"CARDIO-HCA*")+COUNTIF($D49:$BC49,"CARDIO-RAM")+COUNTIF($D49:$BC49,"CARDIO-RAM *") | BE49: =COUNTIF($D49:$BC49,"CLINIC")+COUNTIF($D49:$BC49,"CLINIC*")+COUNTIF($D49:$BC49,"INR CLINIC")+COUNTIF($D49:$BC49,"INR CLINIC *")+COUNTIF($D49:$BC49,"URGENT CARE")+COUNTIF($D49:$BC49,"URGENT CARE *") | BF49: =COUNTIF($D49:$BC49,"ED") | BG49: =COUNTIF($D49:$BC49,"A")+COUNTIF($D49:$BC49,"B")+COUNTIF($D49:$BC49,"C")+COUNTIF($D49:$BC49,"D")+COUNTIF($D49:$BC49,"G") | BH49: =COUNTIF($D49:$BC49,"ICU") | BI49: =COUNTIF($D49:$BC49,"ICU E") | BJ49: =COUNTIF($D49:$BC49,"ICU N") | BK49: =COUNTIF($D49:$BC49,"ID")+COUNTIF($D49:$BC49,"ID *") | BL49: =COUNTIF($D49:$BC49,"NEURO")+COUNTIF($D49:$BC49,"NEURO *") | BM49: =COUNTIF($D49:$BC49,"NF") | BN49: =COUNTIF($D49:$BC49,"SWING") | BO49: =COUNTIF($D49:$BC49,"VACATION") | BP49: =SUM(BD49:BO49) | BQ49: =COUNTIF($D49:$BC49,"ANESTHESIA") | BR49: =COUNTIF($D49:$BC49,"GERIATRIC")+COUNTIF($D49:$BC49,"GERIATRIC 2") | BS49: =COUNTIF($D49:$BC49,"GS") | BT49: =COUNTIF($D49:$BC49,"HEM/ONC")+COUNTIF($D49:$BC49,"HEM/ONC *") | BU49: =COUNTIF($D49:$BC49,"IR RADIOLOGY")+COUNTIF($D49:$BC49,"IR RADIOLOGY *") | BV49: =COUNTIF($D49:$BC49,"NEPHRO")+COUNTIF($D49:$BC49,"NEPHRO *") | BW49: =COUNTIF($D49:$BC49,"PALLIATIVE")+COUNTIF($D49:$BC49,"PALLIATIVE *") | BX49: =COUNTIF($D49:$BC49,"PLASTIC")+COUNTIF($D49:$BC49,"PLASTIC *") | BY49: =COUNTIF($D49:$BC49,"PULM") | BZ49: =COUNTIF($D49:$BC49,"SICU")+COUNTIF($D49:$BC49,"SICU *") | CA49: =COUNTIF($D49:$BC49,"DERMATOLOGY")+COUNTIF($D49:$BC49,"DERMATOLOGY *") | CB49: =COUNTIF($D49:$BC49,"NEPHRO")+COUNTIF($D49:$BC49,"NEPHRO *") | CC49: =SUM(BQ49:CB49) | CD49: =BP49+CC49
C50: F. Mendez | D50: A | E50: A | F50: A | G50: A | H50: A | I50: A | J50: A | K50: A | L50: ICU E | M50: ICU E | N50: ICU E | O50: D | P50: D | Q50: D | R50: ICU | S50: ICU | T50: VACATION | U50: CLINIC * | V50: CLINIC * | W50: VACATION | X50: VACATION | Y50: VACATION | Z50: A | AA50: A | AB50: A | AC50: A | AD50: A | AE50: A | AF50: A | AG50: A | AH50: A | AI50: A | AJ50: A | AK50: A | AL50: A | AM50: A | AN50: NF | AO50: NF | AP50: CLINIC * | AQ50: CLINIC * | AR50: ICU N | AS50: ICU N | AT50: ICU N | AU50: ICU N | AV50: ED | AW50: ED | AX50: NF | AY50: NF | AZ50: ID | BA50: ID | BB50: ID | BC50: ID | BD50: =COUNTIF($D50:$BC50,"CARDIO")+COUNTIF($D50:$BC50,"CARDIO E")+COUNTIF($D50:$BC50,"CARDIO E *")*COUNTIF($D50:$BC50,"CARDIO-HCA")+COUNTIF($D50:$BC50,"CARDIO-HCA*")+COUNTIF($D50:$BC50,"CARDIO-RAM")+COUNTIF($D50:$BC50,"CARDIO-RAM *") | BE50: =COUNTIF($D50:$BC50,"CLINIC")+COUNTIF($D50:$BC50,"CLINIC*")+COUNTIF($D50:$BC50,"INR CLINIC")+COUNTIF($D50:$BC50,"INR CLINIC *")+COUNTIF($D50:$BC50,"URGENT CARE")+COUNTIF($D50:$BC50,"URGENT CARE *") | BF50: =COUNTIF($D50:$BC50,"ED") | BG50: =COUNTIF($D50:$BC50,"A")+COUNTIF($D50:$BC50,"B")+COUNTIF($D50:$BC50,"C")+COUNTIF($D50:$BC50,"D")+COUNTIF($D50:$BC50,"G") | BH50: =COUNTIF($D50:$BC50,"ICU") | BI50: =COUNTIF($D50:$BC50,"ICU E") | BJ50: =COUNTIF($D50:$BC50,"ICU N") | BK50: =COUNTIF($D50:$BC50,"ID")+COUNTIF($D50:$BC50,"ID *") | BL50: =COUNTIF($D50:$BC50,"NEURO")+COUNTIF($D50:$BC50,"NEURO *") | BM50: =COUNTIF($D50:$BC50,"NF") | BN50: =COUNTIF($D50:$BC50,"SWING") | BO50: =COUNTIF($D50:$BC50,"VACATION") | BP50: =SUM(BD50:BO50) | BQ50: =COUNTIF($D50:$BC50,"ANESTHESIA") | BR50: =COUNTIF($D50:$BC50,"GERIATRIC")+COUNTIF($D50:$BC50,"GERIATRIC 2") | BS50: =COUNTIF($D50:$BC50,"GS") | BT50: =COUNTIF($D50:$BC50,"HEM/ONC")+COUNTIF($D50:$BC50,"HEM/ONC *") | BU50: =COUNTIF($D50:$BC50,"IR RADIOLOGY")+COUNTIF($D50:$BC50,"IR RADIOLOGY *") | BV50: =COUNTIF($D50:$BC50,"NEPHRO")+COUNTIF($D50:$BC50,"NEPHRO *") | BW50: =COUNTIF($D50:$BC50,"PALLIATIVE")+COUNTIF($D50:$BC50,"PALLIATIVE *") | BX50: =COUNTIF($D50:$BC50,"PLASTIC")+COUNTIF($D50:$BC50,"PLASTIC *") | BY50: =COUNTIF($D50:$BC50,"PULM") | BZ50: =COUNTIF($D50:$BC50,"SICU")+COUNTIF($D50:$BC50,"SICU *") | CA50: =COUNTIF($D50:$BC50,"DERMATOLOGY")+COUNTIF($D50:$BC50,"DERMATOLOGY *") | CB50: =COUNTIF($D50:$BC50,"NEPHRO")+COUNTIF($D50:$BC50,"NEPHRO *") | CC50: =SUM(BQ50:CB50) | CD50: =BP50+CC50
B51: TY | C51: B. To | D51: ED | E51: ED | F51: ICU N | G51: ICU N | H51: C | I51: C | J51: ICU | K51: ICU | L51: A | M51: A | N51: A | O51: A | P51: A | Q51: A | R51: A | S51: A | T51: VACATION | U51: VACATION | V51: VACATION | W51: VACATION | X51: C | Y51: C | Z51: C | AA51: C | AB51: C | AC51: C | AD51: C | AE51: C | AF51: C | AG51: CLINIC | AH51: CLINIC | AI51: CLINIC | AJ51: CLINIC | AK51: ICU E | AL51: ICU E | AM51: ICU E | AN51: ICU E | AO51: A | AP51: A | AQ51: A | AR51: A | AS51: A | AT51: A | AU51: A | AV51: ID | AW51: D | AX51: D | AY51: ID | AZ51: B | BA51: B | BB51: B | BC51: B | BD51: =COUNTIF($D51:$BC51,"CARDIO")+COUNTIF($D51:$BC51,"CARDIO E")+COUNTIF($D51:$BC51,"CARDIO E *")*COUNTIF($D51:$BC51,"CARDIO-HCA")+COUNTIF($D51:$BC51,"CARDIO-HCA*")+COUNTIF($D51:$BC51,"CARDIO-RAM")+COUNTIF($D51:$BC51,"CARDIO-RAM *") | BE51: =COUNTIF($D51:$BC51,"CLINIC")+COUNTIF($D51:$BC51,"CLINIC*")+COUNTIF($D51:$BC51,"INR CLINIC")+COUNTIF($D51:$BC51,"INR CLINIC *")+COUNTIF($D51:$BC51,"URGENT CARE")+COUNTIF($D51:$BC51,"URGENT CARE *") | BF51: =COUNTIF($D51:$BC51,"ED") | BG51: =COUNTIF($D51:$BC51,"A")+COUNTIF($D51:$BC51,"B")+COUNTIF($D51:$BC51,"C")+COUNTIF($D51:$BC51,"D")+COUNTIF($D51:$BC51,"G") | BH51: =COUNTIF($D51:$BC51,"ICU") | BI51: =COUNTIF($D51:$BC51,"ICU E") | BJ51: =COUNTIF($D51:$BC51,"ICU N") | BK51: =COUNTIF($D51:$BC51,"ID")+COUNTIF($D51:$BC51,"ID *") | BL51: =COUNTIF($D51:$BC51,"NEURO")+COUNTIF($D51:$BC51,"NEURO *") | BM51: =COUNTIF($D51:$BC51,"NF") | BN51: =COUNTIF($D51:$BC51,"SWING") | BO51: =COUNTIF($D51:$BC51,"VACATION") | BP51: =SUM(BD51:BO51) | BQ51: =COUNTIF($D51:$BC51,"ANESTHESIA") | BR51: =COUNTIF($D51:$BC51,"GERIATRIC")+COUNTIF($D51:$BC51,"GERIATRIC 2") | BS51: =COUNTIF($D51:$BC51,"GS") | BT51: =COUNTIF($D51:$BC51,"HEM/ONC")+COUNTIF($D51:$BC51,"HEM/ONC *") | BU51: =COUNTIF($D51:$BC51,"IR RADIOLOGY")+COUNTIF($D51:$BC51,"IR RADIOLOGY *") | BV51: =COUNTIF($D51:$BC51,"NEPHRO")+COUNTIF($D51:$BC51,"NEPHRO *") | BW51: =COUNTIF($D51:$BC51,"PALLIATIVE")+COUNTIF($D51:$BC51,"PALLIATIVE *") | BX51: =COUNTIF($D51:$BC51,"PLASTIC")+COUNTIF($D51:$BC51,"PLASTIC *") | BY51: =COUNTIF($D51:$BC51,"PULM") | BZ51: =COUNTIF($D51:$BC51,"SICU")+COUNTIF($D51:$BC51,"SICU *") | CA51: =COUNTIF($D51:$BC51,"DERMATOLOGY")+COUNTIF($D51:$BC51,"DERMATOLOGY *") | CB51: =COUNTIF($D51:$BC51,"NEPHRO")+COUNTIF($D51:$BC51,"NEPHRO *") | CC51: =SUM(BQ51:CB51) | CD51: =BP51+CC51
C52: O. Conde | D52: NF | E52: NF | F52: NF | G52: VACATION | H52: VACATION | I52: VACATION | J52: D | K52: D | L52: D | M52: D | N52: VACATION | O52: ICU | P52: C | Q52: C | R52: C | S52: C | T52: C | U52: C | V52: C | W52: ICU N | X52: ICU N | Y52: ICU N | Z52: ICU N | AA52: ID | AB52: ID | AC52: C | AD52: C | AE52: C | AF52: C | AG52: C | AH52: C | AI52: CLINIC * | AJ52: CLINIC * | AK52: CLINIC * | AL52: CLINIC * | AM52: CLINIC * | AN52: ICU E | AO52: ICU E | AP52: ED | AQ52: ED | AR52: B | AS52: B | AT52: B | AU52: D | AV52: D | AW52: D | AX52: D | AY52: D | AZ52: D | BA52: D | BB52: D | BC52: ICU | BD52: =COUNTIF($D52:$BC52,"CARDIO")+COUNTIF($D52:$BC52,"CARDIO E")+COUNTIF($D52:$BC52,"CARDIO E *")*COUNTIF($D52:$BC52,"CARDIO-HCA")+COUNTIF($D52:$BC52,"CARDIO-HCA*")+COUNTIF($D52:$BC52,"CARDIO-RAM")+COUNTIF($D52:$BC52,"CARDIO-RAM *") | BE52: =COUNTIF($D52:$BC52,"CLINIC")+COUNTIF($D52:$BC52,"CLINIC*")+COUNTIF($D52:$BC52,"INR CLINIC")+COUNTIF($D52:$BC52,"INR CLINIC *")+COUNTIF($D52:$BC52,"URGENT CARE")+COUNTIF($D52:$BC52,"URGENT CARE *") | BF52: =COUNTIF($D52:$BC52,"ED") | BG52: =COUNTIF($D52:$BC52,"A")+COUNTIF($D52:$BC52,"B")+COUNTIF($D52:$BC52,"C")+COUNTIF($D52:$BC52,"D")+COUNTIF($D52:$BC52,"G") | BH52: =COUNTIF($D52:$BC52,"ICU") | BI52: =COUNTIF($D52:$BC52,"ICU E") | BJ52: =COUNTIF($D52:$BC52,"ICU N") | BK52: =COUNTIF($D52:$BC52,"ID")+COUNTIF($D52:$BC52,"ID *") | BL52: =COUNTIF($D52:$BC52,"NEURO")+COUNTIF($D52:$BC52,"NEURO *") | BM52: =COUNTIF($D52:$BC52,"NF") | BN52: =COUNTIF($D52:$BC52,"SWING") | BO52: =COUNTIF($D52:$BC52,"VACATION") | BP52: =SUM(BD52:BO52) | BQ52: =COUNTIF($D52:$BC52,"ANESTHESIA") | BR52: =COUNTIF($D52:$BC52,"GERIATRIC")+COUNTIF($D52:$BC52,"GERIATRIC 2") | BS52: =COUNTIF($D52:$BC52,"GS") | BT52: =COUNTIF($D52:$BC52,"HEM/ONC")+COUNTIF($D52:$BC52,"HEM/ONC *") | BU52: =COUNTIF($D52:$BC52,"IR RADIOLOGY")+COUNTIF($D52:$BC52,"IR RADIOLOGY *") | BV52: =COUNTIF($D52:$BC52,"NEPHRO")+COUNTIF($D52:$BC52,"NEPHRO *") | BW52: =COUNTIF($D52:$BC52,"PALLIATIVE")+COUNTIF($D52:$BC52,"PALLIATIVE *") | BX52: =COUNTIF($D52:$BC52,"PLASTIC")+COUNTIF($D52:$BC52,"PLASTIC *") | BY52: =COUNTIF($D52:$BC52,"PULM") | BZ52: =COUNTIF($D52:$BC52,"SICU")+COUNTIF($D52:$BC52,"SICU *") | CA52: =COUNTIF($D52:$BC52,"DERMATOLOGY")+COUNTIF($D52:$BC52,"DERMATOLOGY *") | CB52: =COUNTIF($D52:$BC52,"NEPHRO")+COUNTIF($D52:$BC52,"NEPHRO *") | CC52: =SUM(BQ52:CB52) | CD52: =BP52+CC52
B53: TY | C53: A. Dereje | D53: VACATION | E53: VACATION | F53: D | G53: D | H53: D | I53: D | J53: ID | K53: ID | L53: ID | M53: C | N53: C | O53: C | P53: C | Q53: C | R53: C | S53: C | T53: C | U53: ICU | V53: ICU | W53: ED | X53: ED | Y53: VACATION | Z53: VACATION | AA53: CLINIC * | AB53: CLINIC * | AC53: ICU | AD53: ICU | AE53: NF | AF53: D | AG53: D | AH53: D | AI53: D | AJ53: D | AK53: D | AL53: D | AM53: D | AN53: CLINIC * | AO53: CLINIC * | AP53: C | AQ53: C | AR53: C | AS53: C | AT53: C | AU53: ICU | AV53: ICU | AW53: ICU | AX53: ICU | AY53: A | AZ53: A | BA53: A | BB53: A | BC53: A | BD53: =COUNTIF($D53:$BC53,"CARDIO")+COUNTIF($D53:$BC53,"CARDIO E")+COUNTIF($D53:$BC53,"CARDIO E *")*COUNTIF($D53:$BC53,"CARDIO-HCA")+COUNTIF($D53:$BC53,"CARDIO-HCA*")+COUNTIF($D53:$BC53,"CARDIO-RAM")+COUNTIF($D53:$BC53,"CARDIO-RAM *") | BE53: =COUNTIF($D53:$BC53,"CLINIC")+COUNTIF($D53:$BC53,"CLINIC*")+COUNTIF($D53:$BC53,"INR CLINIC")+COUNTIF($D53:$BC53,"INR CLINIC *")+COUNTIF($D53:$BC53,"URGENT CARE")+COUNTIF($D53:$BC53,"URGENT CARE *") | BF53: =COUNTIF($D53:$BC53,"ED") | BG53: =COUNTIF($D53:$BC53,"A")+COUNTIF($D53:$BC53,"B")+COUNTIF($D53:$BC53,"C")+COUNTIF($D53:$BC53,"D")+COUNTIF($D53:$BC53,"G") | BH53: =COUNTIF($D53:$BC53,"ICU") | BI53: =COUNTIF($D53:$BC53,"ICU E") | BJ53: =COUNTIF($D53:$BC53,"ICU N") | BK53: =COUNTIF($D53:$BC53,"ID")+COUNTIF($D53:$BC53,"ID *") | BL53: =COUNTIF($D53:$BC53,"NEURO")+COUNTIF($D53:$BC53,"NEURO *") | BM53: =COUNTIF($D53:$BC53,"NF") | BN53: =COUNTIF($D53:$BC53,"SWING") | BO53: =COUNTIF($D53:$BC53,"VACATION") | BP53: =SUM(BD53:BO53) | BQ53: =COUNTIF($D53:$BC53,"ANESTHESIA") | BR53: =COUNTIF($D53:$BC53,"GERIATRIC")+COUNTIF($D53:$BC53,"GERIATRIC 2") | BS53: =COUNTIF($D53:$BC53,"GS") | BT53: =COUNTIF($D53:$BC53,"HEM/ONC")+COUNTIF($D53:$BC53,"HEM/ONC *") | BU53: =COUNTIF($D53:$BC53,"IR RADIOLOGY")+COUNTIF($D53:$BC53,"IR RADIOLOGY *") | BV53: =COUNTIF($D53:$BC53,"NEPHRO")+COUNTIF($D53:$BC53,"NEPHRO *") | BW53: =COUNTIF($D53:$BC53,"PALLIATIVE")+COUNTIF($D53:$BC53,"PALLIATIVE *") | BX53: =COUNTIF($D53:$BC53,"PLASTIC")+COUNTIF($D53:$BC53,"PLASTIC *") | BY53: =COUNTIF($D53:$BC53,"PULM") | BZ53: =COUNTIF($D53:$BC53,"SICU")+COUNTIF($D53:$BC53,"SICU *") | CA53: =COUNTIF($D53:$BC53,"DERMATOLOGY")+COUNTIF($D53:$BC53,"DERMATOLOGY *") | CB53: =COUNTIF($D53:$BC53,"NEPHRO")+COUNTIF($D53:$BC53,"NEPHRO *") | CC53: =SUM(BQ53:CB53) | CD53: =BP53+CC53
C54: T. Araujo | D54: ED | E54: ED | F54: ICU E | G54: ICU E | H54: ICU E | I54: B | J54: B | K54: B | L54: B | M54: B | N54: VACATION | O54: ICU N | P54: ICU N | Q54: ICU N | R54: NF | S54: CLINIC * | T54: CLINIC * | U54: CLINIC * | V54: A | W54: A | X54: NF | Y54: NF | Z54: NF | AA54: ICU E | AB54: VACATION | AC54: VACATION | AD54: VACATION | AE54: ID | AF54: ID | AG54: ID | AH54: ICU E | AI54: ICU E | AJ54: ICU E | AK54: C | AL54: C | AM54: C | AN54: C | AO54: CLINIC | AP54: CLINIC | AQ54: C | AR54: C | AS54: C | AT54: C | AU54: C | AV54: C | AW54: C | AX54: ID | AY54: ID | AZ54: ID | BA54: ID | BB54: ID | BC54: ID | BD54: =COUNTIF($D54:$BC54,"CARDIO")+COUNTIF($D54:$BC54,"CARDIO E")+COUNTIF($D54:$BC54,"CARDIO E *")*COUNTIF($D54:$BC54,"CARDIO-HCA")+COUNTIF($D54:$BC54,"CARDIO-HCA*")+COUNTIF($D54:$BC54,"CARDIO-RAM")+COUNTIF($D54:$BC54,"CARDIO-RAM *") | BE54: =COUNTIF($D54:$BC54,"CLINIC")+COUNTIF($D54:$BC54,"CLINIC*")+COUNTIF($D54:$BC54,"INR CLINIC")+COUNTIF($D54:$BC54,"INR CLINIC *")+COUNTIF($D54:$BC54,"URGENT CARE")+COUNTIF($D54:$BC54,"URGENT CARE *") | BF54: =COUNTIF($D54:$BC54,"ED") | BG54: =COUNTIF($D54:$BC54,"A")+COUNTIF($D54:$BC54,"B")+COUNTIF($D54:$BC54,"C")+COUNTIF($D54:$BC54,"D")+COUNTIF($D54:$BC54,"G") | BH54: =COUNTIF($D54:$BC54,"ICU") | BI54: =COUNTIF($D54:$BC54,"ICU E") | BJ54: =COUNTIF($D54:$BC54,"ICU N") | BK54: =COUNTIF($D54:$BC54,"ID")+COUNTIF($D54:$BC54,"ID *") | BL54: =COUNTIF($D54:$BC54,"NEURO")+COUNTIF($D54:$BC54,"NEURO *") | BM54: =COUNTIF($D54:$BC54,"NF") | BN54: =COUNTIF($D54:$BC54,"SWING") | BO54: =COUNTIF($D54:$BC54,"VACATION") | BP54: =SUM(BD54:BO54) | BQ54: =COUNTIF($D54:$BC54,"ANESTHESIA") | BR54: =COUNTIF($D54:$BC54,"GERIATRIC")+COUNTIF($D54:$BC54,"GERIATRIC 2") | BS54: =COUNTIF($D54:$BC54,"GS") | BT54: =COUNTIF($D54:$BC54,"HEM/ONC")+COUNTIF($D54:$BC54,"HEM/ONC *") | BU54: =COUNTIF($D54:$BC54,"IR RADIOLOGY")+COUNTIF($D54:$BC54,"IR RADIOLOGY *") | BV54: =COUNTIF($D54:$BC54,"NEPHRO")+COUNTIF($D54:$BC54,"NEPHRO *") | BW54: =COUNTIF($D54:$BC54,"PALLIATIVE")+COUNTIF($D54:$BC54,"PALLIATIVE *") | BX54: =COUNTIF($D54:$BC54,"PLASTIC")+COUNTIF($D54:$BC54,"PLASTIC *") | BY54: =COUNTIF($D54:$BC54,"PULM") | BZ54: =COUNTIF($D54:$BC54,"SICU")+COUNTIF($D54:$BC54,"SICU *") | CA54: =COUNTIF($D54:$BC54,"DERMATOLOGY")+COUNTIF($D54:$BC54,"DERMATOLOGY *") | CB54: =COUNTIF($D54:$BC54,"NEPHRO")+COUNTIF($D54:$BC54,"NEPHRO *") | CC54: =SUM(BQ54:CB54) | CD54: =BP54+CC54
B55: TY | C55: C. Pandya | D55: VACATION | E55: ICU | F55: ICU | G55: C | H55: C | I55: C | J55: C | K55: C | L55: ID | M55: ID | N55: ID | O55: B | P55: B | Q55: B | R55: ICU E | S55: ICU E | T55: ICU E | U55: ICU E | V55: D | W55: D | X55: CLINIC * | Y55: CLINIC * | Z55: ICU E | AA55: ICU E | AB55: ICU E | AC55: VACATION | AD55: VACATION | AE55: VACATION | AF55: A | AG55: A | AH55: A | AI55: A | AJ55: A | AK55: A | AL55: A | AM55: ED | AN55: ED | AO55: NF | AP55: NF | AQ55: ICU | AR55: ICU | AS55: ICU | AT55: CLINIC | AU55: CLINIC | AV55: ICU N | AW55: ICU N | AX55: ICU N | AY55: ICU N | AZ55: A | BA55: A | BB55: A | BC55: A | BD55: =COUNTIF($D55:$BC55,"CARDIO")+COUNTIF($D55:$BC55,"CARDIO E")+COUNTIF($D55:$BC55,"CARDIO E *")*COUNTIF($D55:$BC55,"CARDIO-HCA")+COUNTIF($D55:$BC55,"CARDIO-HCA*")+COUNTIF($D55:$BC55,"CARDIO-RAM")+COUNTIF($D55:$BC55,"CARDIO-RAM *") | BE55: =COUNTIF($D55:$BC55,"CLINIC")+COUNTIF($D55:$BC55,"CLINIC*")+COUNTIF($D55:$BC55,"INR CLINIC")+COUNTIF($D55:$BC55,"INR CLINIC *")+COUNTIF($D55:$BC55,"URGENT CARE")+COUNTIF($D55:$BC55,"URGENT CARE *") | BF55: =COUNTIF($D55:$BC55,"ED") | BG55: =COUNTIF($D55:$BC55,"A")+COUNTIF($D55:$BC55,"B")+COUNTIF($D55:$BC55,"C")+COUNTIF($D55:$BC55,"D")+COUNTIF($D55:$BC55,"G") | BH55: =COUNTIF($D55:$BC55,"ICU") | BI55: =COUNTIF($D55:$BC55,"ICU E") | BJ55: =COUNTIF($D55:$BC55,"ICU N") | BK55: =COUNTIF($D55:$BC55,"ID")+COUNTIF($D55:$BC55,"ID *") | BL55: =COUNTIF($D55:$BC55,"NEURO")+COUNTIF($D55:$BC55,"NEURO *") | BM55: =COUNTIF($D55:$BC55,"NF") | BN55: =COUNTIF($D55:$BC55,"SWING") | BO55: =COUNTIF($D55:$BC55,"VACATION") | BP55: =SUM(BD55:BO55) | BQ55: =COUNTIF($D55:$BC55,"ANESTHESIA") | BR55: =COUNTIF($D55:$BC55,"GERIATRIC")+COUNTIF($D55:$BC55,"GERIATRIC 2") | BS55: =COUNTIF($D55:$BC55,"GS") | BT55: =COUNTIF($D55:$BC55,"HEM/ONC")+COUNTIF($D55:$BC55,"HEM/ONC *") | BU55: =COUNTIF($D55:$BC55,"IR RADIOLOGY")+COUNTIF($D55:$BC55,"IR RADIOLOGY *") | BV55: =COUNTIF($D55:$BC55,"NEPHRO")+COUNTIF($D55:$BC55,"NEPHRO *") | BW55: =COUNTIF($D55:$BC55,"PALLIATIVE")+COUNTIF($D55:$BC55,"PALLIATIVE *") | BX55: =COUNTIF($D55:$BC55,"PLASTIC")+COUNTIF($D55:$BC55,"PLASTIC *") | BY55: =COUNTIF($D55:$BC55,"PULM") | BZ55: =COUNTIF($D55:$BC55,"SICU")+COUNTIF($D55:$BC55,"SICU *") | CA55: =COUNTIF($D55:$BC55,"DERMATOLOGY")+COUNTIF($D55:$BC55,"DERMATOLOGY *") | CB55: =COUNTIF($D55:$BC55,"NEPHRO")+COUNTIF($D55:$BC55,"NEPHRO *") | CC55: =SUM(BQ55:CB55) | CD55: =BP55+CC55
C56: D. Rente | D56: ICU | E56: ED | F56: ED | G56: ED | H56: ICU N | I56: ICU N | J56: A | K56: A | L56: A | M56: A | N56: A | O56: A | P56: A | Q56: A | R56: A | S56: A | T56: ICU E | U56: ICU E | V56: ICU E | W56: B | X56: B | Y56: B | Z56: B | AA56: D | AB56: ID | AC56: ID | AD56: ICU N | AE56: B | AF56: B | AG56: B | AH56: B | AI56: VACATION | AJ56: VACATION | AK56: VACATION | AL56: VACATION | AM56: B | AN56: B | AO56: B | AP56: B | AQ56: B | AR56: B | AS56: B | AT56: B | AU56: B | AV56: B | AW56: B | AX56: ICU | AY56: CLINIC * | AZ56: CLINIC * | BA56: CLINIC * | BB56: CLINIC * | BC56: CLINIC * | BD56: =COUNTIF($D56:$BC56,"CARDIO")+COUNTIF($D56:$BC56,"CARDIO E")+COUNTIF($D56:$BC56,"CARDIO E *")*COUNTIF($D56:$BC56,"CARDIO-HCA")+COUNTIF($D56:$BC56,"CARDIO-HCA*")+COUNTIF($D56:$BC56,"CARDIO-RAM")+COUNTIF($D56:$BC56,"CARDIO-RAM *") | BE56: =COUNTIF($D56:$BC56,"CLINIC")+COUNTIF($D56:$BC56,"CLINIC*")+COUNTIF($D56:$BC56,"INR CLINIC")+COUNTIF($D56:$BC56,"INR CLINIC *")+COUNTIF($D56:$BC56,"URGENT CARE")+COUNTIF($D56:$BC56,"URGENT CARE *") | BF56: =COUNTIF($D56:$BC56,"ED") | BG56: =COUNTIF($D56:$BC56,"A")+COUNTIF($D56:$BC56,"B")+COUNTIF($D56:$BC56,"C")+COUNTIF($D56:$BC56,"D")+COUNTIF($D56:$BC56,"G") | BH56: =COUNTIF($D56:$BC56,"ICU") | BI56: =COUNTIF($D56:$BC56,"ICU E") | BJ56: =COUNTIF($D56:$BC56,"ICU N") | BK56: =COUNTIF($D56:$BC56,"ID")+COUNTIF($D56:$BC56,"ID *") | BL56: =COUNTIF($D56:$BC56,"NEURO")+COUNTIF($D56:$BC56,"NEURO *") | BM56: =COUNTIF($D56:$BC56,"NF") | BN56: =COUNTIF($D56:$BC56,"SWING") | BO56: =COUNTIF($D56:$BC56,"VACATION") | BP56: =SUM(BD56:BO56) | BQ56: =COUNTIF($D56:$BC56,"ANESTHESIA") | BR56: =COUNTIF($D56:$BC56,"GERIATRIC")+COUNTIF($D56:$BC56,"GERIATRIC 2") | BS56: =COUNTIF($D56:$BC56,"GS") | BT56: =COUNTIF($D56:$BC56,"HEM/ONC")+COUNTIF($D56:$BC56,"HEM/ONC *") | BU56: =COUNTIF($D56:$BC56,"IR RADIOLOGY")+COUNTIF($D56:$BC56,"IR RADIOLOGY *") | BV56: =COUNTIF($D56:$BC56,"NEPHRO")+COUNTIF($D56:$BC56,"NEPHRO *") | BW56: =COUNTIF($D56:$BC56,"PALLIATIVE")+COUNTIF($D56:$BC56,"PALLIATIVE *") | BX56: =COUNTIF($D56:$BC56,"PLASTIC")+COUNTIF($D56:$BC56,"PLASTIC *") | BY56: =COUNTIF($D56:$BC56,"PULM") | BZ56: =COUNTIF($D56:$BC56,"SICU")+COUNTIF($D56:$BC56,"SICU *") | CA56: =COUNTIF($D56:$BC56,"DERMATOLOGY")+COUNTIF($D56:$BC56,"DERMATOLOGY *") | CB56: =COUNTIF($D56:$BC56,"NEPHRO")+COUNTIF($D56:$BC56,"NEPHRO *") | CC56: =SUM(BQ56:CB56) | CD56: =BP56+CC56
B57: TY | BD57: =COUNTIF($D57:$BC57,"CARDIO")+COUNTIF($D57:$BC57,"CARDIO E")+COUNTIF($D57:$BC57,"CARDIO E *")*COUNTIF($D57:$BC57,"CARDIO-HCA")+COUNTIF($D57:$BC57,"CARDIO-HCA*")+COUNTIF($D57:$BC57,"CARDIO-RAM")+COUNTIF($D57:$BC57,"CARDIO-RAM *") | BE57: =COUNTIF($D57:$BC57,"CLINIC")+COUNTIF($D57:$BC57,"CLINIC*")+COUNTIF($D57:$BC57,"INR CLINIC")+COUNTIF($D57:$BC57,"INR CLINIC *")+COUNTIF($D57:$BC57,"URGENT CARE")+COUNTIF($D57:$BC57,"URGENT CARE *") | BF57: =COUNTIF($D57:$BC57,"ED") | BG57: =COUNTIF($D57:$BC57,"A")+COUNTIF($D57:$BC57,"B")+COUNTIF($D57:$BC57,"C")+COUNTIF($D57:$BC57,"D")+COUNTIF($D57:$BC57,"G") | BH57: =COUNTIF($D57:$BC57,"ICU") | BI57: =COUNTIF($D57:$BC57,"ICU E") | BJ57: =COUNTIF($D57:$BC57,"ICU N") | BK57: =COUNTIF($D57:$BC57,"ID")+COUNTIF($D57:$BC57,"ID *") | BL57: =COUNTIF($D57:$BC57,"NEURO")+COUNTIF($D57:$BC57,"NEURO *") | BM57: =COUNTIF($D57:$BC57,"NF") | BN57: =COUNTIF($D57:$BC57,"SWING") | BO57: =COUNTIF($D57:$BC57,"VACATION") | BP57: =SUM(BD57:BO57) | BQ57: =COUNTIF($D57:$BC57,"ANESTHESIA") | BR57: =COUNTIF($D57:$BC57,"GERIATRIC")+COUNTIF($D57:$BC57,"GERIATRIC 2") | BS57: =COUNTIF($D57:$BC57,"GS") | BT57: =COUNTIF($D57:$BC57,"HEM/ONC")+COUNTIF($D57:$BC57,"HEM/ONC *") | BU57: =COUNTIF($D57:$BC57,"IR RADIOLOGY")+COUNTIF($D57:$BC57,"IR RADIOLOGY *") | BV57: =COUNTIF($D57:$BC57,"NEPHRO")+COUNTIF($D57:$BC57,"NEPHRO *") | BW57: =COUNTIF($D57:$BC57,"PALLIATIVE")+COUNTIF($D57:$BC57,"PALLIATIVE *") | BX57: =COUNTIF($D57:$BC57,"PLASTIC")+COUNTIF($D57:$BC57,"PLASTIC *") | BY57: =COUNTIF($D57:$BC57,"PULM") | BZ57: =COUNTIF($D57:$BC57,"SICU")+COUNTIF($D57:$BC57,"SICU *") | CA57: =COUNTIF($D57:$BC57,"DERMATOLOGY")+COUNTIF($D57:$BC57,"DERMATOLOGY *") | CB57: =COUNTIF($D57:$BC57,"NEPHRO")+COUNTIF($D57:$BC57,"NEPHRO *") | CC57: =SUM(BQ57:CB57) | CD57: =BP57+CC57
BD58: =COUNTIF($D58:$BC58,"CARDIO")+COUNTIF($D58:$BC58,"CARDIO E")+COUNTIF($D58:$BC58,"CARDIO E *")*COUNTIF($D58:$BC58,"CARDIO-HCA")+COUNTIF($D58:$BC58,"CARDIO-HCA*")+COUNTIF($D58:$BC58,"CARDIO-RAM")+COUNTIF($D58:$BC58,"CARDIO-RAM *") | BE58: =COUNTIF($D58:$BC58,"CLINIC")+COUNTIF($D58:$BC58,"CLINIC*")+COUNTIF($D58:$BC58,"INR CLINIC")+COUNTIF($D58:$BC58,"INR CLINIC *")+COUNTIF($D58:$BC58,"URGENT CARE")+COUNTIF($D58:$BC58,"URGENT CARE *") | BF58: =COUNTIF($D58:$BC58,"ED") | BG58: =COUNTIF($D58:$BC58,"A")+COUNTIF($D58:$BC58,"B")+COUNTIF($D58:$BC58,"C")+COUNTIF($D58:$BC58,"D")+COUNTIF($D58:$BC58,"G") | BH58: =COUNTIF($D58:$BC58,"ICU") | BI58: =COUNTIF($D58:$BC58,"ICU E") | BJ58: =COUNTIF($D58:$BC58,"ICU N") | BK58: =COUNTIF($D58:$BC58,"ID")+COUNTIF($D58:$BC58,"ID *") | BL58: =COUNTIF($D58:$BC58,"NEURO")+COUNTIF($D58:$BC58,"NEURO *") | BM58: =COUNTIF($D58:$BC58,"NF") | BN58: =COUNTIF($D58:$BC58,"SWING") | BO58: =COUNTIF($D58:$BC58,"VACATION") | BP58: =SUM(BD58:BO58) | BQ58: =COUNTIF($D58:$BC58,"ANESTHESIA") | BR58: =COUNTIF($D58:$BC58,"GERIATRIC")+COUNTIF($D58:$BC58,"GERIATRIC 2") | BS58: =COUNTIF($D58:$BC58,"GS") | BT58: =COUNTIF($D58:$BC58,"HEM/ONC")+COUNTIF($D58:$BC58,"HEM/ONC *") | BU58: =COUNTIF($D58:$BC58,"IR RADIOLOGY")+COUNTIF($D58:$BC58,"IR RADIOLOGY *") | BV58: =COUNTIF($D58:$BC58,"NEPHRO")+COUNTIF($D58:$BC58,"NEPHRO *") | BW58: =COUNTIF($D58:$BC58,"PALLIATIVE")+COUNTIF($D58:$BC58,"PALLIATIVE *") | BX58: =COUNTIF($D58:$BC58,"PLASTIC")+COUNTIF($D58:$BC58,"PLASTIC *") | BY58: =COUNTIF($D58:$BC58,"PULM") | BZ58: =COUNTIF($D58:$BC58,"SICU")+COUNTIF($D58:$BC58,"SICU *") | CA58: =COUNTIF($D58:$BC58,"DERMATOLOGY")+COUNTIF($D58:$BC58,"DERMATOLOGY *") | CB58: =COUNTIF($D58:$BC58,"NEPHRO")+COUNTIF($D58:$BC58,"NEPHRO *") | CC58: =SUM(BQ58:CB58) | CD58: =BP58+CC58
B59: TY | BD59: =COUNTIF($D59:$BC59,"CARDIO")+COUNTIF($D59:$BC59,"CARDIO E")+COUNTIF($D59:$BC59,"CARDIO E *")*COUNTIF($D59:$BC59,"CARDIO-HCA")+COUNTIF($D59:$BC59,"CARDIO-HCA*")+COUNTIF($D59:$BC59,"CARDIO-RAM")+COUNTIF($D59:$BC59,"CARDIO-RAM *") | BE59: =COUNTIF($D59:$BC59,"CLINIC")+COUNTIF($D59:$BC59,"CLINIC*")+COUNTIF($D59:$BC59,"INR CLINIC")+COUNTIF($D59:$BC59,"INR CLINIC *")+COUNTIF($D59:$BC59,"URGENT CARE")+COUNTIF($D59:$BC59,"URGENT CARE *") | BF59: =COUNTIF($D59:$BC59,"ED") | BG59: =COUNTIF($D59:$BC59,"A")+COUNTIF($D59:$BC59,"B")+COUNTIF($D59:$BC59,"C")+COUNTIF($D59:$BC59,"D")+COUNTIF($D59:$BC59,"G") | BH59: =COUNTIF($D59:$BC59,"ICU") | BI59: =COUNTIF($D59:$BC59,"ICU E") | BJ59: =COUNTIF($D59:$BC59,"ICU N") | BK59: =COUNTIF($D59:$BC59,"ID")+COUNTIF($D59:$BC59,"ID *") | BL59: =COUNTIF($D59:$BC59,"NEURO")+COUNTIF($D59:$BC59,"NEURO *") | BM59: =COUNTIF($D59:$BC59,"NF") | BN59: =COUNTIF($D59:$BC59,"SWING") | BO59: =COUNTIF($D59:$BC59,"VACATION") | BP59: =SUM(BD59:BO59) | BQ59: =COUNTIF($D59:$BC59,"ANESTHESIA") | BR59: =COUNTIF($D59:$BC59,"GERIATRIC")+COUNTIF($D59:$BC59,"GERIATRIC 2") | BS59: =COUNTIF($D59:$BC59,"GS") | BT59: =COUNTIF($D59:$BC59,"HEM/ONC")+COUNTIF($D59:$BC59,"HEM/ONC *") | BU59: =COUNTIF($D59:$BC59,"IR RADIOLOGY")+COUNTIF($D59:$BC59,"IR RADIOLOGY *") | BV59: =COUNTIF($D59:$BC59,"NEPHRO")+COUNTIF($D59:$BC59,"NEPHRO *") | BW59: =COUNTIF($D59:$BC59,"PALLIATIVE")+COUNTIF($D59:$BC59,"PALLIATIVE *") | BX59: =COUNTIF($D59:$BC59,"PLASTIC")+COUNTIF($D59:$BC59,"PLASTIC *") | BY59: =COUNTIF($D59:$BC59,"PULM") | BZ59: =COUNTIF($D59:$BC59,"SICU")+COUNTIF($D59:$BC59,"SICU *") | CA59: =COUNTIF($D59:$BC59,"DERMATOLOGY")+COUNTIF($D59:$BC59,"DERMATOLOGY *") | CB59: =COUNTIF($D59:$BC59,"NEPHRO")+COUNTIF($D59:$BC59,"NEPHRO *") | CC59: =SUM(BQ59:CB59) | CD59: =BP59+CC59
BD60: =COUNTIF($D60:$BC60,"CARDIO")+COUNTIF($D60:$BC60,"CARDIO E")+COUNTIF($D60:$BC60,"CARDIO E *")*COUNTIF($D60:$BC60,"CARDIO-HCA")+COUNTIF($D60:$BC60,"CARDIO-HCA*")+COUNTIF($D60:$BC60,"CARDIO-RAM")+COUNTIF($D60:$BC60,"CARDIO-RAM *") | BE60: =COUNTIF($D60:$BC60,"CLINIC")+COUNTIF($D60:$BC60,"CLINIC*")+COUNTIF($D60:$BC60,"INR CLINIC")+COUNTIF($D60:$BC60,"INR CLINIC *")+COUNTIF($D60:$BC60,"URGENT CARE")+COUNTIF($D60:$BC60,"URGENT CARE *") | BF60: =COUNTIF($D60:$BC60,"ED") | BG60: =COUNTIF($D60:$BC60,"A")+COUNTIF($D60:$BC60,"B")+COUNTIF($D60:$BC60,"C")+COUNTIF($D60:$BC60,"D")+COUNTIF($D60:$BC60,"G") | BH60: =COUNTIF($D60:$BC60,"ICU") | BI60: =COUNTIF($D60:$BC60,"ICU E") | BJ60: =COUNTIF($D60:$BC60,"ICU N") | BK60: =COUNTIF($D60:$BC60,"ID")+COUNTIF($D60:$BC60,"ID *") | BL60: =COUNTIF($D60:$BC60,"NEURO")+COUNTIF($D60:$BC60,"NEURO *") | BM60: =COUNTIF($D60:$BC60,"NF") | BN60: =COUNTIF($D60:$BC60,"SWING") | BO60: =COUNTIF($D60:$BC60,"VACATION") | BP60: =SUM(BD60:BO60) | BQ60: =COUNTIF($D60:$BC60,"ANESTHESIA") | BR60: =COUNTIF($D60:$BC60,"GERIATRIC")+COUNTIF($D60:$BC60,"GERIATRIC 2") | BS60: =COUNTIF($D60:$BC60,"GS") | BT60: =COUNTIF($D60:$BC60,"HEM/ONC")+COUNTIF($D60:$BC60,"HEM/ONC *") | BU60: =COUNTIF($D60:$BC60,"IR RADIOLOGY")+COUNTIF($D60:$BC60,"IR RADIOLOGY *") | BV60: =COUNTIF($D60:$BC60,"NEPHRO")+COUNTIF($D60:$BC60,"NEPHRO *") | BW60: =COUNTIF($D60:$BC60,"PALLIATIVE")+COUNTIF($D60:$BC60,"PALLIATIVE *") | BX60: =COUNTIF($D60:$BC60,"PLASTIC")+COUNTIF($D60:$BC60,"PLASTIC *") | BY60: =COUNTIF($D60:$BC60,"PULM") | BZ60: =COUNTIF($D60:$BC60,"SICU")+COUNTIF($D60:$BC60,"SICU *") | CA60: =COUNTIF($D60:$BC60,"DERMATOLOGY")+COUNTIF($D60:$BC60,"DERMATOLOGY *") | CB60: =COUNTIF($D60:$BC60,"NEPHRO")+COUNTIF($D60:$BC60,"NEPHRO *") | CC60: =SUM(BQ60:CB60) | CD60: =BP60+CC60
BD61: =COUNTIF($D61:$BC61,"CARDIO")+COUNTIF($D61:$BC61,"CARDIO E")+COUNTIF($D61:$BC61,"CARDIO E *")*COUNTIF($D61:$BC61,"CARDIO-HCA")+COUNTIF($D61:$BC61,"CARDIO-HCA*")+COUNTIF($D61:$BC61,"CARDIO-RAM")+COUNTIF($D61:$BC61,"CARDIO-RAM *") | BE61: =COUNTIF($D61:$BC61,"CLINIC")+COUNTIF($D61:$BC61,"CLINIC*")+COUNTIF($D61:$BC61,"INR CLINIC")+COUNTIF($D61:$BC61,"INR CLINIC *")+COUNTIF($D61:$BC61,"URGENT CARE")+COUNTIF($D61:$BC61,"URGENT CARE *") | BF61: =COUNTIF($D61:$BC61,"ED") | BG61: =COUNTIF($D61:$BC61,"A")+COUNTIF($D61:$BC61,"B")+COUNTIF($D61:$BC61,"C")+COUNTIF($D61:$BC61,"D")+COUNTIF($D61:$BC61,"G") | BH61: =COUNTIF($D61:$BC61,"ICU") | BI61: =COUNTIF($D61:$BC61,"ICU E") | BJ61: =COUNTIF($D61:$BC61,"ICU N") | BK61: =COUNTIF($D61:$BC61,"ID")+COUNTIF($D61:$BC61,"ID *") | BL61: =COUNTIF($D61:$BC61,"NEURO")+COUNTIF($D61:$BC61,"NEURO *") | BM61: =COUNTIF($D61:$BC61,"NF") | BN61: =COUNTIF($D61:$BC61,"SWING") | BO61: =COUNTIF($D61:$BC61,"VACATION") | BP61: =SUM(BD61:BO61) | BQ61: =COUNTIF($D61:$BC61,"ANESTHESIA") | BR61: =COUNTIF($D61:$BC61,"GERIATRIC")+COUNTIF($D61:$BC61,"GERIATRIC 2") | BS61: =COUNTIF($D61:$BC61,"GS") | BT61: =COUNTIF($D61:$BC61,"HEM/ONC")+COUNTIF($D61:$BC61,"HEM/ONC *") | BU61: =COUNTIF($D61:$BC61,"IR RADIOLOGY")+COUNTIF($D61:$BC61,"IR RADIOLOGY *") | BV61: =COUNTIF($D61:$BC61,"NEPHRO")+COUNTIF($D61:$BC61,"NEPHRO *") | BW61: =COUNTIF($D61:$BC61,"PALLIATIVE")+COUNTIF($D61:$BC61,"PALLIATIVE *") | BX61: =COUNTIF($D61:$BC61,"PLASTIC")+COUNTIF($D61:$BC61,"PLASTIC *") | BY61: =COUNTIF($D61:$BC61,"PULM") | BZ61: =COUNTIF($D61:$BC61,"SICU")+COUNTIF($D61:$BC61,"SICU *") | CA61: =COUNTIF($D61:$BC61,"DERMATOLOGY")+COUNTIF($D61:$BC61,"DERMATOLOGY *") | CB61: =COUNTIF($D61:$BC61,"NEPHRO")+COUNTIF($D61:$BC61,"NEPHRO *") | CC61: =SUM(BQ61:CB61) | CD61: =BP61+CC61

Sheet Sheet2

Sheet Sheet4

Sheet CATEGORY
C2: DROP DOWN LIST - DO NOT CHANGE | E2: ELECTIVE CATEGORY | G2: GROUPED REQUIRED CATEGORY
C3: A
C4: ANESTHESIA *
C5: ANESTHESIA | G5: CARDIO*
C6: B | E6: ANESTHESIA | G6: CARDIO
C7: C | E7: ED | G7: CARDIO E
C8: CARDIO*
C9: CARDIO | E9: GERIATRIC | G9: CARDIO E *
C10: CARDIO E | E10: GERIATRIC 2 | G10: CARDIO-HCA
C11: CARDIO E * | E11: GS | G11: CARDIO-HCA *
C12: CARDIO-HCA | E12: HEM/ONC | G12: CARDIO-RAM
C13: CARDIO-HCA * | E13: HEM/ONC * | G13: CARDIO-RAM *
C14: CARDIO-RAM | E14: PAIN MANAGEMENT
C15: CARDIO-RAM * | E15: PAIN MANEGMENT * | G15: CLINIC | H15: CLINIC
C16: CLINIC | E16: RHEUMA | G16: CLINIC *
C17: CLINIC * | E17: RHEUMA * | G17: PALLIATIVE
C18: D | E18: ENDO | G18: PALLIATIVE *
C19: ED | E19: ENDO * | G19: URGENT CARE
C20: G | E20: PLASTIC | G20: URGENT CARE *
C21: GERIATRIC | E21: PULM
C22: GERIATRIC 2 | E22: SICU | G22: A | H22: FLOORS
C23: GS | E23: DERMATOLOGY | G23: B
C24: HEM/ONC | G24: C
C25: HEM/ONC * | G25: D
C26: ICU | G26: G
C27: ICU E
C28: ICU N | G28: ID | H28: ID
C29: ID | G29: ID *
C30: ID *
C31: ENDO | G31: NEURO | H31: NEURO
C32: ENDO * | G32: NEURO *
C33: PAIN MANAGEMENT
C34: PAIN MANAGEMENT *
C35: NEPHRO
C36: NEPHRO *
C37: NEURO
C38: NEURO *
C39: NF
C40: PALLIATIVE
C41: PALLIATIVE *
C42: PLASTIC
C43: PULM
C44: SICU
... C55: PULM *

Sheet Sheet1

Sheet SOLVER_CONFIG
A1: Parameter | B1: Value | C1: Description
A2: max_nights_per_year | B2: 8 | C2: Max night shifts (ICU N, NF) per resident per year
A3: max_consecutive_nights | B3: 4 | C3: Max consecutive weeks on night shifts
A4: ed_cap_per_week | B4: 3 | C4: Max residents in ED per week
A5: ramirez_forbidden_until_week | B5: 7 | C5: No PGY1 on CARDIO-RAM before this week
A6: july_weeks | B6: 1,2,3,4 | C6: Weeks considered July (comma separated)
A7: vacation_weeks_per_resident | B7: 4 | C7: Total vacation weeks required per resident
A8: min_working_residents | B8: 21 | C8: Min residents needed for full coverage (warning only)

Sheet RESIDENTS
A1: ResidentName | B1: PGY | C1: IsSenior | D1: IsIntern | E1: IsTY | F1: CohortId | G1: Track | H1: Notes | I1: ScheduleRow
A2: B. Perez | B2: PGY1 | C2: N | D2: Y | E2: N | F2: Cohort 1 | I2: 4
A3: L. Duarte | B3: PGY1 | C3: N | D3: Y | E3: N | F3: Cohort 1 | I3: 5
A4: M. Garcia | B4: PGY2 | C4: Y | D4: N | E4: N | F4: Cohort 1 | I4: 6
A5: D. Cano | B5: PGY2 | C5: Y | D5: N | E5: N | F5: Cohort 1 | I5: 7
A6: J. Melendez | B6: PGY3 | C6: Y | D6: N | E6: N | F6: Cohort 1 | I6: 8
A7: C. Correa | B7: PGY3 | C7: Y | D7: N | E7: N | F7: Cohort 1 | I7: 9
A8: L. Diaz-Fajardo | B8: PGY3 | C8: Y | D8: N | E8: N | F8: Cohort 1 | I8: 10
A9: J. Garcia-Blaya | B9: PGY3 | C9: Y | D9: N | E9: N | F9: Cohort 1 | I9: 11
A10: J. Jhooty | B10: PGY1 | C10: N | D10: Y | E10: N | F10: Cohort 2 | I10: 12
A11: M. Artavia | B11: PGY1 | C11: N | D11: Y | E11: N | F11: Cohort 2 | I11: 13
A12: M. Delgadillo | B12: PGY1 | C12: N | D12: Y | E12: N | F12: Cohort 2 | I12: 14
A13: K. Gonzalez | B13: PGY1 | C13: N | D13: Y | E13: N | F13: Cohort 2 | I13: 15
... A44: A. Lopez | B44: PGY3 | C44: Y | D44: N | E44: N | F44: Cohort 5 | I44: 46
A45: J. Kourkoumelis | B45: TY | C45: N | D45: Y | E45: Y | I45: 49
A46: F. Mendez | B46: TY | C46: N | D46: Y | E46: Y | I46: 50
A47: B. To | B47: TY | C47: N | D47: Y | E47: Y | I47: 51
A48: O. Conde | B48: TY | C48: N | D48: Y | E48: Y | I48: 52
A49: A. Dereje | B49: TY | C49: N | D49: Y | E49: Y | I49: 53
A50: T. Araujo | B50: TY | C50: N | D50: Y | E50: Y | I50: 54
A51: C. Pandya | B51: TY | C51: N | D51: Y | E51: Y | I51: 55
A52: D. Rente | B52: TY | C52: N | D52: Y | E52: Y | I52: 56

Sheet REQUIREMENTS_TARGETS
A1: PGY | B1: Category | C1: RequiredWeeks | D1: MinWeeks | E1: MaxWeeks | F1: IsMandatory | G1: Notes
A2: PGY1 | B2: ICU | C2: 8 | F2: N | G2: Day + Night combined
A3: PGY1 | B3: FLOORS | C3: 20 | F3: N | G3: A/B/C/D/G + NF +/- Swing
A4: PGY1 | B4: CLINIC | C4: 14 | F4: N
A5: PGY1 | B5: CARDIO | C5: 2 | F5: N
A6: PGY1 | B6: ID | C6: 2 | F6: N
A7: PGY1 | B7: ED | C7: 2 | F7: N
A8: PGY1 | B8: VACATION | C8: 4 | F8: N
A9: PGY2 | B9: ICU | C9: 8 | F9: N
A10: PGY2 | B10: FLOORS | C10: 16 | F10: N
A11: PGY2 | B11: CLINIC | C11: 14 | F11: N
A12: PGY2 | B12: CARDIO | C12: 4 | F12: N
A13: PGY2 | B13: ID | C13: 2 | F13: N
A14: PGY2 | B14: ED | C14: 2 | F14: N
A15: PGY2 | B15: NEURO | C15: 2 | F15: N
... A21: TY | B21: FLOORS | C21: 20 | F21: N
A22: TY | B22: CLINIC | C22: 4 | F22: N | G22: TY clinic lighter
A23: TY | B23: ID | C23: 2 | F23: N
A24: TY | B24: ED | C24: 2 | F24: N
A25: TY | B25: VACATION | C25: 4 | F25: N

Sheet VACATION_REQUESTS
A1: ResidentName | B1: PGY | C1: RequestType | D1: StartWeekNumber | E1: LengthWeeks | F1: Priority | G1: HardLock | H1: Comments

Sheet COVERAGE_RULES
A1: RotationPool | B1: RequiredPerWeek | C1: SeniorNeededPerUnit | D1: InternNeededPerUnit | E1: Notes
A2: FLOOR_A | B2: 1 | C2: 1 | D2: 2 | E2: 1 senior + 2 interns per week
A3: FLOOR_B | B3: 1 | C3: 1 | D3: 2 | E3: 1 senior + 2 interns per week
A4: FLOOR_C | B4: 1 | C4: 1 | D4: 2 | E4: 1 senior + 2 interns per week
A5: FLOOR_D | B5: 1 | C5: 1 | D5: 2 | E5: 1 senior + 2 interns per week
A6: ICU_DAY | B6: 1 | C6: 2 | D6: 2 | E6: 2 seniors + 2 interns per week
A7: NF | B7: 1 | C7: 1 | D7: 1 | E7: 1 senior + 1 intern per week
A8: ICU_NIGHT | B8: 1 | C8: 1 | D8: 1 | E8: 1 senior + 1 intern per week
A9: SWING | B9: 1 | C9: 1 | D9: 0 | E9: 1 senior, no intern
A10: TEAM_G | B10: 0 | C10: 1 | D10: 0 | E10: Optional; seniors only; 0 required

Sheet COHORTS
A1: CohortId | B1: ClinicWeekPattern | C1: TargetInternCount | D1: Notes
A2: Cohort 1 | B2: 1,6,11,12,16,21,28,33,38,43,48,49,51,52 | D2: Derived from current schedule
A3: Cohort 2 | B3: 1,2,7,12,16,17,22,29,34,39,44,49 | D3: Derived from current schedule
A4: Cohort 3 | B4: 3,4,7,8,9,13,14,17,18,23,24,30,35,36,40,41,45,46,50 | D4: Derived from current schedule
A5: Cohort 4 | B5: 4,9,10,14,19,24,31,36,41,46,47 | D5: Derived from current schedule
A6: Cohort 5 | B6: 5,10,15,19,20,25,32,36,37,47,52 | D6: Derived from current schedule

Sheet PROGRESS
A1: Resident | B1: PGY | C1: ScheduleRow | D1: Category | E1: Required | F1: Completed | G1: Remaining | H1: Flags
A2: B. Perez | B2: PGY1 | C2: 4 | D2: ICU | E2: 8 | F2: =SCHEDULE!BH4 | G2: =MAX(0, E2-F2) | H2: =IF(G2>0,"DEFICIT","")
A3: B. Perez | B3: PGY1 | C3: 4 | D3: FLOORS | E3: 20 | F3: =SCHEDULE!BG4 | G3: =MAX(0, E3-F3) | H3: =IF(G3>0,"DEFICIT","")
A4: B. Perez | B4: PGY1 | C4: 4 | D4: CLINIC | E4: 14 | F4: =SCHEDULE!BE4 | G4: =MAX(0, E4-F4) | H4: =IF(G4>0,"DEFICIT","")
A5: B. Perez | B5: PGY1 | C5: 4 | D5: CARDIO | E5: 2 | F5: =SCHEDULE!BD4 | G5: =MAX(0, E5-F5) | H5: =IF(G5>0,"DEFICIT","")
A6: B. Perez | B6: PGY1 | C6: 4 | D6: ID | E6: 2 | F6: =SCHEDULE!BK4 | G6: =MAX(0, E6-F6) | H6: =IF(G6>0,"DEFICIT","")
A7: B. Perez | B7: PGY1 | C7: 4 | D7: ED | E7: 2 | F7: =SCHEDULE!BF4 | G7: =MAX(0, E7-F7) | H7: =IF(G7>0,"DEFICIT","")
A8: B. Perez | B8: PGY1 | C8: 4 | D8: VACATION | E8: 4 | F8: =SCHEDULE!BO4 | G8: =MAX(0, E8-F8) | H8: =IF(G8>0,"DEFICIT","")
A9: L. Duarte | B9: PGY1 | C9: 5 | D9: ICU | E9: 8 | F9: =SCHEDULE!BH5 | G9: =MAX(0, E9-F9) | H9: =IF(G9>0,"DEFICIT","")
A10: L. Duarte | B10: PGY1 | C10: 5 | D10: FLOORS | E10: 20 | F10: =SCHEDULE!BG5 | G10: =MAX(0, E10-F10) | H10: =IF(G10>0,"DEFICIT","")
A11: L. Duarte | B11: PGY1 | C11: 5 | D11: CLINIC | E11: 14 | F11: =SCHEDULE!BE5 | G11: =MAX(0, E11-F11) | H11: =IF(G11>0,"DEFICIT","")
A12: L. Duarte | B12: PGY1 | C12: 5 | D12: CARDIO | E12: 2 | F12: =SCHEDULE!BD5 | G12: =MAX(0, E12-F12) | H12: =IF(G12>0,"DEFICIT","")
A13: L. Duarte | B13: PGY1 | C13: 5 | D13: ID | E13: 2 | F13: =SCHEDULE!BK5 | G13: =MAX(0, E13-F13) | H13: =IF(G13>0,"DEFICIT","")
A14: L. Duarte | B14: PGY1 | C14: 5 | D14: ED | E14: 2 | F14: =SCHEDULE!BF5 | G14: =MAX(0, E14-F14) | H14: =IF(G14>0,"DEFICIT","")
A15: L. Duarte | B15: PGY1 | C15: 5 | D15: VACATION | E15: 4 | F15: =SCHEDULE!BO5 | G15: =MAX(0, E15-F15) | H15: =IF(G15>0,"DEFICIT","")
A16: M. Garcia | B16: PGY2 | C16: 6 | D16: ICU | E16: 8 | F16: =SCHEDULE!BH6 | G16: =MAX(0, E16-F16) | H16: =IF(G16>0,"DEFICIT","")
A17: M. Garcia | B17: PGY2 | C17: 6 | D17: FLOORS | E17: 16 | F17: =SCHEDULE!BG6 | G17: =MAX(0, E17-F17) | H17: =IF(G17>0,"DEFICIT","")
A18: M. Garcia | B18: PGY2 | C18: 6 | D18: CLINIC | E18: 14 | F18: =SCHEDULE!BE6 | G18: =MAX(0, E18-F18) | H18: =IF(G18>0,"DEFICIT","")
A19: M. Garcia | B19: PGY2 | C19: 6 | D19: CARDIO | E19: 4 | F19: =SCHEDULE!BD6 | G19: =MAX(0, E19-F19) | H19: =IF(G19>0,"DEFICIT","")
A20: M. Garcia | B20: PGY2 | C20: 6 | D20: ID | E20: 2 | F20: =SCHEDULE!BK6 | G20: =MAX(0, E20-F20) | H20: =IF(G20>0,"DEFICIT","")
A21: M. Garcia | B21: PGY2 | C21: 6 | D21: ED | E21: 2 | F21: =SCHEDULE!BF6 | G21: =MAX(0, E21-F21) | H21: =IF(G21>0,"DEFICIT","")
A22: M. Garcia | B22: PGY2 | C22: 6 | D22: NEURO | E22: 2 | F22: =SCHEDULE!BL6 | G22: =MAX(0, E22-F22) | H22: =IF(G22>0,"DEFICIT","")
A23: M. Garcia | B23: PGY2 | C23: 6 | D23: VACATION | E23: 4 | F23: =SCHEDULE!BO6 | G23: =MAX(0, E23-F23) | H23: =IF(G23>0,"DEFICIT","")
A24: D. Cano | B24: PGY2 | C24: 7 | D24: ICU | E24: 8 | F24: =SCHEDULE!BH7 | G24: =MAX(0, E24-F24) | H24: =IF(G24>0,"DEFICIT","")
A25: D. Cano | B25: PGY2 | C25: 7 | D25: FLOORS | E25: 16 | F25: =SCHEDULE!BG7 | G25: =MAX(0, E25-F25) | H25: =IF(G25>0,"DEFICIT","")
A26: D. Cano | B26: PGY2 | C26: 7 | D26: CLINIC | E26: 14 | F26: =SCHEDULE!BE7 | G26: =MAX(0, E26-F26) | H26: =IF(G26>0,"DEFICIT","")
A27: D. Cano | B27: PGY2 | C27: 7 | D27: CARDIO | E27: 4 | F27: =SCHEDULE!BD7 | G27: =MAX(0, E27-F27) | H27: =IF(G27>0,"DEFICIT","")
A28: D. Cano | B28: PGY2 | C28: 7 | D28: ID | E28: 2 | F28: =SCHEDULE!BK7 | G28: =MAX(0, E28-F28) | H28: =IF(G28>0,"DEFICIT","")
A29: D. Cano | B29: PGY2 | C29: 7 | D29: ED | E29: 2 | F29: =SCHEDULE!BF7 | G29: =MAX(0, E29-F29) | H29: =IF(G29>0,"DEFICIT","")
A30: D. Cano | B30: PGY2 | C30: 7 | D30: NEURO | E30: 2 | F30: =SCHEDULE!BL7 | G30: =MAX(0, E30-F30) | H30: =IF(G30>0,"DEFICIT","")
A31: D. Cano | B31: PGY2 | C31: 7 | D31: VACATION | E31: 4 | F31: =SCHEDULE!BO7 | G31: =MAX(0, E31-F31) | H31: =IF(G31>0,"DEFICIT","")
A32: J. Melendez | B32: PGY3 | C32: 8 | D32: FLOORS | E32: 16 | F32: =SCHEDULE!BG8 | G32: =MAX(0, E32-F32) | H32: =IF(G32>0,"DEFICIT","")
A33: J. Melendez | B33: PGY3 | C33: 8 | D33: CLINIC | E33: 14 | F33: =SCHEDULE!BE8 | G33: =MAX(0, E33-F33) | H33: =IF(G33>0,"DEFICIT","")
A34: J. Melendez | B34: PGY3 | C34: 8 | D34: VACATION | E34: 4 | F34: =SCHEDULE!BO8 | G34: =MAX(0, E34-F34) | H34: =IF(G34>0,"DEFICIT","")
A35: C. Correa | B35: PGY3 | C35: 9 | D35: FLOORS | E35: 16 | F35: =SCHEDULE!BG9 | G35: =MAX(0, E35-F35) | H35: =IF(G35>0,"DEFICIT","")
A36: C. Correa | B36: PGY3 | C36: 9 | D36: CLINIC | E36: 14 | F36: =SCHEDULE!BE9 | G36: =MAX(0, E36-F36) | H36: =IF(G36>0,"DEFICIT","")
A37: C. Correa | B37: PGY3 | C37: 9 | D37: VACATION | E37: 4 | F37: =SCHEDULE!BO9 | G37: =MAX(0, E37-F37) | H37: =IF(G37>0,"DEFICIT","")
A38: L. Diaz-Fajardo | B38: PGY3 | C38: 10 | D38: FLOORS | E38: 16 | F38: =SCHEDULE!BG10 | G38: =MAX(0, E38-F38) | H38: =IF(G38>0,"DEFICIT","")
A39: L. Diaz-Fajardo | B39: PGY3 | C39: 10 | D39: CLINIC | E39: 14 | F39: =SCHEDULE!BE10 | G39: =MAX(0, E39-F39) | H39: =IF(G39>0,"DEFICIT","")
A40: L. Diaz-Fajardo | B40: PGY3 | C40: 10 | D40: VACATION | E40: 4 | F40: =SCHEDULE!BO10 | G40: =MAX(0, E40-F40) | H40: =IF(G40>0,"DEFICIT","")
A41: J. Garcia-Blaya | B41: PGY3 | C41: 11 | D41: FLOORS | E41: 16 | F41: =SCHEDULE!BG11 | G41: =MAX(0, E41-F41) | H41: =IF(G41>0,"DEFICIT","")
A42: J. Garcia-Blaya | B42: PGY3 | C42: 11 | D42: CLINIC | E42: 14 | F42: =SCHEDULE!BE11 | G42: =MAX(0, E42-F42) | H42: =IF(G42>0,"DEFICIT","")
A43: J. Garcia-Blaya | B43: PGY3 | C43: 11 | D43: VACATION | E43: 4 | F43: =SCHEDULE!BO11 | G43: =MAX(0, E43-F43) | H43: =IF(G43>0,"DEFICIT","")
A44: J. Jhooty | B44: PGY1 | C44: 12 | D44: ICU | E44: 8 | F44: =SCHEDULE!BH12 | G44: =MAX(0, E44-F44) | H44: =IF(G44>0,"DEFICIT","")
A45: J. Jhooty | B45: PGY1 | C45: 12 | D45: FLOORS | E45: 20 | F45: =SCHEDULE!BG12 | G45: =MAX(0, E45-F45) | H45: =IF(G45>0,"DEFICIT","")
A46: J. Jhooty | B46: PGY1 | C46: 12 | D46: CLINIC | E46: 14 | F46: =SCHEDULE!BE12 | G46: =MAX(0, E46-F46) | H46: =IF(G46>0,"DEFICIT","")
A47: J. Jhooty | B47: PGY1 | C47: 12 | D47: CARDIO | E47: 2 | F47: =SCHEDULE!BD12 | G47: =MAX(0, E47-F47) | H47: =IF(G47>0,"DEFICIT","")
A48: J. Jhooty | B48: PGY1 | C48: 12 | D48: ID | E48: 2 | F48: =SCHEDULE!BK12 | G48: =MAX(0, E48-F48) | H48: =IF(G48>0,"DEFICIT","")
A49: J. Jhooty | B49: PGY1 | C49: 12 | D49: ED | E49: 2 | F49: =SCHEDULE!BF12 | G49: =MAX(0, E49-F49) | H49: =IF(G49>0,"DEFICIT","")
A50: J. Jhooty | B50: PGY1 | C50: 12 | D50: VACATION | E50: 4 | F50: =SCHEDULE!BO12 | G50: =MAX(0, E50-F50) | H50: =IF(G50>0,"DEFICIT","")
A51: M. Artavia | B51: PGY1 | C51: 13 | D51: ICU | E51: 8 | F51: =SCHEDULE!BH13 | G51: =MAX(0, E51-F51) | H51: =IF(G51>0,"DEFICIT","")
A52: M. Artavia | B52: PGY1 | C52: 13 | D52: FLOORS | E52: 20 | F52: =SCHEDULE!BG13 | G52: =MAX(0, E52-F52) | H52: =IF(G52>0,"DEFICIT","")
A53: M. Artavia | B53: PGY1 | C53: 13 | D53: CLINIC | E53: 14 | F53: =SCHEDULE!BE13 | G53: =MAX(0, E53-F53) | H53: =IF(G53>0,"DEFICIT","")
A54: M. Artavia | B54: PGY1 | C54: 13 | D54: CARDIO | E54: 2 | F54: =SCHEDULE!BD13 | G54: =MAX(0, E54-F54) | H54: =IF(G54>0,"DEFICIT","")
A55: M. Artavia | B55: PGY1 | C55: 13 | D55: ID | E55: 2 | F55: =SCHEDULE!BK13 | G55: =MAX(0, E55-F55) | H55: =IF(G55>0,"DEFICIT","")
A56: M. Artavia | B56: PGY1 | C56: 13 | D56: ED | E56: 2 | F56: =SCHEDULE!BF13 | G56: =MAX(0, E56-F56) | H56: =IF(G56>0,"DEFICIT","")
A57: M. Artavia | B57: PGY1 | C57: 13 | D57: VACATION | E57: 4 | F57: =SCHEDULE!BO13 | G57: =MAX(0, E57-F57) | H57: =IF(G57>0,"DEFICIT","")
A58: M. Delgadillo | B58: PGY1 | C58: 14 | D58: ICU | E58: 8 | F58: =SCHEDULE!BH14 | G58: =MAX(0, E58-F58) | H58: =IF(G58>0,"DEFICIT","")
A59: M. Delgadillo | B59: PGY1 | C59: 14 | D59: FLOORS | E59: 20 | F59: =SCHEDULE!BG14 | G59: =MAX(0, E59-F59) | H59: =IF(G59>0,"DEFICIT","")
A60: M. Delgadillo | B60: PGY1 | C60: 14 | D60: CLINIC | E60: 14 | F60: =SCHEDULE!BE14 | G60: =MAX(0, E60-F60) | H60: =IF(G60>0,"DEFICIT","")
A61: M. Delgadillo | B61: PGY1 | C61: 14 | D61: CARDIO | E61: 2 | F61: =SCHEDULE!BD14 | G61: =MAX(0, E61-F61) | H61: =IF(G61>0,"DEFICIT","")
A62: M. Delgadillo | B62: PGY1 | C62: 14 | D62: ID | E62: 2 | F62: =SCHEDULE!BK14 | G62: =MAX(0, E62-F62) | H62: =IF(G62>0,"DEFICIT","")
A63: M. Delgadillo | B63: PGY1 | C63: 14 | D63: ED | E63: 2 | F63: =SCHEDULE!BF14 | G63: =MAX(0, E63-F63) | H63: =IF(G63>0,"DEFICIT","")
A64: M. Delgadillo | B64: PGY1 | C64: 14 | D64: VACATION | E64: 4 | F64: =SCHEDULE!BO14 | G64: =MAX(0, E64-F64) | H64: =IF(G64>0,"DEFICIT","")
A65: K. Gonzalez | B65: PGY1 | C65: 15 | D65: ICU | E65: 8 | F65: =SCHEDULE!BH15 | G65: =MAX(0, E65-F65) | H65: =IF(G65>0,"DEFICIT","")
A66: K. Gonzalez | B66: PGY1 | C66: 15 | D66: FLOORS | E66: 20 | F66: =SCHEDULE!BG15 | G66: =MAX(0, E66-F66) | H66: =IF(G66>0,"DEFICIT","")
A67: K. Gonzalez | B67: PGY1 | C67: 15 | D67: CLINIC | E67: 14 | F67: =SCHEDULE!BE15 | G67: =MAX(0, E67-F67) | H67: =IF(G67>0,"DEFICIT","")
A68: K. Gonzalez | B68: PGY1 | C68: 15 | D68: CARDIO | E68: 2 | F68: =SCHEDULE!BD15 | G68: =MAX(0, E68-F68) | H68: =IF(G68>0,"DEFICIT","")
A69: K. Gonzalez | B69: PGY1 | C69: 15 | D69: ID | E69: 2 | F69: =SCHEDULE!BK15 | G69: =MAX(0, E69-F69) | H69: =IF(G69>0,"DEFICIT","")
A70: K. Gonzalez | B70: PGY1 | C70: 15 | D70: ED | E70: 2 | F70: =SCHEDULE!BF15 | G70: =MAX(0, E70-F70) | H70: =IF(G70>0,"DEFICIT","")
A71: K. Gonzalez | B71: PGY1 | C71: 15 | D71: VACATION | E71: 4 | F71: =SCHEDULE!BO15 | G71: =MAX(0, E71-F71) | H71: =IF(G71>0,"DEFICIT","")
A72: C. Ayala | B72: PGY2 | C72: 16 | D72: ICU | E72: 8 | F72: =SCHEDULE!BH16 | G72: =MAX(0, E72-F72) | H72: =IF(G72>0,"DEFICIT","")
A73: C. Ayala | B73: PGY2 | C73: 16 | D73: FLOORS | E73: 16 | F73: =SCHEDULE!BG16 | G73: =MAX(0, E73-F73) | H73: =IF(G73>0,"DEFICIT","")
A74: C. Ayala | B74: PGY2 | C74: 16 | D74: CLINIC | E74: 14 | F74: =SCHEDULE!BE16 | G74: =MAX(0, E74-F74) | H74: =IF(G74>0,"DEFICIT","")
A75: C. Ayala | B75: PGY2 | C75: 16 | D75: CARDIO | E75: 4 | F75: =SCHEDULE!BD16 | G75: =MAX(0, E75-F75) | H75: =IF(G75>0,"DEFICIT","")
A76: C. Ayala | B76: PGY2 | C76: 16 | D76: ID | E76: 2 | F76: =SCHEDULE!BK16 | G76: =MAX(0, E76-F76) | H76: =IF(G76>0,"DEFICIT","")
A77: C. Ayala | B77: PGY2 | C77: 16 | D77: ED | E77: 2 | F77: =SCHEDULE!BF16 | G77: =MAX(0, E77-F77) | H77: =IF(G77>0,"DEFICIT","")
A78: C. Ayala | B78: PGY2 | C78: 16 | D78: NEURO | E78: 2 | F78: =SCHEDULE!BL16 | G78: =MAX(0, E78-F78) | H78: =IF(G78>0,"DEFICIT","")
A79: C. Ayala | B79: PGY2 | C79: 16 | D79: VACATION | E79: 4 | F79: =SCHEDULE!BO16 | G79: =MAX(0, E79-F79) | H79: =IF(G79>0,"DEFICIT","")
A80: K. Vallejo | B80: PGY2 | C80: 17 | D80: ICU | E80: 8 | F80: =SCHEDULE!BH17 | G80: =MAX(0, E80-F80) | H80: =IF(G80>0,"DEFICIT","")
A81: K. Vallejo | B81: PGY2 | C81: 17 | D81: FLOORS | E81: 16 | F81: =SCHEDULE!BG17 | G81: =MAX(0, E81-F81) | H81: =IF(G81>0,"DEFICIT","")
A82: K. Vallejo | B82: PGY2 | C82: 17 | D82: CLINIC | E82: 14 | F82: =SCHEDULE!BE17 | G82: =MAX(0, E82-F82) | H82: =IF(G82>0,"DEFICIT","")
A83: K. Vallejo | B83: PGY2 | C83: 17 | D83: CARDIO | E83: 4 | F83: =SCHEDULE!BD17 | G83: =MAX(0, E83-F83) | H83: =IF(G83>0,"DEFICIT","")
A84: K. Vallejo | B84: PGY2 | C84: 17 | D84: ID | E84: 2 | F84: =SCHEDULE!BK17 | G84: =MAX(0, E84-F84) | H84: =IF(G84>0,"DEFICIT","")
A85: K. Vallejo | B85: PGY2 | C85: 17 | D85: ED | E85: 2 | F85: =SCHEDULE!BF17 | G85: =MAX(0, E85-F85) | H85: =IF(G85>0,"DEFICIT","")
A86: K. Vallejo | B86: PGY2 | C86: 17 | D86: NEURO | E86: 2 | F86: =SCHEDULE!BL17 | G86: =MAX(0, E86-F86) | H86: =IF(G86>0,"DEFICIT","")
A87: K. Vallejo | B87: PGY2 | C87: 17 | D87: VACATION | E87: 4 | F87: =SCHEDULE!BO17 | G87: =MAX(0, E87-F87) | H87: =IF(G87>0,"DEFICIT","")
A88: A. Silva | B88: PGY3 | C88: 18 | D88: FLOORS | E88: 16 | F88: =SCHEDULE!BG18 | G88: =MAX(0, E88-F88) | H88: =IF(G88>0,"DEFICIT","")
A89: A. Silva | B89: PGY3 | C89: 18 | D89: CLINIC | E89: 14 | F89: =SCHEDULE!BE18 | G89: =MAX(0, E89-F89) | H89: =IF(G89>0,"DEFICIT","")
A90: A. Silva | B90: PGY3 | C90: 18 | D90: VACATION | E90: 4 | F90: =SCHEDULE!BO18 | G90: =MAX(0, E90-F90) | H90: =IF(G90>0,"DEFICIT","")
A91: F. Monefeldt | B91: PGY3 | C91: 19 | D91: FLOORS | E91: 16 | F91: =SCHEDULE!BG19 | G91: =MAX(0, E91-F91) | H91: =IF(G91>0,"DEFICIT","")
A92: F. Monefeldt | B92: PGY3 | C92: 19 | D92: CLINIC | E92: 14 | F92: =SCHEDULE!BE19 | G92: =MAX(0, E92-F92) | H92: =IF(G92>0,"DEFICIT","")
A93: F. Monefeldt | B93: PGY3 | C93: 19 | D93: VACATION | E93: 4 | F93: =SCHEDULE!BO19 | G93: =MAX(0, E93-F93) | H93: =IF(G93>0,"DEFICIT","")
A94: M. Cruz | B94: PGY1 | C94: 20 | D94: ICU | E94: 8 | F94: =SCHEDULE!BH20 | G94: =MAX(0, E94-F94) | H94: =IF(G94>0,"DEFICIT","")
A95: M. Cruz | B95: PGY1 | C95: 20 | D95: FLOORS | E95: 20 | F95: =SCHEDULE!BG20 | G95: =MAX(0, E95-F95) | H95: =IF(G95>0,"DEFICIT","")
A96: M. Cruz | B96: PGY1 | C96: 20 | D96: CLINIC | E96: 14 | F96: =SCHEDULE!BE20 | G96: =MAX(0, E96-F96) | H96: =IF(G96>0,"DEFICIT","")
A97: M. Cruz | B97: PGY1 | C97: 20 | D97: CARDIO | E97: 2 | F97: =SCHEDULE!BD20 | G97: =MAX(0, E97-F97) | H97: =IF(G97>0,"DEFICIT","")
A98: M. Cruz | B98: PGY1 | C98: 20 | D98: ID | E98: 2 | F98: =SCHEDULE!BK20 | G98: =MAX(0, E98-F98) | H98: =IF(G98>0,"DEFICIT","")
A99: M. Cruz | B99: PGY1 | C99: 20 | D99: ED | E99: 2 | F99: =SCHEDULE!BF20 | G99: =MAX(0, E99-F99) | H99: =IF(G99>0,"DEFICIT","")
A100: M. Cruz | B100: PGY1 | C100: 20 | D100: VACATION | E100: 4 | F100: =SCHEDULE!BO20 | G100: =MAX(0, E100-F100) | H100: =IF(G100>0,"DEFICIT","")
...
