Workbook

Sheet SCHEDULE
D1: Block 1 | I1: Block 2 | N1: Block 3 | X1: Block 5 | AC1: End of the year Block | AE1: Block 6 | AJ1: Block 7 | AO1: Block 8 | AT1: Block 9 | AY1: Block 10 | BD1: CARDIO | BE1: CLINIC | BF1: ED | BG1: FLOORS | BH1: ICU | BI1: ICU E | BJ1: ICU N | BK1: ID | BL1: NEURO | BM1: NF | BN1: SWING | BO1: VACATION | BP1: SUB-TOTAL | BQ1: PALLIATIVE | BR1: GERIATRIC | BS1: GS / GI | BT1: HEM/ONC | BU1: PAIN MANGEMENT | BV1: RHEUMA | BW1: ENDO | BX1: PLASTIC | BY1: PULM | BZ1: SICU | CA1: DERMATOLOGY | CB1: NEPHRO | CC1: SUB-TOTAL | CD1: TOTAL
D2: 1 | E2: 2 | F2: 3 | G2: 4 | H2: 5 | I2: 6 | J2: 7 | K2: 8 | L2: 9 | M2: 10 | N2: 11 | O2: 12 | P2: 13 | Q2: 14 | R2: 15 | S2: 16 | T2: 17 | U2: 18 | V2: 19 | W2: 20 | X2: 21 | Y2: 22 | Z2: 23 | AA2: 24 | AB2: 25 | AC2: 26 | AD2: 27 | AE2: 28 | AF2: 29 | AG2: 30 | AH2: 31 | AI2: 32 | AJ2: 33 | AK2: 34 | AL2: 35 | AM2: 36 | AN2: 37 | AO2: 38 | AP2: 39 | AQ2: 40 | AR2: 41 | AS2: 42 | AT2: 43 | AU2: 44 | AV2: 45 | AW2: 46 | AX2: 47 | AY2: 48 | AZ2: 49 | BA2: 50 | BB2: 51 | BC2: 52
A3: PGY | D3: 07/01-07/06 | E3: 07/07-07/13 | F3: 07/14-07/20 | G3: 07/21-07/27 | H3: 07/28-08/03 | I3: 08/04-08/10 | J3: 08/11-08/17 | K3: 08/18-08/24 | L3: 08/25-8/31 | M3: 09/01-09/07 | N3: 09/08-09/14 | O3: 09/15-09/21 | P3: 09/22-09/28 | Q3: 09/29-10/05 | R3: 10/06-10/12 | S3: 10/13-10/19 | T3: 10/20-10/26 | U3: 10/27-11/02 | V3: 11/03-11/09 | W3: 11/10-11/16 | X3: 11/17-11/23 | Y3: 11/24-11/30 | Z3: 12/01-12/07 | AA3: 12/08-12/14 | AB3: 12/15-12/21 | AC3: 12/22-12/28 | AD3: 12/29-01/04 | AE3: 01/05-01/11 | AF3: 01/12-01/18 | AG3: 01/19-01/25 | AH3: 01/26-02/01 | AI3: 02/02-02/08 | AJ3: 02/09-02/15 | AK3: 02/16-02/22 | AL3: 02/23-03/01 | AM3: 03/02-03/08 | AN3: 03/09-03/15 | AO3: 03/16-03/22 | AP3: 03/23-03/29 | AQ3: 03/30-04/05 | AR3: 04/06-04/12 | AS3: 04/13-04/19 | AT3: 04/20-04/26 | AU3: 04/27-05/03 | AV3: 05/04-05/10 | AW3: 05/11-05/17 | AX3: 05/18-05/24 | AY3: 05/25-05/31 | AZ3: 06/01-06/07 | BA3: 06/08-06/14 | BB3: 06/15-06/21 | BC3: 06/22-06/30
A4: Cohort 1 | B4: PGY-2 | C4: B. Perez | D4: CLINIC | E4: A | F4: A | G4: A | H4: A | I4: CLINIC | J4: ICU | K4: ICU | L4: ED | M4: ED | N4: CLINIC | O4: D | P4: D | Q4: D | R4: D | S4: CLINIC * | T4: ICU | U4: ICU | V4: VACATION | W4: VACATION | X4: CLINIC | Y4: A | Z4: A | AA4: A | AB4: A | AC4: ICU H | AD4: A | AE4: CLINIC | AF4: ICU | AG4: ID | AH4: CLINIC | AI4: D | AJ4: CLINIC | AK4: C | AL4: C | AM4: C | AN4: C | AO4: CLINIC | AP4: ICU N | AQ4: ICU N | AR4: CARDIO* | AS4: CARDIO | AT4: CLINIC | AU4: VACATION | AV4: VACATION | AW4: NF | AX4: NF | AY4: CLINIC | AZ4: D | BA4: C | BB4: ID * | BC4: C | BD4: =COUNTIF($D4:$BC4,"CARDIO")+COUNTIF($D4:$BC4,"CARDIO E")+COUNTIF($D4:$BC4,"CARDIO E *")+COUNTIF($D4:$BC4,"CARDIO-HCA")+COUNTIF($D4:$BC4,"CARDIO-HCA *")+COUNTIF($D4:$BC4,"CARDIO-RAM")+COUNTIF($D4:$BC4,"CARDIO-RAM *") | BE4: =COUNTIF($D4:$BC4,"CLINIC")+COUNTIF($D4:$BC4,"CLINIC *")+COUNTIF($D4:$BC4,"URGENT CARE")+COUNTIF($D4:$BC4,"URGENT CARE *") | BF4: =COUNTIF($D4:$BC4,"ED") | BG4: =COUNTIF($D4:$BC4,"A")+COUNTIF($D4:$BC4,"B")+COUNTIF($D4:$BC4,"C")+COUNTIF($D4:$BC4,"D")+COUNTIF($D4:$BC4,"G") | BH4: =COUNTIF($D4:$BC4,"ICU") | BI4: =COUNTIF($D4:$BC4,"ICU E") | BJ4: =COUNTIF($D4:$BC4,"ICU N") | BK4: =COUNTIF($D4:$BC4,"ID")+COUNTIF($D4:$BC4,"ID *") | BL4: =COUNTIF($D4:$BC4,"NEURO")+COUNTIF($D4:$BC4,"NEURO *") | BM4: =COUNTIF($D4:$BC4,"NF") | BN4: =COUNTIF($D4:$BC4,"SWING") | BO4: =COUNTIF($D4:$BC4,"VACATION") | BP4: =SUM(BD4:BO4) | BQ4: =COUNTIF($D4:$BC4,"PALLIATIVE")+COUNTIF($D4:$BC4,"PALLIATIVE *") | BR4: =COUNTIF($D4:$BC4,"GERIATRIC")+COUNTIF($D4:$BC4,"GERIATRIC 2") | BS4: =COUNTIF($D4:$BC4,"GS")+COUNTIF($D4:$BC4,"GI")+COUNTIF($D4:$BC4,"GI *") | BT4: =COUNTIF($D4:$BC4,"HEM/ONC")+COUNTIF($D4:$BC4,"HEM/ONC *") | BU4: =COUNTIF($D4:$BC4,"IR RADIOLOGY")+COUNTIF($D4:$BC4,"IR RADIOLOGY *") | BV4: =COUNTIF($D4:$BC4,"RHEUMA")+COUNTIF($D4:$BC4,"RHEUMA *") | BW4: =COUNTIF($D4:$BC4,"ENDO")+COUNTIF($D4:$BC4,"ENDO *") | BX4: =COUNTIF($D4:$BC4,"PLASTIC")+COUNTIF($D4:$BC4,"PLASTIC *") | BY4: =COUNTIF($D4:$BC4,"PULM")+COUNTIF($D4:$BC4,"PULM *") | BZ4: =COUNTIF($D4:$BC4,"SICU")+COUNTIF($D4:$BC4,"SICU *") | CA4: =COUNTIF($D4:$BC4,"DERMATOLOGY")+COUNTIF($D4:$BC4,"DERMATOLOGY *") | CB4: =COUNTIF($D4:$BC4,"NEPHRO")+COUNTIF($D4:$BC4,"NEPHRO *") | CC4: =SUM(BQ4:CB4) | CD4: =BP4+CC4
C5: L. Duarte | D5: CLINIC | E5: A | F5: A | G5: A | H5: A | I5: CLINIC | J5: ICU | K5: ICU | L5: ED | M5: ED | N5: CLINIC | O5: D | P5: D | Q5: D | R5: NF | S5: CLINIC | T5: ICU | U5: ICU | V5: VACATION | W5: VACATION | X5: CLINIC | Y5: A | Z5: A | AA5: A | AB5: A | AC5: ICU H | AD5: A | AE5: CLINIC | AF5: ICU | AG5: ICU | AH5: CLINIC * | AI5: D | AJ5: CLINIC | AK5: C | AL5: C | AM5: C | AN5: C | AO5: CLINIC | AP5: CARDIO | AQ5: CARDIO* | AR5: ICU N | AS5: ICU N | AT5: CLINIC | AU5: VACATION | AV5: VACATION | AW5: SWING | AX5: C | AY5: CLINIC | AZ5: D | BA5: NF | BB5: CARDIO | BC5: A | BD5: =COUNTIF($D5:$BC5,"CARDIO")+COUNTIF($D5:$BC5,"CARDIO E")+COUNTIF($D5:$BC5,"CARDIO E *")+COUNTIF($D5:$BC5,"CARDIO-HCA")+COUNTIF($D5:$BC5,"CARDIO-HCA *")+COUNTIF($D5:$BC5,"CARDIO-RAM")+COUNTIF($D5:$BC5,"CARDIO-RAM *") | BE5: =COUNTIF($D5:$BC5,"CLINIC")+COUNTIF($D5:$BC5,"CLINIC *")+COUNTIF($D5:$BC5,"URGENT CARE")+COUNTIF($D5:$BC5,"URGENT CARE *") | BF5: =COUNTIF($D5:$BC5,"ED") | BG5: =COUNTIF($D5:$BC5,"A")+COUNTIF($D5:$BC5,"B")+COUNTIF($D5:$BC5,"C")+COUNTIF($D5:$BC5,"D")+COUNTIF($D5:$BC5,"G") | BH5: =COUNTIF($D5:$BC5,"ICU") | BI5: =COUNTIF($D5:$BC5,"ICU E") | BJ5: =COUNTIF($D5:$BC5,"ICU N") | BK5: =COUNTIF($D5:$BC5,"ID")+COUNTIF($D5:$BC5,"ID *") | BL5: =COUNTIF($D5:$BC5,"NEURO")+COUNTIF($D5:$BC5,"NEURO *") | BM5: =COUNTIF($D5:$BC5,"NF") | BN5: =COUNTIF($D5:$BC5,"SWING") | BO5: =COUNTIF($D5:$BC5,"VACATION") | BP5: =SUM(BD5:BO5) | BQ5: =COUNTIF($D5:$BC5,"PALLIATIVE")+COUNTIF($D5:$BC5,"PALLIATIVE *") | BR5: =COUNTIF($D5:$BC5,"GERIATRIC")+COUNTIF($D5:$BC5,"GERIATRIC 2") | BS5: =COUNTIF($D5:$BC5,"GS")+COUNTIF($D5:$BC5,"GI")+COUNTIF($D5:$BC5,"GI *") | BT5: =COUNTIF($D5:$BC5,"HEM/ONC")+COUNTIF($D5:$BC5,"HEM/ONC *") | BU5: =COUNTIF($D5:$BC5,"PAIN MANAGEMENT")+COUNTIF($D5:$BC5,"PAIN MANAGEMENT *") | BV5: =COUNTIF($D5:$BC5,"RHEUMA")+COUNTIF($D5:$BC5,"RHEUMA *") | BW5: =COUNTIF($D5:$BC5,"ENDO")+COUNTIF($D5:$BC5,"ENDO *") | BX5: =COUNTIF($D5:$BC5,"PLASTIC")+COUNTIF($D5:$BC5,"PLASTIC *") | BY5: =COUNTIF($D5:$BC5,"PULM")+COUNTIF($D5:$BC5,"PULM *") | BZ5: =COUNTIF($D5:$BC5,"SICU")+COUNTIF($D5:$BC5,"SICU *") | CA5: =COUNTIF($D5:$BC5,"DERMATOLOGY")+COUNTIF($D5:$BC5,"DERMATOLOGY *") | CB5: =COUNTIF($D5:$BC5,"NEPHRO")+COUNTIF($D5:$BC5,"NEPHRO *") | CC5: =SUM(BQ5:CB5) | CD5: =BP5+CC5
B6: PGY-3 | C6: M. Garcia | D6: CLINIC | E6: HEM/ONC * | F6: CARDIO* | G6: CARDIO | H6: CLINIC | I6: CLINIC | J6: B | K6: G | L6: CARDIO | M6: CARDIO | N6: CLINIC | O6: NEPHRO | P6: ICU | Q6: ICU | R6: NEURO | S6: CLINIC | T6: NEURO | U6: ICU | V6: VACATION | W6: VACATION | X6: CLINIC | Y6: ED | Z6: ED | AA6: ICU N | AB6: NF | AC6: ICU H | AD6: B | AE6: CLINIC | AF6: B | AG6: B | AH6: B | AI6: CLINIC | AJ6: CLINIC | AK6: B | AL6: B | AM6: SWING | AN6: ICU N | AO6: CLINIC | AP6: A | AQ6: A | AR6: VACATION | AS6: VACATION | AT6: CLINIC | AU6: ICU | AV6: ICU | AW6: SWING | AX6: SWING | AY6: CLINIC | AZ6: ICU | BA6: CLINIC | BB6: D | BC6: NF | BD6: =COUNTIF($D6:$BC6,"CARDIO")+COUNTIF($D6:$BC6,"CARDIO E")+COUNTIF($D6:$BC6,"CARDIO E *")+COUNTIF($D6:$BC6,"CARDIO-HCA")+COUNTIF($D6:$BC6,"CARDIO-HCA *")+COUNTIF($D6:$BC6,"CARDIO-RAM")+COUNTIF($D6:$BC6,"CARDIO-RAM *") | BE6: =COUNTIF($D6:$BC6,"CLINIC")+COUNTIF($D6:$BC6,"CLINIC *")+COUNTIF($D6:$BC6,"URGENT CARE")+COUNTIF($D6:$BC6,"URGENT CARE *") | BF6: =COUNTIF($D6:$BC6,"ED") | BG6: =COUNTIF($D6:$BC6,"A")+COUNTIF($D6:$BC6,"B")+COUNTIF($D6:$BC6,"C")+COUNTIF($D6:$BC6,"D")+COUNTIF($D6:$BC6,"G") | BH6: =COUNTIF($D6:$BC6,"ICU") | BI6: =COUNTIF($D6:$BC6,"ICU E") | BJ6: =COUNTIF($D6:$BC6,"ICU N") | BK6: =COUNTIF($D6:$BC6,"ID")+COUNTIF($D6:$BC6,"ID *") | BL6: =COUNTIF($D6:$BC6,"NEURO")+COUNTIF($D6:$BC6,"NEURO *") | BM6: =COUNTIF($D6:$BC6,"NF") | BN6: =COUNTIF($D6:$BC6,"SWING") | BO6: =COUNTIF($D6:$BC6,"VACATION") | BP6: =SUM(BD6:BO6) | BQ6: =COUNTIF($D6:$BC6,"PALLIATIVE")+COUNTIF($D6:$BC6,"PALLIATIVE *") | BR6: =COUNTIF($D6:$BC6,"GERIATRIC")+COUNTIF($D6:$BC6,"GERIATRIC 2") | BS6: =COUNTIF($D6:$BC6,"GS")+COUNTIF($D6:$BC6,"GI")+COUNTIF($D6:$BC6,"GI *") | BT6: =COUNTIF($D6:$BC6,"HEM/ONC")+COUNTIF($D6:$BC6,"HEM/ONC *") | BU6: =COUNTIF($D6:$BC6,"PAIN MANAGEMENT")+COUNTIF($D6:$BC6,"PAIN MANAGEMENT *") | BV6: =COUNTIF($D6:$BC6,"RHEUMA")+COUNTIF($D6:$BC6,"RHEUMA *") | BW6: =COUNTIF($D6:$BC6,"ENDO")+COUNTIF($D6:$BC6,"ENDO *") | BX6: =COUNTIF($D6:$BC6,"PLASTIC")+COUNTIF($D6:$BC6,"PLASTIC *") | BY6: =COUNTIF($D6:$BC6,"PULM")+COUNTIF($D6:$BC6,"PULM *") | BZ6: =COUNTIF($D6:$BC6,"SICU")+COUNTIF($D6:$BC6,"SICU *") | CA6: =COUNTIF($D6:$BC6,"DERMATOLOGY")+COUNTIF($D6:$BC6,"DERMATOLOGY *") | CB6: =COUNTIF($D6:$BC6,"NEPHRO")+COUNTIF($D6:$BC6,"NEPHRO *") | CC6: =SUM(BQ6:CB6) | CD6: =BP6+CC6
C7: D. Cano | D7: CLINIC | E7: NEURO | F7: CARDIO | G7: CARDIO | H7: G | I7: CLINIC | J7: ICU N | K7: ICU N | L7: CARDIO | M7: CARDIO | N7: CLINIC | O7: HEM/ONC | P7: ICU | Q7: VACATION | R7: VACATION | S7: CLINIC | T7: ICU | U7: ICU | V7: D | W7: C | X7: CLINIC | Y7: ED | Z7: ED | AA7: CLINIC | AB7: ICU | AC7: ICU | AD7: ICU H* | AE7: CLINIC | AF7: NEURO * | AG7: A | AH7: ICU N | AI7: CLINIC | AJ7: CLINIC | AK7: A | AL7: A | AM7: VACATION | AN7: VACATION | AO7: CLINIC | AP7: B | AQ7: B | AR7: B | AS7: B | AT7: CLINIC | AU7: SWING | AV7: SWING | AW7: D | AX7: CLINIC | AY7: CLINIC | AZ7: NF | BA7: NF | BB7: CLINIC * | BC7: D | BD7: =COUNTIF($D7:$BC7,"CARDIO")+COUNTIF($D7:$BC7,"CARDIO E")+COUNTIF($D7:$BC7,"CARDIO E *")+COUNTIF($D7:$BC7,"CARDIO-HCA")+COUNTIF($D7:$BC7,"CARDIO-HCA *")+COUNTIF($D7:$BC7,"CARDIO-RAM")+COUNTIF($D7:$BC7,"CARDIO-RAM *") | BE7: =COUNTIF($D7:$BC7,"CLINIC")+COUNTIF($D7:$BC7,"CLINIC *")+COUNTIF($D7:$BC7,"URGENT CARE")+COUNTIF($D7:$BC7,"URGENT CARE *") | BF7: =COUNTIF($D7:$BC7,"ED") | BG7: =COUNTIF($D7:$BC7,"A")+COUNTIF($D7:$BC7,"B")+COUNTIF($D7:$BC7,"C")+COUNTIF($D7:$BC7,"D")+COUNTIF($D7:$BC7,"G") | BH7: =COUNTIF($D7:$BC7,"ICU") | BI7: =COUNTIF($D7:$BC7,"ICU E") | BJ7: =COUNTIF($D7:$BC7,"ICU N") | BK7: =COUNTIF($D7:$BC7,"ID")+COUNTIF($D7:$BC7,"ID *") | BL7: =COUNTIF($D7:$BC7,"NEURO")+COUNTIF($D7:$BC7,"NEURO *") | BM7: =COUNTIF($D7:$BC7,"NF") | BN7: =COUNTIF($D7:$BC7,"SWING") | BO7: =COUNTIF($D7:$BC7,"VACATION") | BP7: =SUM(BD7:BO7) | BQ7: =COUNTIF($D7:$BC7,"PALLIATIVE")+COUNTIF($D7:$BC7,"PALLIATIVE *") | BR7: =COUNTIF($D7:$BC7,"GERIATRIC")+COUNTIF($D7:$BC7,"GERIATRIC 2") | BS7: =COUNTIF($D7:$BC7,"GS")+COUNTIF($D7:$BC7,"GI")+COUNTIF($D7:$BC7,"GI *") | BT7: =COUNTIF($D7:$BC7,"HEM/ONC")+COUNTIF($D7:$BC7,"HEM/ONC *") | BU7: =COUNTIF($D7:$BC7,"PAIN MANAGEMENT")+COUNTIF($D7:$BC7,"PAIN MANAGEMENT *") | BV7: =COUNTIF($D7:$BC7,"RHEUMA")+COUNTIF($D7:$BC7,"RHEUMA *") | BW7: =COUNTIF($D7:$BC7,"ENDO")+COUNTIF($D7:$BC7,"ENDO *") | BX7: =COUNTIF($D7:$BC7,"PLASTIC")+COUNTIF($D7:$BC7,"PLASTIC *") | BY7: =COUNTIF($D7:$BC7,"PULM")+COUNTIF($D7:$BC7,"PULM *") | BZ7: =COUNTIF($D7:$BC7,"SICU")+COUNTIF($D7:$BC7,"SICU *") | CA7: =COUNTIF($D7:$BC7,"DERMATOLOGY")+COUNTIF($D7:$BC7,"DERMATOLOGY *") | CB7: =COUNTIF($D7:$BC7,"NEPHRO")+COUNTIF($D7:$BC7,"NEPHRO *") | CC7: =SUM(BQ7:CB7) | CD7: =BP7+CC7
B8: PGY-3 | C8: J. Melendez | D8: CLINIC | E8: C | F8: HEM/ONC | G8: HEM/ONC | H8: CLINIC | I8: CLINIC | J8: SWING | K8: NF | L8: NEURO | M8: D | N8: CLINIC | O8: G | P8: CLINIC | Q8: ICU N | R8: CARDIO | S8: CLINIC | T8: A | U8: A | V8: VACATION | W8: VACATION | X8: CLINIC | Y8: C | Z8: ICU | AA8: ICU | AB8: RHEUMA | AC8: ICU H | AD8: CLINIC | AE8: CLINIC | AF8: A | AG8: ID | AH8: RHEUMA | AI8: RHEUMA | AJ8: CLINIC | AK8: PULM | AL8: PULM | AM8: RHEUMA * | AN8: CLINIC | AO8: CLINIC | AP8: ID | AQ8: VACATION | AR8: VACATION | AS8: RHEUMA | AT8: CLINIC | AU8: GERIATRIC 2 | AV8: GERIATRIC 2 | AW8: RHEUMA | AX8: RHEUMA | AY8: CLINIC | AZ8: RHEUMA | BA8: RHEUMA | BB8: NEPHRO | BC8: NEPHRO | BD8: =COUNTIF($D8:$BC8,"CARDIO")+COUNTIF($D8:$BC8,"CARDIO E")+COUNTIF($D8:$BC8,"CARDIO E *")+COUNTIF($D8:$BC8,"CARDIO-HCA")+COUNTIF($D8:$BC8,"CARDIO-HCA *")+COUNTIF($D8:$BC8,"CARDIO-RAM")+COUNTIF($D8:$BC8,"CARDIO-RAM *") | BE8: =COUNTIF($D8:$BC8,"CLINIC")+COUNTIF($D8:$BC8,"CLINIC *")+COUNTIF($D8:$BC8,"URGENT CARE")+COUNTIF($D8:$BC8,"URGENT CARE *") | BF8: =COUNTIF($D8:$BC8,"ED") | BG8: =COUNTIF($D8:$BC8,"A")+COUNTIF($D8:$BC8,"B")+COUNTIF($D8:$BC8,"C")+COUNTIF($D8:$BC8,"D")+COUNTIF($D8:$BC8,"G") | BH8: =COUNTIF($D8:$BC8,"ICU") | BI8: =COUNTIF($D8:$BC8,"ICU E") | BJ8: =COUNTIF($D8:$BC8,"ICU N") | BK8: =COUNTIF($D8:$BC8,"ID")+COUNTIF($D8:$BC8,"ID *") | BL8: =COUNTIF($D8:$BC8,"NEURO")+COUNTIF($D8:$BC8,"NEURO *") | BM8: =COUNTIF($D8:$BC8,"NF") | BN8: =COUNTIF($D8:$BC8,"SWING") | BO8: =COUNTIF($D8:$BC8,"VACATION") | BP8: =SUM(BD8:BO8) | BQ8: =COUNTIF($D8:$BC8,"PALLIATIVE")+COUNTIF($D8:$BC8,"PALLIATIVE *") | BR8: =COUNTIF($D8:$BC8,"GERIATRIC")+COUNTIF($D8:$BC8,"GERIATRIC 2") | BS8: =COUNTIF($D8:$BC8,"GS")+COUNTIF($D8:$BC8,"GI")+COUNTIF($D8:$BC8,"GI *") | BT8: =COUNTIF($D8:$BC8,"HEM/ONC")+COUNTIF($D8:$BC8,"HEM/ONC *") | BU8: =COUNTIF($D8:$BC8,"PAIN MANAGEMENT")+COUNTIF($D8:$BC8,"PAIN MANAGEMENT *") | BV8: =COUNTIF($D8:$BC8,"RHEUMA")+COUNTIF($D8:$BC8,"RHEUMA *") | BW8: =COUNTIF($D8:$BC8,"ENDO")+COUNTIF($D8:$BC8,"ENDO *") | BX8: =COUNTIF($D8:$BC8,"PLASTIC")+COUNTIF($D8:$BC8,"PLASTIC *") | BY8: =COUNTIF($D8:$BC8,"PULM")+COUNTIF($D8:$BC8,"PULM *") | BZ8: =COUNTIF($D8:$BC8,"SICU")+COUNTIF($D8:$BC8,"SICU *") | CA8: =COUNTIF($D8:$BC8,"DERMATOLOGY")+COUNTIF($D8:$BC8,"DERMATOLOGY *") | CB8: =COUNTIF($D8:$BC8,"NEPHRO")+COUNTIF($D8:$BC8,"NEPHRO *") | CC8: =SUM(BQ8:CB8) | CD8: =BP8+CC8
C9: C. Correa | D9: CLINIC | E9: CLINIC | F9: B | G9: B | H9: CLINIC | I9: SWING | J9: VACATION | K9: VACATION | L9: HEM/ONC * | M9: ICU | N9: CLINIC | O9: CLINIC | P9: D | Q9: ICU | R9: CARDIO | S9: CLINIC | T9: D | U9: ID | V9: CLINIC | W9: ICU N | X9: CLINIC | Y9: PALLIATIVE | Z9: ICU | AA9: ICU | AB9: CLINIC | AC9: ICU H | AD9: A | AE9: CLINIC | AF9: D | AG9: ICU N | AH9: PALLIATIVE | AI9: RHEUMA | AJ9: CLINIC | AK9: PULM | AL9: PULM | AM9: DERMATOLOGY | AN9: CLINIC | AO9: CLINIC | AP9: VACATION | AQ9: VACATION | AR9: GERIATRIC | AS9: GERIATRIC | AT9: CLINIC | AU9: GI | AV9: GI | AW9: HEM/ONC | AX9: HEM/ONC | AY9: CLINIC | AZ9: GI | BA9: GI | BB9: CLINIC | BC9: HEM/ONC | BD9: =COUNTIF($D9:$BC9,"CARDIO")+COUNTIF($D9:$BC9,"CARDIO E")+COUNTIF($D9:$BC9,"CARDIO E *")+COUNTIF($D9:$BC9,"CARDIO-HCA")+COUNTIF($D9:$BC9,"CARDIO-HCA *")+COUNTIF($D9:$BC9,"CARDIO-RAM")+COUNTIF($D9:$BC9,"CARDIO-RAM *") | BE9: =COUNTIF($D9:$BC9,"CLINIC")+COUNTIF($D9:$BC9,"CLINIC *")+COUNTIF($D9:$BC9,"URGENT CARE")+COUNTIF($D9:$BC9,"URGENT CARE *") | BF9: =COUNTIF($D9:$BC9,"ED") | BG9: =COUNTIF($D9:$BC9,"A")+COUNTIF($D9:$BC9,"B")+COUNTIF($D9:$BC9,"C")+COUNTIF($D9:$BC9,"D")+COUNTIF($D9:$BC9,"G") | BH9: =COUNTIF($D9:$BC9,"ICU") | BI9: =COUNTIF($D9:$BC9,"ICU E") | BJ9: =COUNTIF($D9:$BC9,"ICU N") | BK9: =COUNTIF($D9:$BC9,"ID")+COUNTIF($D9:$BC9,"ID *") | BL9: =COUNTIF($D9:$BC9,"NEURO")+COUNTIF($D9:$BC9,"NEURO *") | BM9: =COUNTIF($D9:$BC9,"NF") | BN9: =COUNTIF($D9:$BC9,"SWING") | BO9: =COUNTIF($D9:$BC9,"VACATION") | BP9: =SUM(BD9:BO9) | BQ9: =COUNTIF($D9:$BC9,"PALLIATIVE")+COUNTIF($D9:$BC9,"PALLIATIVE *") | BR9: =COUNTIF($D9:$BC9,"GERIATRIC")+COUNTIF($D9:$BC9,"GERIATRIC 2") | BS9: =COUNTIF($D9:$BC9,"GS")+COUNTIF($D9:$BC9,"GI")+COUNTIF($D9:$BC9,"GI *") | BT9: =COUNTIF($D9:$BC9,"HEM/ONC")+COUNTIF($D9:$BC9,"HEM/ONC *") | BU9: =COUNTIF($D9:$BC9,"PAIN MANAGEMENT")+COUNTIF($D9:$BC9,"PAIN MANAGEMENT *") | BV9: =COUNTIF($D9:$BC9,"RHEUMA")+COUNTIF($D9:$BC9,"RHEUMA *") | BW9: =COUNTIF($D9:$BC9,"ENDO")+COUNTIF($D9:$BC9,"ENDO *") | BX9: =COUNTIF($D9:$BC9,"PLASTIC")+COUNTIF($D9:$BC9,"PLASTIC *") | BY9: =COUNTIF($D9:$BC9,"PULM")+COUNTIF($D9:$BC9,"PULM *") | BZ9: =COUNTIF($D9:$BC9,"SICU")+COUNTIF($D9:$BC9,"SICU *") | CA9: =COUNTIF($D9:$BC9,"DERMATOLOGY")+COUNTIF($D9:$BC9,"DERMATOLOGY *") | CB9: =COUNTIF($D9:$BC9,"NEPHRO")+COUNTIF($D9:$BC9,"NEPHRO *") | CC9: =SUM(BQ9:CB9) | CD9: =BP9+CC9
C10: L. Diaz-Fajardo | D10: CLINIC | E10: PALLIATIVE | F10: ICU | G10: ICU | H10: ICU N | I10: CLINIC | J10: CLINIC | K10: PULM | L10: ICU | M10: ID | N10: CLINIC | O10: VACATION | P10: VACATION | Q10: NF | R10: CLINIC * | S10: CLINIC | T10: C | U10: C | V10: NEPHRO | W10: SWING | X10: CLINIC | Y10: CLINIC | Z10: D | AA10: PALLIATIVE | AB10: D | AC10: ICU H | AD10: CLINIC | AE10: CLINIC | AF10: G | AG10: RHEUMA | AH10: PALLIATIVE | AI10: CARDIO | AJ10: CLINIC | AK10: VACATION | AL10: VACATION | AM10: CLINIC | AN10: CARDIO | AO10: CLINIC | AP10: GERIATRIC 2 | AQ10: GERIATRIC 2 | AR10: HEM/ONC | AS10: CLINIC | AT10: CLINIC | AU10: PULM | AV10: GI | AW10: CLINIC | AX10: GI | AY10: CLINIC | AZ10: PAIN MANAGEMENT * | BA10: PAIN MANAGEMENT | BB10: CLINIC | BC10: RHEUMA | BD10: =COUNTIF($D10:$BC10,"CARDIO")+COUNTIF($D10:$BC10,"CARDIO E")+COUNTIF($D10:$BC10,"CARDIO E *")+COUNTIF($D10:$BC10,"CARDIO-HCA")+COUNTIF($D10:$BC10,"CARDIO-HCA *")+COUNTIF($D10:$BC10,"CARDIO-RAM")+COUNTIF($D10:$BC10,"CARDIO-RAM *") | BE10: =COUNTIF($D10:$BC10,"CLINIC")+COUNTIF($D10:$BC10,"CLINIC *")+COUNTIF($D10:$BC10,"URGENT CARE")+COUNTIF($D10:$BC10,"URGENT CARE *") | BF10: =COUNTIF($D10:$BC10,"ED") | BG10: =COUNTIF($D10:$BC10,"A")+COUNTIF($D10:$BC10,"B")+COUNTIF($D10:$BC10,"C")+COUNTIF($D10:$BC10,"D")+COUNTIF($D10:$BC10,"G") | BH10: =COUNTIF($D10:$BC10,"ICU") | BI10: =COUNTIF($D10:$BC10,"ICU E") | BJ10: =COUNTIF($D10:$BC10,"ICU N") | BK10: =COUNTIF($D10:$BC10,"ID")+COUNTIF($D10:$BC10,"ID *") | BL10: =COUNTIF($D10:$BC10,"NEURO")+COUNTIF($D10:$BC10,"NEURO *") | BM10: =COUNTIF($D10:$BC10,"NF") | BN10: =COUNTIF($D10:$BC10,"SWING") | BO10: =COUNTIF($D10:$BC10,"VACATION") | BP10: =SUM(BD10:BO10) | BQ10: =COUNTIF($D10:$BC10,"PALLIATIVE")+COUNTIF($D10:$BC10,"PALLIATIVE *") | BR10: =COUNTIF($D10:$BC10,"GERIATRIC")+COUNTIF($D10:$BC10,"GERIATRIC 2") | BS10: =COUNTIF($D10:$BC10,"GS")+COUNTIF($D10:$BC10,"GI")+COUNTIF($D10:$BC10,"GI *") | BT10: =COUNTIF($D10:$BC10,"HEM/ONC")+COUNTIF($D10:$BC10,"HEM/ONC *") | BU10: =COUNTIF($D10:$BC10,"PAIN MANAGEMENT")+COUNTIF($D10:$BC10,"PAIN MANAGEMENT *") | BV10: =COUNTIF($D10:$BC10,"RHEUMA")+COUNTIF($D10:$BC10,"RHEUMA *") | BW10: =COUNTIF($D10:$BC10,"ENDO")+COUNTIF($D10:$BC10,"ENDO *") | BX10: =COUNTIF($D10:$BC10,"PLASTIC")+COUNTIF($D10:$BC10,"PLASTIC *") | BY10: =COUNTIF($D10:$BC10,"PULM")+COUNTIF($D10:$BC10,"PULM *") | BZ10: =COUNTIF($D10:$BC10,"SICU")+COUNTIF($D10:$BC10,"SICU *") | CA10: =COUNTIF($D10:$BC10,"DERMATOLOGY")+COUNTIF($D10:$BC10,"DERMATOLOGY *") | CB10: =COUNTIF($D10:$BC10,"NEPHRO")+COUNTIF($D10:$BC10,"NEPHRO *") | CC10: =SUM(BQ10:CB10) | CD10: =BP10+CC10
C11: J. Garcia-Blaya | D11: CLINIC | E11: VACATION | F11: VACATION | G11: D | H11: D | I11: CLINIC | J11: A | K11: ICU | L11: ICU | M11: C | N11: CLINIC | O11: C | P11: C | Q11: CLINIC | R11: SWING | S11: CLINIC | T11: ICU N | U11: CLINIC | V11: GI | W11: B | X11: CLINIC | Y11: HEM/ONC | Z11: NF | AA11: NF | AB11: GI | AC11: A | AD11: ICU H | AE11: CLINIC | AF11: ID | AG11: RHEUMA | AH11: CARDIO | AI11: CARDIO | AJ11: CLINIC | AK11: PAIN MANAGEMENT | AL11: PAIN MANAGEMENT | AM11: HEM/ONC | AN11: GERIATRIC | AO11: GERIATRIC | AP11: VACATION | AQ11: VACATION | AR11: PALLIATIVE | AS11: CLINIC | AT11: CLINIC | AU11: PULM | AV11: CLINIC * | AW11: HEM/ONC | AX11: PALLIATIVE | AY11: CLINIC | AZ11: NEPHRO | BA11: NEPHRO | BB11: CLINIC | BC11: DERMATOLOGY | BD11: =COUNTIF($D11:$BC11,"CARDIO")+COUNTIF($D11:$BC11,"CARDIO E")+COUNTIF($D11:$BC11,"CARDIO E *")+COUNTIF($D11:$BC11,"CARDIO-HCA")+COUNTIF($D11:$BC11,"CARDIO-HCA *")+COUNTIF($D11:$BC11,"CARDIO-RAM")+COUNTIF($D11:$BC11,"CARDIO-RAM *") | BE11: =COUNTIF($D11:$BC11,"CLINIC")+COUNTIF($D11:$BC11,"CLINIC *")+COUNTIF($D11:$BC11,"URGENT CARE")+COUNTIF($D11:$BC11,"URGENT CARE *") | BF11: =COUNTIF($D11:$BC11,"ED") | BG11: =COUNTIF($D11:$BC11,"A")+COUNTIF($D11:$BC11,"B")+COUNTIF($D11:$BC11,"C")+COUNTIF($D11:$BC11,"D")+COUNTIF($D11:$BC11,"G") | BH11: =COUNTIF($D11:$BC11,"ICU") | BI11: =COUNTIF($D11:$BC11,"ICU E") | BJ11: =COUNTIF($D11:$BC11,"ICU N") | BK11: =COUNTIF($D11:$BC11,"ID")+COUNTIF($D11:$BC11,"ID *") | BL11: =COUNTIF($D11:$BC11,"NEURO")+COUNTIF($D11:$BC11,"NEURO *") | BM11: =COUNTIF($D11:$BC11,"NF") | BN11: =COUNTIF($D11:$BC11,"SWING") | BO11: =COUNTIF($D11:$BC11,"VACATION") | BP11: =SUM(BD11:BO11) | BQ11: =COUNTIF($D11:$BC11,"PALLIATIVE")+COUNTIF($D11:$BC11,"PALLIATIVE *") | BR11: =COUNTIF($D11:$BC11,"GERIATRIC")+COUNTIF($D11:$BC11,"GERIATRIC 2") | BS11: =COUNTIF($D11:$BC11,"GS")+COUNTIF($D11:$BC11,"GI")+COUNTIF($D11:$BC11,"GI *") | BT11: =COUNTIF($D11:$BC11,"HEM/ONC")+COUNTIF($D11:$BC11,"HEM/ONC *") | BU11: =COUNTIF($D11:$BC11,"PAIN MANAGEMENT")+COUNTIF($D11:$BC11,"PAIN MANAGEMENT *") | BV11: =COUNTIF($D11:$BC11,"RHEUMA")+COUNTIF($D11:$BC11,"RHEUMA *") | BW11: =COUNTIF($D11:$BC11,"ENDO")+COUNTIF($D11:$BC11,"ENDO *") | BX11: =COUNTIF($D11:$BC11,"PLASTIC")+COUNTIF($D11:$BC11,"PLASTIC *") | BY11: =COUNTIF($D11:$BC11,"PULM")+COUNTIF($D11:$BC11,"PULM *") | BZ11: =COUNTIF($D11:$BC11,"SICU")+COUNTIF($D11:$BC11,"SICU *") | CA11: =COUNTIF($D11:$BC11,"DERMATOLOGY")+COUNTIF($D11:$BC11,"DERMATOLOGY *") | CB11: =COUNTIF($D11:$BC11,"NEPHRO")+COUNTIF($D11:$BC11,"NEPHRO *") | CC11: =SUM(BQ11:CB11) | CD11: =BP11+CC11
A12: Cohort 2 | B12: PGY-2 | C12: J. Jhooty | D12: ID* | E12: CLINIC | F12: B | G12: B | H12: B | I12: B | J12: CLINIC | K12: NF | L12: NF | M12: CLINIC | N12: ID * | O12: CLINIC | P12: VACATION | Q12: VACATION | R12: C | S12: C | T12: CLINIC | U12: A | V12: A | W12: A | X12: A | Y12: CLINIC * | Z12: C | AA12: C | AB12: C | AC12: C | AD12: ICU H | AE12: CLINIC | AF12: CLINIC | AG12: CARDIO | AH12: GI | AI12: RHEUMA | AJ12: RHEUMA | AK12: CLINIC | AL12: CARDIO | AM12: CARDIO | AN12: ICU | AO12: ICU | AP12: CLINIC | AQ12: VACATION | AR12: VACATION | AS12: ICU | AT12: ICU | AU12: CLINIC | AV12: B | AW12: ICU | AX12: ICU | AY12: C | AZ12: CLINIC | BA12: D | BB12: ICU | BC12: ICU | BD12: =COUNTIF($D12:$BC12,"CARDIO")+COUNTIF($D12:$BC12,"CARDIO E")+COUNTIF($D12:$BC12,"CARDIO E *")+COUNTIF($D12:$BC12,"CARDIO-HCA")+COUNTIF($D12:$BC12,"CARDIO-HCA *")+COUNTIF($D12:$BC12,"CARDIO-RAM")+COUNTIF($D12:$BC12,"CARDIO-RAM *") | BE12: =COUNTIF($D12:$BC12,"CLINIC")+COUNTIF($D12:$BC12,"CLINIC *")+COUNTIF($D12:$BC12,"URGENT CARE")+COUNTIF($D12:$BC12,"URGENT CARE *") | BF12: =COUNTIF($D12:$BC12,"ED") | BG12: =COUNTIF($D12:$BC12,"A")+COUNTIF($D12:$BC12,"B")+COUNTIF($D12:$BC12,"C")+COUNTIF($D12:$BC12,"D")+COUNTIF($D12:$BC12,"G") | BH12: =COUNTIF($D12:$BC12,"ICU") | BI12: =COUNTIF($D12:$BC12,"ICU E") | BJ12: =COUNTIF($D12:$BC12,"ICU N") | BK12: =COUNTIF($D12:$BC12,"ID")+COUNTIF($D12:$BC12,"ID *") | BL12: =COUNTIF($D12:$BC12,"NEURO")+COUNTIF($D12:$BC12,"NEURO *") | BM12: =COUNTIF($D12:$BC12,"NF") | BN12: =COUNTIF($D12:$BC12,"SWING") | BO12: =COUNTIF($D12:$BC12,"VACATION") | BP12: =SUM(BD12:BO12) | BQ12: =COUNTIF($D12:$BC12,"PALLIATIVE")+COUNTIF($D12:$BC12,"PALLIATIVE *") | BR12: =COUNTIF($D12:$BC12,"GERIATRIC")+COUNTIF($D12:$BC12,"GERIATRIC 2") | BS12: =COUNTIF($D12:$BC12,"GS")+COUNTIF($D12:$BC12,"GI")+COUNTIF($D12:$BC12,"GI *") | BT12: =COUNTIF($D12:$BC12,"HEM/ONC")+COUNTIF($D12:$BC12,"HEM/ONC *") | BU12: =COUNTIF($D12:$BC12,"PAIN MANAGEMENT")+COUNTIF($D12:$BC12,"PAIN MANAGEMENT *") | BV12: =COUNTIF($D12:$BC12,"RHEUMA")+COUNTIF($D12:$BC12,"RHEUMA *") | BW12: =COUNTIF($D12:$BC12,"ENDO")+COUNTIF($D12:$BC12,"ENDO *") | BX12: =COUNTIF($D12:$BC12,"PLASTIC")+COUNTIF($D12:$BC12,"PLASTIC *") | BY12: =COUNTIF($D12:$BC12,"PULM")+COUNTIF($D12:$BC12,"PULM *") | BZ12: =COUNTIF($D12:$BC12,"SICU")+COUNTIF($D12:$BC12,"SICU *") | CA12: =COUNTIF($D12:$BC12,"DERMATOLOGY")+COUNTIF($D12:$BC12,"DERMATOLOGY *") | CB12: =COUNTIF($D12:$BC12,"NEPHRO")+COUNTIF($D12:$BC12,"NEPHRO *") | CC12: =SUM(BQ12:CB12) | CD12: =BP12+CC12
C13: M. Artavia | D13: ID | E13: CLINIC | F13: B | G13: B | H13: B | I13: B | J13: CLINIC | K13: GI * | L13: C | M13: C | N13: GI | O13: CLINIC | P13: ICU N | Q13: ICU N | R13: C | S13: C | T13: CLINIC | U13: VACATION | V13: VACATION | W13: ICU | X13: ICU | Y13: CLINIC | Z13: C | AA13: C | AB13: C | AC13: C | AD13: ICU H | AE13: C | AF13: CLINIC | AG13: CARDIO* | AH13: CARDIO | AI13: ICU N | AJ13: ICU N | AK13: CLINIC | AL13: ED | AM13: ED | AN13: VACATION | AO13: VACATION | AP13: CLINIC | AQ13: ICU | AR13: ICU | AS13: A | AT13: A | AU13: CLINIC * | AV13: C | AW13: CLINIC * | AX13: GI | AY13: A | AZ13: CLINIC | BA13: D | BB13: CLINIC | BC13: A | BD13: =COUNTIF($D13:$BC13,"CARDIO")+COUNTIF($D13:$BC13,"CARDIO E")+COUNTIF($D13:$BC13,"CARDIO E *")+COUNTIF($D13:$BC13,"CARDIO-HCA")+COUNTIF($D13:$BC13,"CARDIO-HCA *")+COUNTIF($D13:$BC13,"CARDIO-RAM")+COUNTIF($D13:$BC13,"CARDIO-RAM *") | BE13: =COUNTIF($D13:$BC13,"CLINIC")+COUNTIF($D13:$BC13,"CLINIC *")+COUNTIF($D13:$BC13,"URGENT CARE")+COUNTIF($D13:$BC13,"URGENT CARE *") | BF13: =COUNTIF($D13:$BC13,"ED") | BG13: =COUNTIF($D13:$BC13,"A")+COUNTIF($D13:$BC13,"B")+COUNTIF($D13:$BC13,"C")+COUNTIF($D13:$BC13,"D")+COUNTIF($D13:$BC13,"G") | BH13: =COUNTIF($D13:$BC13,"ICU") | BI13: =COUNTIF($D13:$BC13,"ICU E") | BJ13: =COUNTIF($D13:$BC13,"ICU N") | BK13: =COUNTIF($D13:$BC13,"ID")+COUNTIF($D13:$BC13,"ID *") | BL13: =COUNTIF($D13:$BC13,"NEURO")+COUNTIF($D13:$BC13,"NEURO *") | BM13: =COUNTIF($D13:$BC13,"NF") | BN13: =COUNTIF($D13:$BC13,"SWING") | BO13: =COUNTIF($D13:$BC13,"VACATION") | BP13: =SUM(BD13:BO13) | BQ13: =COUNTIF($D13:$BC13,"PALLIATIVE")+COUNTIF($D13:$BC13,"PALLIATIVE *") | BR13: =COUNTIF($D13:$BC13,"GERIATRIC")+COUNTIF($D13:$BC13,"GERIATRIC 2") | BS13: =COUNTIF($D13:$BC13,"GS")+COUNTIF($D13:$BC13,"GI")+COUNTIF($D13:$BC13,"GI *") | BT13: =COUNTIF($D13:$BC13,"HEM/ONC")+COUNTIF($D13:$BC13,"HEM/ONC *") | BU13: =COUNTIF($D13:$BC13,"PAIN MANAGEMENT")+COUNTIF($D13:$BC13,"PAIN MANAGEMENT *") | BV13: =COUNTIF($D13:$BC13,"RHEUMA")+COUNTIF($D13:$BC13,"RHEUMA *") | BW13: =COUNTIF($D13:$BC13,"ENDO")+COUNTIF($D13:$BC13,"ENDO *") | BX13: =COUNTIF($D13:$BC13,"PLASTIC")+COUNTIF($D13:$BC13,"PLASTIC *") | BY13: =COUNTIF($D13:$BC13,"PULM")+COUNTIF($D13:$BC13,"PULM *") | BZ13: =COUNTIF($D13:$BC13,"SICU")+COUNTIF($D13:$BC13,"SICU *") | CA13: =COUNTIF($D13:$BC13,"DERMATOLOGY")+COUNTIF($D13:$BC13,"DERMATOLOGY *") | CB13: =COUNTIF($D13:$BC13,"NEPHRO")+COUNTIF($D13:$BC13,"NEPHRO *") | CC13: =SUM(BQ13:CB13) | CD13: =BP13+CC13
C14: M. Delgadillo | D14: C | E14: CLINIC | F14: ICU | G14: ICU | H14: ID * | I14: HEM/ONC | J14: CLINIC | K14: D | L14: D | M14: D | N14: D | O14: CLINIC * | P14: NF | Q14: NF | R14: CLINIC * | S14: HEM/ONC | T14: CLINIC | U14: NF | V14: NF | W14: VACATION | X14: VACATION | Y14: CLINIC | Z14: D | AA14: D | AB14: D | AC14: D | AD14: ICU H* | AE14: ID | AF14: CLINIC | AG14: A | AH14: A | AI14: ED | AJ14: ED | AK14: CLINIC | AL14: ICU N | AM14: ICU N | AN14: CARDIO* | AO14: CARDIO | AP14: CLINIC | AQ14: A | AR14: A | AS14: VACATION | AT14: VACATION | AU14: ICU N | AV14: ICU | AW14: ICU | AX14: CLINIC | AY14: HEM/ONC | AZ14: B | BA14: B | BB14: B | BC14: B | BD14: =COUNTIF($D14:$BC14,"CARDIO")+COUNTIF($D14:$BC14,"CARDIO E")+COUNTIF($D14:$BC14,"CARDIO E *")+COUNTIF($D14:$BC14,"CARDIO-HCA")+COUNTIF($D14:$BC14,"CARDIO-HCA *")+COUNTIF($D14:$BC14,"CARDIO-RAM")+COUNTIF($D14:$BC14,"CARDIO-RAM *") | BE14: =COUNTIF($D14:$BC14,"CLINIC")+COUNTIF($D14:$BC14,"CLINIC *")+COUNTIF($D14:$BC14,"URGENT CARE")+COUNTIF($D14:$BC14,"URGENT CARE *") | BF14: =COUNTIF($D14:$BC14,"ED") | BG14: =COUNTIF($D14:$BC14,"A")+COUNTIF($D14:$BC14,"B")+COUNTIF($D14:$BC14,"C")+COUNTIF($D14:$BC14,"D")+COUNTIF($D14:$BC14,"G") | BH14: =COUNTIF($D14:$BC14,"ICU") | BI14: =COUNTIF($D14:$BC14,"ICU E") | BJ14: =COUNTIF($D14:$BC14,"ICU N") | BK14: =COUNTIF($D14:$BC14,"ID")+COUNTIF($D14:$BC14,"ID *") | BL14: =COUNTIF($D14:$BC14,"NEURO")+COUNTIF($D14:$BC14,"NEURO *") | BM14: =COUNTIF($D14:$BC14,"NF") | BN14: =COUNTIF($D14:$BC14,"SWING") | BO14: =COUNTIF($D14:$BC14,"VACATION") | BP14: =SUM(BD14:BO14) | BQ14: =COUNTIF($D14:$BC14,"PALLIATIVE")+COUNTIF($D14:$BC14,"PALLIATIVE *") | BR14: =COUNTIF($D14:$BC14,"GERIATRIC")+COUNTIF($D14:$BC14,"GERIATRIC 2") | BS14: =COUNTIF($D14:$BC14,"GS")+COUNTIF($D14:$BC14,"GI")+COUNTIF($D14:$BC14,"GI *") | BT14: =COUNTIF($D14:$BC14,"HEM/ONC")+COUNTIF($D14:$BC14,"HEM/ONC *") | BU14: =COUNTIF($D14:$BC14,"PAIN MANAGEMENT")+COUNTIF($D14:$BC14,"PAIN MANAGEMENT *") | BV14: =COUNTIF($D14:$BC14,"RHEUMA")+COUNTIF($D14:$BC14,"RHEUMA *") | BW14: =COUNTIF($D14:$BC14,"ENDO")+COUNTIF($D14:$BC14,"ENDO *") | BX14: =COUNTIF($D14:$BC14,"PLASTIC")+COUNTIF($D14:$BC14,"PLASTIC *") | BY14: =COUNTIF($D14:$BC14,"PULM")+COUNTIF($D14:$BC14,"PULM *") | BZ14: =COUNTIF($D14:$BC14,"SICU")+COUNTIF($D14:$BC14,"SICU *") | CA14: =COUNTIF($D14:$BC14,"DERMATOLOGY")+COUNTIF($D14:$BC14,"DERMATOLOGY *") | CB14: =COUNTIF($D14:$BC14,"NEPHRO")+COUNTIF($D14:$BC14,"NEPHRO *") | CC14: =SUM(BQ14:CB14) | CD14: =BP14+CC14
C15: K. Gonzalez | D15: C | E15: CLINIC | F15: ICU | G15: ICU | H15: ID | I15: CARDIO* | J15: CLINIC | K15: D | L15: D | M15: D | N15: D | O15: CLINIC | P15: VACATION | Q15: VACATION | R15: ICU | S15: ICU | T15: CLINIC * | U15: A | V15: A | W15: A | X15: A | Y15: CLINIC | Z15: D | AA15: D | AB15: D | AC15: D | AD15: ICU H | AE15: CARDIO | AF15: CLINIC | AG15: D | AH15: D | AI15: CARDIO | AJ15: CARDIO | AK15: CLINIC | AL15: ED | AM15: ED | AN15: ICU N | AO15: ICU N | AP15: CLINIC | AQ15: A | AR15: A | AS15: CLINIC | AT15: ICU N | AU15: CLINIC | AV15: VACATION | AW15: VACATION | AX15: ID | AY15: ICU N | AZ15: B | BA15: B | BB15: B | BC15: B | BD15: =COUNTIF($D15:$BC15,"CARDIO")+COUNTIF($D15:$BC15,"CARDIO E")+COUNTIF($D15:$BC15,"CARDIO E *")+COUNTIF($D15:$BC15,"CARDIO-HCA")+COUNTIF($D15:$BC15,"CARDIO-HCA *")+COUNTIF($D15:$BC15,"CARDIO-RAM")+COUNTIF($D15:$BC15,"CARDIO-RAM *") | BE15: =COUNTIF($D15:$BC15,"CLINIC")+COUNTIF($D15:$BC15,"CLINIC *")+COUNTIF($D15:$BC15,"URGENT CARE")+COUNTIF($D15:$BC15,"URGENT CARE *") | BF15: =COUNTIF($D15:$BC15,"ED") | BG15: =COUNTIF($D15:$BC15,"A")+COUNTIF($D15:$BC15,"B")+COUNTIF($D15:$BC15,"C")+COUNTIF($D15:$BC15,"D")+COUNTIF($D15:$BC15,"G") | BH15: =COUNTIF($D15:$BC15,"ICU") | BI15: =COUNTIF($D15:$BC15,"ICU E") | BJ15: =COUNTIF($D15:$BC15,"ICU N") | BK15: =COUNTIF($D15:$BC15,"ID")+COUNTIF($D15:$BC15,"ID *") | BL15: =COUNTIF($D15:$BC15,"NEURO")+COUNTIF($D15:$BC15,"NEURO *") | BM15: =COUNTIF($D15:$BC15,"NF") | BN15: =COUNTIF($D15:$BC15,"SWING") | BO15: =COUNTIF($D15:$BC15,"VACATION") | BP15: =SUM(BD15:BO15) | BQ15: =COUNTIF($D15:$BC15,"PALLIATIVE")+COUNTIF($D15:$BC15,"PALLIATIVE *") | BR15: =COUNTIF($D15:$BC15,"GERIATRIC")+COUNTIF($D15:$BC15,"GERIATRIC 2") | BS15: =COUNTIF($D15:$BC15,"GS")+COUNTIF($D15:$BC15,"GI")+COUNTIF($D15:$BC15,"GI *") | BT15: =COUNTIF($D15:$BC15,"HEM/ONC")+COUNTIF($D15:$BC15,"HEM/ONC *") | BU15: =COUNTIF($D15:$BC15,"PAIN MANAGEMENT")+COUNTIF($D15:$BC15,"PAIN MANAGEMENT *") | BV15: =COUNTIF($D15:$BC15,"RHEUMA")+COUNTIF($D15:$BC15,"RHEUMA *") | BW15: =COUNTIF($D15:$BC15,"ENDO")+COUNTIF($D15:$BC15,"ENDO *") | BX15: =COUNTIF($D15:$BC15,"PLASTIC")+COUNTIF($D15:$BC15,"PLASTIC *") | BY15: =COUNTIF($D15:$BC15,"PULM")+COUNTIF($D15:$BC15,"PULM *") | BZ15: =COUNTIF($D15:$BC15,"SICU")+COUNTIF($D15:$BC15,"SICU *") | CA15: =COUNTIF($D15:$BC15,"DERMATOLOGY")+COUNTIF($D15:$BC15,"DERMATOLOGY *") | CB15: =COUNTIF($D15:$BC15,"NEPHRO")+COUNTIF($D15:$BC15,"NEPHRO *") | CC15: =SUM(BQ15:CB15) | CD15: =BP15+CC15
B16: PGY-3 | C16: C. Ayala | D16: CLINIC | E16: CLINIC | F16: HEM/ONC | G16: CLINIC | H16: NEURO | I16: NEURO | J16: CLINIC | K16: CARDIO | L16: B | M16: B | N16: CLINIC | O16: CLINIC | P16: VACATION | Q16: VACATION | R16: A | S16: B | T16: CLINIC | U16: D | V16: NF | W16: NF | X16: CLINIC | Y16: CLINIC | Z16: NEURO | AA16: B | AB16: ICU | AC16: ICU | AD16: ICU H* | AE16: CLINIC | AF16: CLINIC | AG16: NEPHRO | AH16: CARDIO* | AI16: B | AJ16: B | AK16: CLINIC | AL16: SWING | AM16: ICU | AN16: ICU | AO16: SWING | AP16: CLINIC | AQ16: ICU | AR16: ICU | AS16: VACATION | AT16: VACATION | AU16: CLINIC | AV16: B | AW16: B | AX16: NF | AY16: NF | AZ16: CLINIC | BA16: CLINIC * | BB16: ICU N | BC16: ICU N | BD16: =COUNTIF($D16:$BC16,"CARDIO")+COUNTIF($D16:$BC16,"CARDIO E")+COUNTIF($D16:$BC16,"CARDIO E *")+COUNTIF($D16:$BC16,"CARDIO-HCA")+COUNTIF($D16:$BC16,"CARDIO-HCA *")+COUNTIF($D16:$BC16,"CARDIO-RAM")+COUNTIF($D16:$BC16,"CARDIO-RAM *") | BE16: =COUNTIF($D16:$BC16,"CLINIC")+COUNTIF($D16:$BC16,"CLINIC *")+COUNTIF($D16:$BC16,"URGENT CARE")+COUNTIF($D16:$BC16,"URGENT CARE *") | BF16: =COUNTIF($D16:$BC16,"ED") | BG16: =COUNTIF($D16:$BC16,"A")+COUNTIF($D16:$BC16,"B")+COUNTIF($D16:$BC16,"C")+COUNTIF($D16:$BC16,"D")+COUNTIF($D16:$BC16,"G") | BH16: =COUNTIF($D16:$BC16,"ICU") | BI16: =COUNTIF($D16:$BC16,"ICU E") | BJ16: =COUNTIF($D16:$BC16,"ICU N") | BK16: =COUNTIF($D16:$BC16,"ID")+COUNTIF($D16:$BC16,"ID *") | BL16: =COUNTIF($D16:$BC16,"NEURO")+COUNTIF($D16:$BC16,"NEURO *") | BM16: =COUNTIF($D16:$BC16,"NF") | BN16: =COUNTIF($D16:$BC16,"SWING") | BO16: =COUNTIF($D16:$BC16,"VACATION") | BP16: =SUM(BD16:BO16) | BQ16: =COUNTIF($D16:$BC16,"PALLIATIVE")+COUNTIF($D16:$BC16,"PALLIATIVE *") | BR16: =COUNTIF($D16:$BC16,"GERIATRIC")+COUNTIF($D16:$BC16,"GERIATRIC 2") | BS16: =COUNTIF($D16:$BC16,"GS")+COUNTIF($D16:$BC16,"GI")+COUNTIF($D16:$BC16,"GI *") | BT16: =COUNTIF($D16:$BC16,"HEM/ONC")+COUNTIF($D16:$BC16,"HEM/ONC *") | BU16: =COUNTIF($D16:$BC16,"PAIN MANAGEMENT")+COUNTIF($D16:$BC16,"PAIN MANAGEMENT *") | BV16: =COUNTIF($D16:$BC16,"RHEUMA")+COUNTIF($D16:$BC16,"RHEUMA *") | BW16: =COUNTIF($D16:$BC16,"ENDO")+COUNTIF($D16:$BC16,"ENDO *") | BX16: =COUNTIF($D16:$BC16,"PLASTIC")+COUNTIF($D16:$BC16,"PLASTIC *") | BY16: =COUNTIF($D16:$BC16,"PULM")+COUNTIF($D16:$BC16,"PULM *") | BZ16: =COUNTIF($D16:$BC16,"SICU")+COUNTIF($D16:$BC16,"SICU *") | CA16: =COUNTIF($D16:$BC16,"DERMATOLOGY")+COUNTIF($D16:$BC16,"DERMATOLOGY *") | CB16: =COUNTIF($D16:$BC16,"NEPHRO")+COUNTIF($D16:$BC16,"NEPHRO *") | CC16: =SUM(BQ16:CB16) | CD16: =BP16+CC16
C17: K. Vallejo | D17: CLINIC | E17: CLINIC | F17: NEURO | G17: NEURO | H17: CLINIC | I17: B | J17: CLINIC | K17: ED | L17: ED | M17: ICU | N17: NEURO | O17: CLINIC | P17: VACATION | Q17: VACATION | R17: D | S17: D | T17: CLINIC | U17: GI * | V17: GI | W17: CLINIC | X17: GI | Y17: CLINIC | Z17: SWING | AA17: A | AB17: CLINIC | AC17: ICU H | AD17: NF | AE17: NF | AF17: CLINIC | AG17: NEURO | AH17: A | AI17: A | AJ17: A | AK17: CLINIC | AL17: C | AM17: C | AN17: ICU | AO17: ICU | AP17: CLINIC | AQ17: ICU N | AR17: ICU N | AS17: GI | AT17: GI | AU17: CLINIC | AV17: VACATION | AW17: VACATION | AX17: A | AY17: NF | AZ17: CLINIC | BA17: SWING | BB17: ICU | BC17: A | BD17: =COUNTIF($D17:$BC17,"CARDIO")+COUNTIF($D17:$BC17,"CARDIO E")+COUNTIF($D17:$BC17,"CARDIO E *")+COUNTIF($D17:$BC17,"CARDIO-HCA")+COUNTIF($D17:$BC17,"CARDIO-HCA *")+COUNTIF($D17:$BC17,"CARDIO-RAM")+COUNTIF($D17:$BC17,"CARDIO-RAM *") | BE17: =COUNTIF($D17:$BC17,"CLINIC")+COUNTIF($D17:$BC17,"CLINIC *")+COUNTIF($D17:$BC17,"URGENT CARE")+COUNTIF($D17:$BC17,"URGENT CARE *") | BF17: =COUNTIF($D17:$BC17,"ED") | BG17: =COUNTIF($D17:$BC17,"A")+COUNTIF($D17:$BC17,"B")+COUNTIF($D17:$BC17,"C")+COUNTIF($D17:$BC17,"D")+COUNTIF($D17:$BC17,"G") | BH17: =COUNTIF($D17:$BC17,"ICU") | BI17: =COUNTIF($D17:$BC17,"ICU E") | BJ17: =COUNTIF($D17:$BC17,"ICU N") | BK17: =COUNTIF($D17:$BC17,"ID")+COUNTIF($D17:$BC17,"ID *") | BL17: =COUNTIF($D17:$BC17,"NEURO")+COUNTIF($D17:$BC17,"NEURO *") | BM17: =COUNTIF($D17:$BC17,"NF") | BN17: =COUNTIF($D17:$BC17,"SWING") | BO17: =COUNTIF($D17:$BC17,"VACATION") | BP17: =SUM(BD17:BO17) | BQ17: =COUNTIF($D17:$BC17,"PALLIATIVE")+COUNTIF($D17:$BC17,"PALLIATIVE *") | BR17: =COUNTIF($D17:$BC17,"GERIATRIC")+COUNTIF($D17:$BC17,"GERIATRIC 2") | BS17: =COUNTIF($D17:$BC17,"GS")+COUNTIF($D17:$BC17,"GI")+COUNTIF($D17:$BC17,"GI *") | BT17: =COUNTIF($D17:$BC17,"HEM/ONC")+COUNTIF($D17:$BC17,"HEM/ONC *") | BU17: =COUNTIF($D17:$BC17,"PAIN MANAGEMENT")+COUNTIF($D17:$BC17,"PAIN MANAGEMENT *") | BV17: =COUNTIF($D17:$BC17,"RHEUMA")+COUNTIF($D17:$BC17,"RHEUMA *") | BW17: =COUNTIF($D17:$BC17,"ENDO")+COUNTIF($D17:$BC17,"ENDO *") | BX17: =COUNTIF($D17:$BC17,"PLASTIC")+COUNTIF($D17:$BC17,"PLASTIC *") | BY17: =COUNTIF($D17:$BC17,"PULM")+COUNTIF($D17:$BC17,"PULM *") | BZ17: =COUNTIF($D17:$BC17,"SICU")+COUNTIF($D17:$BC17,"SICU *") | CA17: =COUNTIF($D17:$BC17,"DERMATOLOGY")+COUNTIF($D17:$BC17,"DERMATOLOGY *") | CB17: =COUNTIF($D17:$BC17,"NEPHRO")+COUNTIF($D17:$BC17,"NEPHRO *") | CC17: =SUM(BQ17:CB17) | CD17: =BP17+CC17
B18: PGY-3 | C18: A. Silva | D18: D | E18: CLINIC | F18: ICU N | G18: ICU N | H18: CLINIC | I18: C | J18: CLINIC | K18: C | L18: C | M18: GI | N18: NF | O18: CLINIC | P18: G | Q18: VACATION | R18: VACATION | S18: GI | T18: CLINIC | U18: CLINIC | V18: ICU | W18: ICU | X18: CLINIC | Y18: CLINIC | Z18: CARDIO | AA18: CARDIO | AB18: C | AC18: CLINIC | AD18: ICU H | AE18: G | AF18: ICU | AG18: CLINIC | AH18: ICU | AI18: CLINIC | AJ18: CARDIO | AK18: CLINIC | AL18: HEM/ONC | AM18: HEM/ONC | AN18: RHEUMA | AO18: ID | AP18: CLINIC | AQ18: PALLIATIVE | AR18: PALLIATIVE | AS18: VACATION | AT18: VACATION | AU18: CLINIC | AV18: PULM | AW18: PULM | AX18: G | AY18: CLINIC | AZ18: CLINIC | BA18: ID | BB18: PAIN MANAGEMENT | BC18: GERIATRIC | BD18: =COUNTIF($D18:$BC18,"CARDIO")+COUNTIF($D18:$BC18,"CARDIO E")+COUNTIF($D18:$BC18,"CARDIO E *")+COUNTIF($D18:$BC18,"CARDIO-HCA")+COUNTIF($D18:$BC18,"CARDIO-HCA *")+COUNTIF($D18:$BC18,"CARDIO-RAM")+COUNTIF($D18:$BC18,"CARDIO-RAM *") | BE18: =COUNTIF($D18:$BC18,"CLINIC")+COUNTIF($D18:$BC18,"CLINIC *")+COUNTIF($D18:$BC18,"URGENT CARE")+COUNTIF($D18:$BC18,"URGENT CARE *") | BF18: =COUNTIF($D18:$BC18,"ED") | BG18: =COUNTIF($D18:$BC18,"A")+COUNTIF($D18:$BC18,"B")+COUNTIF($D18:$BC18,"C")+COUNTIF($D18:$BC18,"D")+COUNTIF($D18:$BC18,"G") | BH18: =COUNTIF($D18:$BC18,"ICU") | BI18: =COUNTIF($D18:$BC18,"ICU E") | BJ18: =COUNTIF($D18:$BC18,"ICU N") | BK18: =COUNTIF($D18:$BC18,"ID")+COUNTIF($D18:$BC18,"ID *") | BL18: =COUNTIF($D18:$BC18,"NEURO")+COUNTIF($D18:$BC18,"NEURO *") | BM18: =COUNTIF($D18:$BC18,"NF") | BN18: =COUNTIF($D18:$BC18,"SWING") | BO18: =COUNTIF($D18:$BC18,"VACATION") | BP18: =SUM(BD18:BO18) | BQ18: =COUNTIF($D18:$BC18,"PALLIATIVE")+COUNTIF($D18:$BC18,"PALLIATIVE *") | BR18: =COUNTIF($D18:$BC18,"GERIATRIC")+COUNTIF($D18:$BC18,"GERIATRIC 2") | BS18: =COUNTIF($D18:$BC18,"GS")+COUNTIF($D18:$BC18,"GI")+COUNTIF($D18:$BC18,"GI *") | BT18: =COUNTIF($D18:$BC18,"HEM/ONC")+COUNTIF($D18:$BC18,"HEM/ONC *") | BU18: =COUNTIF($D18:$BC18,"PAIN MANAGEMENT")+COUNTIF($D18:$BC18,"PAIN MANAGEMENT *") | BV18: =COUNTIF($D18:$BC18,"RHEUMA")+COUNTIF($D18:$BC18,"RHEUMA *") | BW18: =COUNTIF($D18:$BC18,"ENDO")+COUNTIF($D18:$BC18,"ENDO *") | BX18: =COUNTIF($D18:$BC18,"PLASTIC")+COUNTIF($D18:$BC18,"PLASTIC *") | BY18: =COUNTIF($D18:$BC18,"PULM")+COUNTIF($D18:$BC18,"PULM *") | BZ18: =COUNTIF($D18:$BC18,"SICU")+COUNTIF($D18:$BC18,"SICU *") | CA18: =COUNTIF($D18:$BC18,"DERMATOLOGY")+COUNTIF($D18:$BC18,"DERMATOLOGY *") | CB18: =COUNTIF($D18:$BC18,"NEPHRO")+COUNTIF($D18:$BC18,"NEPHRO *") | CC18: =SUM(BQ18:CB18) | CD18: =BP18+CC18
C19: F. Monefeldt | D19: C | E19: CLINIC | F19: NF | G19: NEURO | H19: NEURO | I19: A | J19: CLINIC | K19: A | L19: A | M19: HEM/ONC | N19: D | O19: CLINIC | P19: CLINIC | Q19: SWING | R19: VACATION | S19: VACATION | T19: NF | U19: CLINIC | V19: ICU | W19: ICU | X19: CLINIC | Y19: CLINIC | Z19: CARDIO | AA19: CARDIO | AB19: SWING | AC19: CLINIC | AD19: ICU H | AE19: CLINIC | AF19: CLINIC | AG19: ENDO | AH19: ENDO | AI19: NEPHRO * | AJ19: NEPHRO | AK19: CLINIC | AL19: GERIATRIC 2 | AM19: GERIATRIC 2 | AN19: VACATION | AO19: VACATION | AP19: CLINIC | AQ19: HEM/ONC | AR19: ID | AS19: ID | AT19: CLINIC | AU19: CLINIC | AV19: PULM | AW19: PULM | AX19: ENDO | AY19: ENDO | AZ19: CLINIC | BA19: PALLIATIVE | BB19: PALLIATIVE | BC19: GI | BD19: =COUNTIF($D19:$BC19,"CARDIO")+COUNTIF($D19:$BC19,"CARDIO E")+COUNTIF($D19:$BC19,"CARDIO E *")+COUNTIF($D19:$BC19,"CARDIO-HCA")+COUNTIF($D19:$BC19,"CARDIO-HCA *")+COUNTIF($D19:$BC19,"CARDIO-RAM")+COUNTIF($D19:$BC19,"CARDIO-RAM *") | BE19: =COUNTIF($D19:$BC19,"CLINIC")+COUNTIF($D19:$BC19,"CLINIC *")+COUNTIF($D19:$BC19,"URGENT CARE")+COUNTIF($D19:$BC19,"URGENT CARE *") | BF19: =COUNTIF($D19:$BC19,"ED") | BG19: =COUNTIF($D19:$BC19,"A")+COUNTIF($D19:$BC19,"B")+COUNTIF($D19:$BC19,"C")+COUNTIF($D19:$BC19,"D")+COUNTIF($D19:$BC19,"G") | BH19: =COUNTIF($D19:$BC19,"ICU") | BI19: =COUNTIF($D19:$BC19,"ICU E") | BJ19: =COUNTIF($D19:$BC19,"ICU N") | BK19: =COUNTIF($D19:$BC19,"ID")+COUNTIF($D19:$BC19,"ID *") | BL19: =COUNTIF($D19:$BC19,"NEURO")+COUNTIF($D19:$BC19,"NEURO *") | BM19: =COUNTIF($D19:$BC19,"NF") | BN19: =COUNTIF($D19:$BC19,"SWING") | BO19: =COUNTIF($D19:$BC19,"VACATION") | BP19: =SUM(BD19:BO19) | BQ19: =COUNTIF($D19:$BC19,"PALLIATIVE")+COUNTIF($D19:$BC19,"PALLIATIVE *") | BR19: =COUNTIF($D19:$BC19,"GERIATRIC")+COUNTIF($D19:$BC19,"GERIATRIC 2") | BS19: =COUNTIF($D19:$BC19,"GS")+COUNTIF($D19:$BC19,"GI")+COUNTIF($D19:$BC19,"GI *") | BT19: =COUNTIF($D19:$BC19,"HEM/ONC")+COUNTIF($D19:$BC19,"HEM/ONC *") | BU19: =COUNTIF($D19:$BC19,"PAIN MANAGEMENT")+COUNTIF($D19:$BC19,"PAIN MANAGEMENT *") | BV19: =COUNTIF($D19:$BC19,"RHEUMA")+COUNTIF($D19:$BC19,"RHEUMA *") | BW19: =COUNTIF($D19:$BC19,"ENDO")+COUNTIF($D19:$BC19,"ENDO *") | BX19: =COUNTIF($D19:$BC19,"PLASTIC")+COUNTIF($D19:$BC19,"PLASTIC *") | BY19: =COUNTIF($D19:$BC19,"PULM")+COUNTIF($D19:$BC19,"PULM *") | BZ19: =COUNTIF($D19:$BC19,"SICU")+COUNTIF($D19:$BC19,"SICU *") | CA19: =COUNTIF($D19:$BC19,"DERMATOLOGY")+COUNTIF($D19:$BC19,"DERMATOLOGY *") | CB19: =COUNTIF($D19:$BC19,"NEPHRO")+COUNTIF($D19:$BC19,"NEPHRO *") | CC19: =SUM(BQ19:CB19) | CD19: =BP19+CC19
A20: Cohort 3 | B20: PGY-2 | C20: M. Cruz | D20: B | E20: B | F20: CLINIC | G20: D | H20: D | I20: D | J20: D | K20: CLINIC | L20: ID | M20: CARDIO | N20: ICU | O20: ICU | P20: CLINIC | Q20: A | R20: A | S20: A | T20: A | U20: CLINIC * | V20: D | W20: D | X20: VACATION | Y20: VACATION | Z20: CLINIC | AA20: ICU | AB20: ICU | AC20: ICU H* | AD20: B | AE20: CARDIO | AF20: B | AG20: CLINIC | AH20: ICU | AI20: ICU | AJ20: CARDIO | AK20: NF | AL20: CLINIC | AM20: A | AN20: A | AO20: VACATION | AP20: VACATION | AQ20: CLINIC | AR20: B | AS20: B | AT20: ID * | AU20: B | AV20: CLINIC * | AW20: A | AX20: A | AY20: CARDIO | AZ20: ICU N | BA20: ICU N | BB20: CARDIO | BC20: CLINIC * | BD20: =COUNTIF($D20:$BC20,"CARDIO")+COUNTIF($D20:$BC20,"CARDIO E")+COUNTIF($D20:$BC20,"CARDIO E *")+COUNTIF($D20:$BC20,"CARDIO-HCA")+COUNTIF($D20:$BC20,"CARDIO-HCA *")+COUNTIF($D20:$BC20,"CARDIO-RAM")+COUNTIF($D20:$BC20,"CARDIO-RAM *") | BE20: =COUNTIF($D20:$BC20,"CLINIC")+COUNTIF($D20:$BC20,"CLINIC *")+COUNTIF($D20:$BC20,"URGENT CARE")+COUNTIF($D20:$BC20,"URGENT CARE *") | BF20: =COUNTIF($D20:$BC20,"ED") | BG20: =COUNTIF($D20:$BC20,"A")+COUNTIF($D20:$BC20,"B")+COUNTIF($D20:$BC20,"C")+COUNTIF($D20:$BC20,"D")+COUNTIF($D20:$BC20,"G") | BH20: =COUNTIF($D20:$BC20,"ICU") | BI20: =COUNTIF($D20:$BC20,"ICU E") | BJ20: =COUNTIF($D20:$BC20,"ICU N") | BK20: =COUNTIF($D20:$BC20,"ID")+COUNTIF($D20:$BC20,"ID *") | BL20: =COUNTIF($D20:$BC20,"NEURO")+COUNTIF($D20:$BC20,"NEURO *") | BM20: =COUNTIF($D20:$BC20,"NF") | BN20: =COUNTIF($D20:$BC20,"SWING") | BO20: =COUNTIF($D20:$BC20,"VACATION") | BP20: =SUM(BD20:BO20) | BQ20: =COUNTIF($D20:$BC20,"PALLIATIVE")+COUNTIF($D20:$BC20,"PALLIATIVE *") | BR20: =COUNTIF($D20:$BC20,"GERIATRIC")+COUNTIF($D20:$BC20,"GERIATRIC 2") | BS20: =COUNTIF($D20:$BC20,"GS")+COUNTIF($D20:$BC20,"GI")+COUNTIF($D20:$BC20,"GI *") | BT20: =COUNTIF($D20:$BC20,"HEM/ONC")+COUNTIF($D20:$BC20,"HEM/ONC *") | BU20: =COUNTIF($D20:$BC20,"PAIN MANAGEMENT")+COUNTIF($D20:$BC20,"PAIN MANAGEMENT *") | BV20: =COUNTIF($D20:$BC20,"RHEUMA")+COUNTIF($D20:$BC20,"RHEUMA *") | BW20: =COUNTIF($D20:$BC20,"ENDO")+COUNTIF($D20:$BC20,"ENDO *") | BX20: =COUNTIF($D20:$BC20,"PLASTIC")+COUNTIF($D20:$BC20,"PLASTIC *") | BY20: =COUNTIF($D20:$BC20,"PULM")+COUNTIF($D20:$BC20,"PULM *") | BZ20: =COUNTIF($D20:$BC20,"SICU")+COUNTIF($D20:$BC20,"SICU *") | CA20: =COUNTIF($D20:$BC20,"DERMATOLOGY")+COUNTIF($D20:$BC20,"DERMATOLOGY *") | CB20: =COUNTIF($D20:$BC20,"NEPHRO")+COUNTIF($D20:$BC20,"NEPHRO *") | CC20: =SUM(BQ20:CB20) | CD20: =BP20+CC20
C21: I. Estrada | D21: B | E21: B | F21: CLINIC | G21: D | H21: D | I21: D | J21: D | K21: CLINIC | L21: ID * | M21: ID | N21: ICU | O21: ICU | P21: CLINIC | Q21: HEM/ONC * | R21: A | S21: A | T21: A | U21: CLINIC | V21: D | W21: D | X21: VACATION | Y21: VACATION | Z21: CLINIC | AA21: ED | AB21: ED | AC21: ICU H* | AD21: B | AE21: B | AF21: B | AG21: CLINIC | AH21: ICU | AI21: ICU | AJ21: HEM/ONC * | AK21: ICU N | AL21: CLINIC | AM21: A | AN21: A | AO21: A | AP21: A | AQ21: CLINIC | AR21: ICU | AS21: ICU | AT21: CLINIC | AU21: NF | AV21: CLINIC | AW21: VACATION | AX21: VACATION | AY21: ICU | AZ21: A | BA21: A | BB21: A | BC21: CLINIC | BD21: =COUNTIF($D21:$BC21,"CARDIO")+COUNTIF($D21:$BC21,"CARDIO E")+COUNTIF($D21:$BC21,"CARDIO E *")+COUNTIF($D21:$BC21,"CARDIO-HCA")+COUNTIF($D21:$BC21,"CARDIO-HCA *")+COUNTIF($D21:$BC21,"CARDIO-RAM")+COUNTIF($D21:$BC21,"CARDIO-RAM *") | BE21: =COUNTIF($D21:$BC21,"CLINIC")+COUNTIF($D21:$BC21,"CLINIC *")+COUNTIF($D21:$BC21,"URGENT CARE")+COUNTIF($D21:$BC21,"URGENT CARE *") | BF21: =COUNTIF($D21:$BC21,"ED") | BG21: =COUNTIF($D21:$BC21,"A")+COUNTIF($D21:$BC21,"B")+COUNTIF($D21:$BC21,"C")+COUNTIF($D21:$BC21,"D")+COUNTIF($D21:$BC21,"G") | BH21: =COUNTIF($D21:$BC21,"ICU") | BI21: =COUNTIF($D21:$BC21,"ICU E") | BJ21: =COUNTIF($D21:$BC21,"ICU N") | BK21: =COUNTIF($D21:$BC21,"ID")+COUNTIF($D21:$BC21,"ID *") | BL21: =COUNTIF($D21:$BC21,"NEURO")+COUNTIF($D21:$BC21,"NEURO *") | BM21: =COUNTIF($D21:$BC21,"NF") | BN21: =COUNTIF($D21:$BC21,"SWING") | BO21: =COUNTIF($D21:$BC21,"VACATION") | BP21: =SUM(BD21:BO21) | BQ21: =COUNTIF($D21:$BC21,"PALLIATIVE")+COUNTIF($D21:$BC21,"PALLIATIVE *") | BR21: =COUNTIF($D21:$BC21,"GERIATRIC")+COUNTIF($D21:$BC21,"GERIATRIC 2") | BS21: =COUNTIF($D21:$BC21,"GS")+COUNTIF($D21:$BC21,"GI")+COUNTIF($D21:$BC21,"GI *") | BT21: =COUNTIF($D21:$BC21,"HEM/ONC")+COUNTIF($D21:$BC21,"HEM/ONC *") | BU21: =COUNTIF($D21:$BC21,"PAIN MANAGEMENT")+COUNTIF($D21:$BC21,"PAIN MANAGEMENT *") | BV21: =COUNTIF($D21:$BC21,"RHEUMA")+COUNTIF($D21:$BC21,"RHEUMA *") | BW21: =COUNTIF($D21:$BC21,"ENDO")+COUNTIF($D21:$BC21,"ENDO *") | BX21: =COUNTIF($D21:$BC21,"PLASTIC")+COUNTIF($D21:$BC21,"PLASTIC *") | BY21: =COUNTIF($D21:$BC21,"PULM")+COUNTIF($D21:$BC21,"PULM *") | BZ21: =COUNTIF($D21:$BC21,"SICU")+COUNTIF($D21:$BC21,"SICU *") | CA21: =COUNTIF($D21:$BC21,"DERMATOLOGY")+COUNTIF($D21:$BC21,"DERMATOLOGY *") | CB21: =COUNTIF($D21:$BC21,"NEPHRO")+COUNTIF($D21:$BC21,"NEPHRO *") | CC21: =SUM(BQ21:CB21) | CD21: =BP21+CC21
B22: PGY-3 | C22: J. Cabrera | D22: B | E22: B | F22: CLINIC | G22: GI * | H22: GI | I22: ICU N | J22: CLINIC | K22: CLINIC | L22: NEURO | M22: A | N22: A | O22: CLINIC | P22: CLINIC | Q22: NEURO | R22: CLINIC | S22: VACATION | T22: VACATION | U22: CLINIC | V22: HEM/ONC | W22: HEM/ONC | X22: GI | Y22: GI | Z22: CLINIC | AA22: NEURO | AB22: CARDIO | AC22: ICU H | AD22: C | AE22: NF | AF22: NF | AG22: CLINIC | AH22: ED | AI22: SWING | AJ22: CLINIC | AK22: ICU | AL22: CLINIC | AM22: D | AN22: D | AO22: ED | AP22: ICU N | AQ22: CLINIC | AR22: VACATION | AS22: VACATION | AT22: A | AU22: A | AV22: CLINIC | AW22: C | AX22: C | AY22: ICU | AZ22: ICU | BA22: CLINIC | BB22: SWING | BC22: B | BD22: =COUNTIF($D22:$BC22,"CARDIO")+COUNTIF($D22:$BC22,"CARDIO E")+COUNTIF($D22:$BC22,"CARDIO E *")+COUNTIF($D22:$BC22,"CARDIO-HCA")+COUNTIF($D22:$BC22,"CARDIO-HCA *")+COUNTIF($D22:$BC22,"CARDIO-RAM")+COUNTIF($D22:$BC22,"CARDIO-RAM *") | BE22: =COUNTIF($D22:$BC22,"CLINIC")+COUNTIF($D22:$BC22,"CLINIC *")+COUNTIF($D22:$BC22,"URGENT CARE")+COUNTIF($D22:$BC22,"URGENT CARE *") | BF22: =COUNTIF($D22:$BC22,"ED") | BG22: =COUNTIF($D22:$BC22,"A")+COUNTIF($D22:$BC22,"B")+COUNTIF($D22:$BC22,"C")+COUNTIF($D22:$BC22,"D")+COUNTIF($D22:$BC22,"G") | BH22: =COUNTIF($D22:$BC22,"ICU") | BI22: =COUNTIF($D22:$BC22,"ICU E") | BJ22: =COUNTIF($D22:$BC22,"ICU N") | BK22: =COUNTIF($D22:$BC22,"ID")+COUNTIF($D22:$BC22,"ID *") | BL22: =COUNTIF($D22:$BC22,"NEURO")+COUNTIF($D22:$BC22,"NEURO *") | BM22: =COUNTIF($D22:$BC22,"NF") | BN22: =COUNTIF($D22:$BC22,"SWING") | BO22: =COUNTIF($D22:$BC22,"VACATION") | BP22: =SUM(BD22:BO22) | BQ22: =COUNTIF($D22:$BC22,"PALLIATIVE")+COUNTIF($D22:$BC22,"PALLIATIVE *") | BR22: =COUNTIF($D22:$BC22,"GERIATRIC")+COUNTIF($D22:$BC22,"GERIATRIC 2") | BS22: =COUNTIF($D22:$BC22,"GS")+COUNTIF($D22:$BC22,"GI")+COUNTIF($D22:$BC22,"GI *") | BT22: =COUNTIF($D22:$BC22,"HEM/ONC")+COUNTIF($D22:$BC22,"HEM/ONC *") | BU22: =COUNTIF($D22:$BC22,"PAIN MANAGEMENT")+COUNTIF($D22:$BC22,"PAIN MANAGEMENT *") | BV22: =COUNTIF($D22:$BC22,"RHEUMA")+COUNTIF($D22:$BC22,"RHEUMA *") | BW22: =COUNTIF($D22:$BC22,"ENDO")+COUNTIF($D22:$BC22,"ENDO *") | BX22: =COUNTIF($D22:$BC22,"PLASTIC")+COUNTIF($D22:$BC22,"PLASTIC *") | BY22: =COUNTIF($D22:$BC22,"PULM")+COUNTIF($D22:$BC22,"PULM *") | BZ22: =COUNTIF($D22:$BC22,"SICU")+COUNTIF($D22:$BC22,"SICU *") | CA22: =COUNTIF($D22:$BC22,"DERMATOLOGY")+COUNTIF($D22:$BC22,"DERMATOLOGY *") | CB22: =COUNTIF($D22:$BC22,"NEPHRO")+COUNTIF($D22:$BC22,"NEPHRO *") | CC22: =SUM(BQ22:CB22) | CD22: =BP22+CC22
C23: J. Perez | D23: ID | E23: CLINIC | F23: CLINIC | G23: CARDIO | H23: CARDIO* | I23: VACATION | J23: VACATION | K23: CLINIC | L23: ED | M23: ED | N23: G | O23: SWING | P23: CLINIC | Q23: HEM/ONC | R23: G | S23: CLINIC | T23: NEURO | U23: CLINIC | V23: CLINIC | W23: A | X23: CLINIC | Y23: NEURO | Z23: A | AA23: NEURO | AB23: NEURO | AC23: NF | AD23: ICU H* | AE23: C | AF23: C | AG23: CLINIC | AH23: NEPHRO | AI23: ICU N | AJ23: ICU N | AK23: G | AL23: CLINIC | AM23: VACATION | AN23: VACATION | AO23: NF | AP23: NF | AQ23: CLINIC | AR23: A | AS23: A | AT23: B | AU23: B | AV23: CLINIC | AW23: ICU | AX23: ICU | AY23: HEM/ONC * | AZ23: ICU N | BA23: ICU N | BB23: CLINIC | BC23: C | BD23: =COUNTIF($D23:$BC23,"CARDIO")+COUNTIF($D23:$BC23,"CARDIO E")+COUNTIF($D23:$BC23,"CARDIO E *")+COUNTIF($D23:$BC23,"CARDIO-HCA")+COUNTIF($D23:$BC23,"CARDIO-HCA *")+COUNTIF($D23:$BC23,"CARDIO-RAM")+COUNTIF($D23:$BC23,"CARDIO-RAM *") | BE23: =COUNTIF($D23:$BC23,"CLINIC")+COUNTIF($D23:$BC23,"CLINIC *")+COUNTIF($D23:$BC23,"URGENT CARE")+COUNTIF($D23:$BC23,"URGENT CARE *") | BF23: =COUNTIF($D23:$BC23,"ED") | BG23: =COUNTIF($D23:$BC23,"A")+COUNTIF($D23:$BC23,"B")+COUNTIF($D23:$BC23,"C")+COUNTIF($D23:$BC23,"D")+COUNTIF($D23:$BC23,"G") | BH23: =COUNTIF($D23:$BC23,"ICU") | BI23: =COUNTIF($D23:$BC23,"ICU E") | BJ23: =COUNTIF($D23:$BC23,"ICU N") | BK23: =COUNTIF($D23:$BC23,"ID")+COUNTIF($D23:$BC23,"ID *") | BL23: =COUNTIF($D23:$BC23,"NEURO")+COUNTIF($D23:$BC23,"NEURO *") | BM23: =COUNTIF($D23:$BC23,"NF") | BN23: =COUNTIF($D23:$BC23,"SWING") | BO23: =COUNTIF($D23:$BC23,"VACATION") | BP23: =SUM(BD23:BO23) | BQ23: =COUNTIF($D23:$BC23,"PALLIATIVE")+COUNTIF($D23:$BC23,"PALLIATIVE *") | BR23: =COUNTIF($D23:$BC23,"GERIATRIC")+COUNTIF($D23:$BC23,"GERIATRIC 2") | BS23: =COUNTIF($D23:$BC23,"GS")+COUNTIF($D23:$BC23,"GI")+COUNTIF($D23:$BC23,"GI *") | BT23: =COUNTIF($D23:$BC23,"HEM/ONC")+COUNTIF($D23:$BC23,"HEM/ONC *") | BU23: =COUNTIF($D23:$BC23,"PAIN MANAGEMENT")+COUNTIF($D23:$BC23,"PAIN MANAGEMENT *") | BV23: =COUNTIF($D23:$BC23,"RHEUMA")+COUNTIF($D23:$BC23,"RHEUMA *") | BW23: =COUNTIF($D23:$BC23,"ENDO")+COUNTIF($D23:$BC23,"ENDO *") | BX23: =COUNTIF($D23:$BC23,"PLASTIC")+COUNTIF($D23:$BC23,"PLASTIC *") | BY23: =COUNTIF($D23:$BC23,"PULM")+COUNTIF($D23:$BC23,"PULM *") | BZ23: =COUNTIF($D23:$BC23,"SICU")+COUNTIF($D23:$BC23,"SICU *") | CA23: =COUNTIF($D23:$BC23,"DERMATOLOGY")+COUNTIF($D23:$BC23,"DERMATOLOGY *") | CB23: =COUNTIF($D23:$BC23,"NEPHRO")+COUNTIF($D23:$BC23,"NEPHRO *") | CC23: =SUM(BQ23:CB23) | CD23: =BP23+CC23
B24: PGY-3 | C24: C. Ndigamkong | D24: CLINIC | E24: PAIN MANAGEMENT | F24: CLINIC | G24: CLINIC | H24: NEPHRO | I24: GI | J24: GI | K24: CLINIC | L24: SWING | M24: GI | N24: NEPHRO * | O24: NEPHRO | P24: SWING | Q24: CLINIC | R24: CLINIC | S24: CLINIC | T24: CLINIC | U24: GI | V24: CLINIC | W24: VACATION | X24: VACATION | Y24: NF | Z24: HEM/ONC | AA24: CLINIC | AB24: NEPHRO | AC24: C | AD24: ICU H | AE24: RHEUMA | AF24: CLINIC | AG24: G | AH24: PALLIATIVE | AI24: NF | AJ24: CLINIC * | AK24: GI | AL24: CARDIO | AM24: NF | AN24: NF | AO24: CLINIC | AP24: DERMATOLOGY | AQ24: SWING | AR24: SWING | AS24: VACATION | AT24: VACATION | AU24: CLINIC | AV24: NF | AW24: NF | AX24: CLINIC | AY24: CLINIC | AZ24: ID | BA24: PAIN MANAGEMENT | BB24: RHEUMA | BC24: CLINIC | BD24: =COUNTIF($D24:$BC24,"CARDIO")+COUNTIF($D24:$BC24,"CARDIO E")+COUNTIF($D24:$BC24,"CARDIO E *")+COUNTIF($D24:$BC24,"CARDIO-HCA")+COUNTIF($D24:$BC24,"CARDIO-HCA *")+COUNTIF($D24:$BC24,"CARDIO-RAM")+COUNTIF($D24:$BC24,"CARDIO-RAM *") | BE24: =COUNTIF($D24:$BC24,"CLINIC")+COUNTIF($D24:$BC24,"CLINIC *")+COUNTIF($D24:$BC24,"URGENT CARE")+COUNTIF($D24:$BC24,"URGENT CARE *") | BF24: =COUNTIF($D24:$BC24,"ED") | BG24: =COUNTIF($D24:$BC24,"A")+COUNTIF($D24:$BC24,"B")+COUNTIF($D24:$BC24,"C")+COUNTIF($D24:$BC24,"D")+COUNTIF($D24:$BC24,"G") | BH24: =COUNTIF($D24:$BC24,"ICU") | BI24: =COUNTIF($D24:$BC24,"ICU E") | BJ24: =COUNTIF($D24:$BC24,"ICU N") | BK24: 0 | BL24: =COUNTIF($D24:$BC24,"NEURO")+COUNTIF($D24:$BC24,"NEURO *") | BM24: =COUNTIF($D24:$BC24,"NF") | BN24: =COUNTIF($D24:$BC24,"SWING") | BO24: =COUNTIF($D24:$BC24,"VACATION") | BP24: =SUM(BD24:BO24) | BQ24: =COUNTIF($D24:$BC24,"PALLIATIVE")+COUNTIF($D24:$BC24,"PALLIATIVE *") | BR24: =COUNTIF($D24:$BC24,"GERIATRIC")+COUNTIF($D24:$BC24,"GERIATRIC 2") | BS24: =COUNTIF($D24:$BC24,"GS")+COUNTIF($D24:$BC24,"GI")+COUNTIF($D24:$BC24,"GI *") | BT24: =COUNTIF($D24:$BC24,"HEM/ONC")+COUNTIF($D24:$BC24,"HEM/ONC *") | BU24: =COUNTIF($D24:$BC24,"PAIN MANAGEMENT")+COUNTIF($D24:$BC24,"PAIN MANAGEMENT *") | BV24: =COUNTIF($D24:$BC24,"RHEUMA")+COUNTIF($D24:$BC24,"RHEUMA *") | BW24: =COUNTIF($D24:$BC24,"ENDO")+COUNTIF($D24:$BC24,"ENDO *") | BX24: =COUNTIF($D24:$BC24,"PLASTIC")+COUNTIF($D24:$BC24,"PLASTIC *") | BY24: =COUNTIF($D24:$BC24,"PULM")+COUNTIF($D24:$BC24,"PULM *") | BZ24: =COUNTIF($D24:$BC24,"SICU")+COUNTIF($D24:$BC24,"SICU *") | CA24: =COUNTIF($D24:$BC24,"DERMATOLOGY")+COUNTIF($D24:$BC24,"DERMATOLOGY *") | CB24: =COUNTIF($D24:$BC24,"NEPHRO")+COUNTIF($D24:$BC24,"NEPHRO *") | CC24: =SUM(BQ24:CB24) | CD24: =BP24+CC24
C25: C. Fontela | D25: HEM/ONC | E25: ICU | F25: CLINIC | G25: G | H25: ICU | I25: ICU | J25: CLINIC | K25: CLINIC | L25: CLINIC | M25: SWING | N25: GI | O25: GI | P25: CLINIC | Q25: VACATION | R25: VACATION | S25: PALLIATIVE | T25: ID | U25: CLINIC | V25: SWING | W25: D | X25: SWING | Y25: RHEUMA | Z25: CLINIC | AA25: C | AB25: G | AC25: CLINIC | AD25: ICU H | AE25: B | AF25: RHEUMA | AG25: CLINIC | AH25: HEM/ONC | AI25: CARDIO | AJ25: GERIATRIC | AK25: GERIATRIC | AL25: CLINIC | AM25: CLINIC | AN25: CARDIO* | AO25: PAIN MANAGEMENT | AP25: PULM | AQ25: CLINIC | AR25: RHEUMA | AS25: G | AT25: HEM/ONC | AU25: ID | AV25: CLINIC | AW25: VACATION | AX25: VACATION | AY25: PAIN MANAGEMENT | AZ25: CLINIC | BA25: CLINIC | BB25: GI | BC25: GI | BD25: =COUNTIF($D25:$BC25,"CARDIO")+COUNTIF($D25:$BC25,"CARDIO E")+COUNTIF($D25:$BC25,"CARDIO E *")+COUNTIF($D25:$BC25,"CARDIO-HCA")+COUNTIF($D25:$BC25,"CARDIO-HCA *")+COUNTIF($D25:$BC25,"CARDIO-RAM")+COUNTIF($D25:$BC25,"CARDIO-RAM *") | BE25: =COUNTIF($D25:$BC25,"CLINIC")+COUNTIF($D25:$BC25,"CLINIC *")+COUNTIF($D25:$BC25,"URGENT CARE")+COUNTIF($D25:$BC25,"URGENT CARE *") | BF25: =COUNTIF($D25:$BC25,"ED") | BG25: =COUNTIF($D25:$BC25,"A")+COUNTIF($D25:$BC25,"B")+COUNTIF($D25:$BC25,"C")+COUNTIF($D25:$BC25,"D")+COUNTIF($D25:$BC25,"G") | BH25: =COUNTIF($D25:$BC25,"ICU") | BI25: =COUNTIF($D25:$BC25,"ICU E") | BJ25: =COUNTIF($D25:$BC25,"ICU N") | BK25: =COUNTIF($D25:$BC25,"ID")+COUNTIF($D25:$BC25,"ID *") | BL25: =COUNTIF($D25:$BC25,"NEURO")+COUNTIF($D25:$BC25,"NEURO *") | BM25: =COUNTIF($D25:$BC25,"NF") | BN25: =COUNTIF($D25:$BC25,"SWING") | BO25: =COUNTIF($D25:$BC25,"VACATION") | BP25: =SUM(BD25:BO25) | BQ25: =COUNTIF($D25:$BC25,"PALLIATIVE")+COUNTIF($D25:$BC25,"PALLIATIVE *") | BR25: =COUNTIF($D25:$BC25,"GERIATRIC")+COUNTIF($D25:$BC25,"GERIATRIC 2") | BS25: =COUNTIF($D25:$BC25,"GS")+COUNTIF($D25:$BC25,"GI")+COUNTIF($D25:$BC25,"GI *") | BT25: =COUNTIF($D25:$BC25,"HEM/ONC")+COUNTIF($D25:$BC25,"HEM/ONC *") | BU25: =COUNTIF($D25:$BC25,"PAIN MANAGEMENT")+COUNTIF($D25:$BC25,"PAIN MANAGEMENT *") | BV25: =COUNTIF($D25:$BC25,"RHEUMA")+COUNTIF($D25:$BC25,"RHEUMA *") | BW25: =COUNTIF($D25:$BC25,"ENDO")+COUNTIF($D25:$BC25,"ENDO *") | BX25: =COUNTIF($D25:$BC25,"PLASTIC")+COUNTIF($D25:$BC25,"PLASTIC *") | BY25: =COUNTIF($D25:$BC25,"PULM")+COUNTIF($D25:$BC25,"PULM *") | BZ25: =COUNTIF($D25:$BC25,"SICU")+COUNTIF($D25:$BC25,"SICU *") | CA25: =COUNTIF($D25:$BC25,"DERMATOLOGY")+COUNTIF($D25:$BC25,"DERMATOLOGY *") | CB25: =COUNTIF($D25:$BC25,"NEPHRO")+COUNTIF($D25:$BC25,"NEPHRO *") | CC25: =SUM(BQ25:CB25) | CD25: =BP25+CC25
C26: M. Rodriguez | D26: NF | E26: NF | F26: CLINIC | G26: NEURO | H26: C | I26: GERIATRIC | J26: GERIATRIC | K26: CLINIC | L26: D | M26: VACATION | N26: VACATION | O26: ICU N | P26: CLINIC | Q26: D | R26: NEURO | S26: GI * | T26: CLINIC | U26: CLINIC | V26: GERIATRIC | W26: GERIATRIC | X26: ICU | Y26: ICU | Z26: CLINIC | AA26: HEM/ONC | AB26: NEPHRO | AC26: ICU H | AD26: CLINIC | AE26: ICU | AF26: PULM | AG26: CLINIC | AH26: D | AI26: HEM/ONC | AJ26: NEPHRO | AK26: SWING | AL26: CLINIC | AM26: HEM/ONC | AN26: VACATION | AO26: VACATION | AP26: PAIN MANAGEMENT | AQ26: CLINIC | AR26: CLINIC | AS26: CLINIC | AT26: RHEUMA | AU26: RHEUMA | AV26: CLINIC | AW26: PAIN MANAGEMENT | AX26: ID | AY26: PALLIATIVE | AZ26: PALLIATIVE | BA26: CLINIC | BB26: ID | BC26: ENDO | BD26: =COUNTIF($D26:$BC26,"CARDIO")+COUNTIF($D26:$BC26,"CARDIO E")+COUNTIF($D26:$BC26,"CARDIO E *")+COUNTIF($D26:$BC26,"CARDIO-HCA")+COUNTIF($D26:$BC26,"CARDIO-HCA *")+COUNTIF($D26:$BC26,"CARDIO-RAM")+COUNTIF($D26:$BC26,"CARDIO-RAM *") | BE26: =COUNTIF($D26:$BC26,"CLINIC")+COUNTIF($D26:$BC26,"CLINIC *")+COUNTIF($D26:$BC26,"URGENT CARE")+COUNTIF($D26:$BC26,"URGENT CARE *") | BF26: =COUNTIF($D26:$BC26,"ED") | BG26: =COUNTIF($D26:$BC26,"A")+COUNTIF($D26:$BC26,"B")+COUNTIF($D26:$BC26,"C")+COUNTIF($D26:$BC26,"D")+COUNTIF($D26:$BC26,"G") | BH26: =COUNTIF($D26:$BC26,"ICU") | BI26: =COUNTIF($D26:$BC26,"ICU E") | BJ26: =COUNTIF($D26:$BC26,"ICU N") | BK26: =COUNTIF($D26:$BC26,"ID")+COUNTIF($D26:$BC26,"ID *") | BL26: =COUNTIF($D26:$BC26,"NEURO")+COUNTIF($D26:$BC26,"NEURO *") | BM26: =COUNTIF($D26:$BC26,"NF") | BN26: =COUNTIF($D26:$BC26,"SWING") | BO26: =COUNTIF($D26:$BC26,"VACATION") | BP26: =SUM(BD26:BO26) | BQ26: =COUNTIF($D26:$BC26,"PALLIATIVE")+COUNTIF($D26:$BC26,"PALLIATIVE *") | BR26: =COUNTIF($D26:$BC26,"GERIATRIC")+COUNTIF($D26:$BC26,"GERIATRIC 2") | BS26: =COUNTIF($D26:$BC26,"GS")+COUNTIF($D26:$BC26,"GI")+COUNTIF($D26:$BC26,"GI *") | BT26: =COUNTIF($D26:$BC26,"HEM/ONC")+COUNTIF($D26:$BC26,"HEM/ONC *") | BU26: =COUNTIF($D26:$BC26,"PAIN MANAGEMENT")+COUNTIF($D26:$BC26,"PAIN MANAGEMENT *") | BV26: =COUNTIF($D26:$BC26,"RHEUMA")+COUNTIF($D26:$BC26,"RHEUMA *") | BW26: =COUNTIF($D26:$BC26,"ENDO")+COUNTIF($D26:$BC26,"ENDO *") | BX26: =COUNTIF($D26:$BC26,"PLASTIC")+COUNTIF($D26:$BC26,"PLASTIC *") | BY26: =COUNTIF($D26:$BC26,"PULM")+COUNTIF($D26:$BC26,"PULM *") | BZ26: =COUNTIF($D26:$BC26,"SICU")+COUNTIF($D26:$BC26,"SICU *") | CA26: =COUNTIF($D26:$BC26,"DERMATOLOGY")+COUNTIF($D26:$BC26,"DERMATOLOGY *") | CB26: =COUNTIF($D26:$BC26,"NEPHRO")+COUNTIF($D26:$BC26,"NEPHRO *") | CC26: =SUM(BQ26:CB26) | CD26: =BP26+CC26
C27: G. Curbelo | D27: ICU | E27: ICU | F27: CLINIC | G27: NEPHRO | H27: VACATION | I27: VACATION | J27: NF | K27: CLINIC | L27: ICU N | M27: ICU N | N27: PALLIATIVE | O27: CLINIC * | P27: CLINIC | Q27: C | R27: C | S27: NEURO | T27: NEURO | U27: CLINIC | V27: G | W27: PALLIATIVE | X27: B | Y27: B | Z27: CLINIC | AA27: SWING | AB27: HEM/ONC * | AC27: ICU H | AD27: CLINIC | AE27: D | AF27: CLINIC | AG27: CLINIC | AH27: GERIATRIC 2 | AI27: GERIATRIC 2 | AJ27: RHEUMA | AK27: CLINIC | AL27: CLINIC | AM27: PULM | AN27: VACATION | AO27: VACATION | AP27: PAIN MANAGEMENT | AQ27: CLINIC | AR27: PULM | AS27: CLINIC | AT27: GI | AU27: HEM/ONC | AV27: CLINIC | AW27: PAIN MANAGEMENT * | AX27: PAIN MANAGEMENT | AY27: G | AZ27: CLINIC | BA27: CLINIC | BB27: RHEUMA | BC27: RHEUMA | BD27: =COUNTIF($D27:$BC27,"CARDIO")+COUNTIF($D27:$BC27,"CARDIO E")+COUNTIF($D27:$BC27,"CARDIO E *")+COUNTIF($D27:$BC27,"CARDIO-HCA")+COUNTIF($D27:$BC27,"CARDIO-HCA *")+COUNTIF($D27:$BC27,"CARDIO-RAM")+COUNTIF($D27:$BC27,"CARDIO-RAM *") | BE27: =COUNTIF($D27:$BC27,"CLINIC")+COUNTIF($D27:$BC27,"CLINIC *")+COUNTIF($D27:$BC27,"URGENT CARE")+COUNTIF($D27:$BC27,"URGENT CARE *") | BF27: =COUNTIF($D27:$BC27,"ED") | BG27: =COUNTIF($D27:$BC27,"A")+COUNTIF($D27:$BC27,"B")+COUNTIF($D27:$BC27,"C")+COUNTIF($D27:$BC27,"D")+COUNTIF($D27:$BC27,"G") | BH27: =COUNTIF($D27:$BC27,"ICU") | BI27: =COUNTIF($D27:$BC27,"ICU E") | BJ27: =COUNTIF($D27:$BC27,"ICU N") | BK27: =COUNTIF($D27:$BC27,"ID")+COUNTIF($D27:$BC27,"ID *") | BL27: =COUNTIF($D27:$BC27,"NEURO")+COUNTIF($D27:$BC27,"NEURO *") | BM27: =COUNTIF($D27:$BC27,"NF") | BN27: =COUNTIF($D27:$BC27,"SWING") | BO27: =COUNTIF($D27:$BC27,"VACATION") | BP27: =SUM(BD27:BO27) | BQ27: =COUNTIF($D27:$BC27,"PALLIATIVE")+COUNTIF($D27:$BC27,"PALLIATIVE *") | BR27: =COUNTIF($D27:$BC27,"GERIATRIC")+COUNTIF($D27:$BC27,"GERIATRIC 2") | BS27: =COUNTIF($D27:$BC27,"GS")+COUNTIF($D27:$BC27,"GI")+COUNTIF($D27:$BC27,"GI *") | BT27: =COUNTIF($D27:$BC27,"HEM/ONC")+COUNTIF($D27:$BC27,"HEM/ONC *") | BU27: =COUNTIF($D27:$BC27,"PAIN MANAGEMENT")+COUNTIF($D27:$BC27,"PAIN MANAGEMENT *") | BV27: =COUNTIF($D27:$BC27,"RHEUMA")+COUNTIF($D27:$BC27,"RHEUMA *") | BW27: =COUNTIF($D27:$BC27,"ENDO")+COUNTIF($D27:$BC27,"ENDO *") | BX27: =COUNTIF($D27:$BC27,"PLASTIC")+COUNTIF($D27:$BC27,"PLASTIC *") | BY27: =COUNTIF($D27:$BC27,"PULM")+COUNTIF($D27:$BC27,"PULM *") | BZ27: =COUNTIF($D27:$BC27,"SICU")+COUNTIF($D27:$BC27,"SICU *") | CA27: =COUNTIF($D27:$BC27,"DERMATOLOGY")+COUNTIF($D27:$BC27,"DERMATOLOGY *") | CB27: =COUNTIF($D27:$BC27,"NEPHRO")+COUNTIF($D27:$BC27,"NEPHRO *") | CC27: =SUM(BQ27:CB27) | CD27: =BP27+CC27
C28: J. Diaz | D28: ICU N | E28: ICU N | F28: CLINIC | G28: A | H28: A | I28: CLINIC | J28: ICU | K28: CLINIC | L28: NF | M28: NF | N28: CARDIO | O28: CARDIO | P28: ICU N | Q28: CLINIC * | R28: VACATION | S28: VACATION | T28: PALLIATIVE | U28: CLINIC | V28: CLINIC * | W28: HEM/ONC | X28: D | Y28: D | Z28: CLINIC | AA28: D | AB28: NEPHRO | AC28: ICU H | AD28: CLINIC | AE28: GERIATRIC | AF28: GERIATRIC | AG28: CLINIC | AH28: C | AI28: RHEUMA | AJ28: RHEUMA | AK28: CLINIC | AL28: CLINIC | AM28: CLINIC | AN28: VACATION | AO28: VACATION | AP28: PULM | AQ28: CLINIC | AR28: HEM/ONC * | AS28: CLINIC | AT28: NEPHRO | AU28: NEPHRO | AV28: CLINIC | AW28: GI | AX28: RHEUMA | AY28: RHEUMA | AZ28: ID | BA28: CLINIC | BB28: ID | BC28: PAIN MANAGEMENT | BD28: =COUNTIF($D28:$BC28,"CARDIO")+COUNTIF($D28:$BC28,"CARDIO E")+COUNTIF($D28:$BC28,"CARDIO E *")+COUNTIF($D28:$BC28,"CARDIO-HCA")+COUNTIF($D28:$BC28,"CARDIO-HCA *")+COUNTIF($D28:$BC28,"CARDIO-RAM")+COUNTIF($D28:$BC28,"CARDIO-RAM *") | BE28: =COUNTIF($D28:$BC28,"CLINIC")+COUNTIF($D28:$BC28,"CLINIC *")+COUNTIF($D28:$BC28,"URGENT CARE")+COUNTIF($D28:$BC28,"URGENT CARE *") | BF28: =COUNTIF($D28:$BC28,"ED") | BG28: =COUNTIF($D28:$BC28,"A")+COUNTIF($D28:$BC28,"B")+COUNTIF($D28:$BC28,"C")+COUNTIF($D28:$BC28,"D")+COUNTIF($D28:$BC28,"G") | BH28: =COUNTIF($D28:$BC28,"ICU") | BI28: =COUNTIF($D28:$BC28,"ICU E") | BJ28: =COUNTIF($D28:$BC28,"ICU N") | BK28: =COUNTIF($D28:$BC28,"ID")+COUNTIF($D28:$BC28,"ID *") | BL28: =COUNTIF($D28:$BC28,"NEURO")+COUNTIF($D28:$BC28,"NEURO *") | BM28: =COUNTIF($D28:$BC28,"NF") | BN28: =COUNTIF($D28:$BC28,"SWING") | BO28: =COUNTIF($D28:$BC28,"VACATION") | BP28: =SUM(BD28:BO28) | BQ28: =COUNTIF($D28:$BC28,"PALLIATIVE")+COUNTIF($D28:$BC28,"PALLIATIVE *") | BR28: =COUNTIF($D28:$BC28,"GERIATRIC")+COUNTIF($D28:$BC28,"GERIATRIC 2") | BS28: =COUNTIF($D28:$BC28,"GS")+COUNTIF($D28:$BC28,"GI")+COUNTIF($D28:$BC28,"GI *") | BT28: =COUNTIF($D28:$BC28,"HEM/ONC")+COUNTIF($D28:$BC28,"HEM/ONC *") | BU28: =COUNTIF($D28:$BC28,"PAIN MANAGEMENT")+COUNTIF($D28:$BC28,"PAIN MANAGEMENT *") | BV28: =COUNTIF($D28:$BC28,"RHEUMA")+COUNTIF($D28:$BC28,"RHEUMA *") | BW28: =COUNTIF($D28:$BC28,"ENDO")+COUNTIF($D28:$BC28,"ENDO *") | BX28: =COUNTIF($D28:$BC28,"PLASTIC")+COUNTIF($D28:$BC28,"PLASTIC *") | BY28: =COUNTIF($D28:$BC28,"PULM")+COUNTIF($D28:$BC28,"PULM *") | BZ28: =COUNTIF($D28:$BC28,"SICU")+COUNTIF($D28:$BC28,"SICU *") | CA28: =COUNTIF($D28:$BC28,"DERMATOLOGY")+COUNTIF($D28:$BC28,"DERMATOLOGY *") | CB28: =COUNTIF($D28:$BC28,"NEPHRO")+COUNTIF($D28:$BC28,"NEPHRO *") | CC28: =SUM(BQ28:CB28) | CD28: =BP28+CC28
A29: Cohort 4 | B29: PGY-2 | C29: M. Rivas | D29: ID | E29: ID * | F29: D | G29: CLINIC | H29: ICU | I29: ICU | J29: B | K29: B | L29: CLINIC | M29: HEM/ONC | N29: ICU N | O29: ICU N | P29: CLINIC * | Q29: CLINIC | R29: ED | S29: ED | T29: C | U29: C | V29: CLINIC * | W29: NF | X29: NF | Y29: VACATION | Z29: VACATION | AA29: CLINIC | AB29: B | AC29: B | AD29: ICU H | AE29: HEM/ONC | AF29: A | AG29: A | AH29: CLINIC | AI29: A | AJ29: A | AK29: A | AL29: A | AM29: CLINIC * | AN29: ICU | AO29: ICU | AP29: CARDIO | AQ29: CARDIO | AR29: CLINIC | AS29: D | AT29: D | AU29: D | AV29: D | AW29: CLINIC | AX29: VACATION | AY29: VACATION | AZ29: C | BA29: C | BB29: ICU | BC29: ICU | BD29: =COUNTIF($D29:$BC29,"CARDIO")+COUNTIF($D29:$BC29,"CARDIO E")+COUNTIF($D29:$BC29,"CARDIO E *")+COUNTIF($D29:$BC29,"CARDIO-HCA")+COUNTIF($D29:$BC29,"CARDIO-HCA *")+COUNTIF($D29:$BC29,"CARDIO-RAM")+COUNTIF($D29:$BC29,"CARDIO-RAM *") | BE29: =COUNTIF($D29:$BC29,"CLINIC")+COUNTIF($D29:$BC29,"CLINIC *")+COUNTIF($D29:$BC29,"URGENT CARE")+COUNTIF($D29:$BC29,"URGENT CARE *") | BF29: =COUNTIF($D29:$BC29,"ED") | BG29: =COUNTIF($D29:$BC29,"A")+COUNTIF($D29:$BC29,"B")+COUNTIF($D29:$BC29,"C")+COUNTIF($D29:$BC29,"D")+COUNTIF($D29:$BC29,"G") | BH29: =COUNTIF($D29:$BC29,"ICU") | BI29: =COUNTIF($D29:$BC29,"ICU E") | BJ29: =COUNTIF($D29:$BC29,"ICU N") | BK29: =COUNTIF($D29:$BC29,"ID")+COUNTIF($D29:$BC29,"ID *") | BL29: =COUNTIF($D29:$BC29,"NEURO")+COUNTIF($D29:$BC29,"NEURO *") | BM29: =COUNTIF($D29:$BC29,"NF") | BN29: =COUNTIF($D29:$BC29,"SWING") | BO29: =COUNTIF($D29:$BC29,"VACATION") | BP29: =SUM(BD29:BO29) | BQ29: =COUNTIF($D29:$BC29,"PALLIATIVE")+COUNTIF($D29:$BC29,"PALLIATIVE *") | BR29: =COUNTIF($D29:$BC29,"GERIATRIC")+COUNTIF($D29:$BC29,"GERIATRIC 2") | BS29: =COUNTIF($D29:$BC29,"GS")+COUNTIF($D29:$BC29,"GI")+COUNTIF($D29:$BC29,"GI *") | BT29: =COUNTIF($D29:$BC29,"HEM/ONC")+COUNTIF($D29:$BC29,"HEM/ONC *") | BU29: =COUNTIF($D29:$BC29,"PAIN MANAGEMENT")+COUNTIF($D29:$BC29,"PAIN MANAGEMENT *") | BV29: =COUNTIF($D29:$BC29,"RHEUMA")+COUNTIF($D29:$BC29,"RHEUMA *") | BW29: =COUNTIF($D29:$BC29,"ENDO")+COUNTIF($D29:$BC29,"ENDO *") | BX29: =COUNTIF($D29:$BC29,"PLASTIC")+COUNTIF($D29:$BC29,"PLASTIC *") | BY29: =COUNTIF($D29:$BC29,"PULM")+COUNTIF($D29:$BC29,"PULM *") | BZ29: =COUNTIF($D29:$BC29,"SICU")+COUNTIF($D29:$BC29,"SICU *") | CA29: =COUNTIF($D29:$BC29,"DERMATOLOGY")+COUNTIF($D29:$BC29,"DERMATOLOGY *") | CB29: =COUNTIF($D29:$BC29,"NEPHRO")+COUNTIF($D29:$BC29,"NEPHRO *") | CC29: =SUM(BQ29:CB29) | CD29: =BP29+CC29
C30: R. Bernal | D30: ID | E30: ID | F30: D | G30: CLINIC | H30: ICU | I30: ICU | J30: B | K30: B | L30: CLINIC | M30: ID * | N30: NF | O30: NF | P30: CLINIC | Q30: CLINIC | R30: ED | S30: ED | T30: C | U30: C | V30: CLINIC | W30: ICU | X30: D | Y30: CLINIC * | Z30: VACATION | AA30: VACATION | AB30: B | AC30: B | AD30: ICU H | AE30: A | AF30: A | AG30: ICU | AH30: CLINIC | AI30: A | AJ30: A | AK30: A | AL30: A | AM30: CLINIC | AN30: NF | AO30: NF | AP30: ICU | AQ30: CLINIC | AR30: B | AS30: ID * | AT30: B | AU30: VACATION | AV30: VACATION | AW30: CLINIC | AX30: ICU | AY30: CARDIO | AZ30: C | BA30: ICU | BB30: CARDIO | BC30: CARDIO | BD30: =COUNTIF($D30:$BC30,"CARDIO")+COUNTIF($D30:$BC30,"CARDIO E")+COUNTIF($D30:$BC30,"CARDIO E *")+COUNTIF($D30:$BC30,"CARDIO-HCA")+COUNTIF($D30:$BC30,"CARDIO-HCA *")+COUNTIF($D30:$BC30,"CARDIO-RAM")+COUNTIF($D30:$BC30,"CARDIO-RAM *") | BE30: =COUNTIF($D30:$BC30,"CLINIC")+COUNTIF($D30:$BC30,"CLINIC *")+COUNTIF($D30:$BC30,"URGENT CARE")+COUNTIF($D30:$BC30,"URGENT CARE *") | BF30: =COUNTIF($D30:$BC30,"ED") | BG30: =COUNTIF($D30:$BC30,"A")+COUNTIF($D30:$BC30,"B")+COUNTIF($D30:$BC30,"C")+COUNTIF($D30:$BC30,"D")+COUNTIF($D30:$BC30,"G") | BH30: =COUNTIF($D30:$BC30,"ICU") | BI30: =COUNTIF($D30:$BC30,"ICU E") | BJ30: =COUNTIF($D30:$BC30,"ICU N") | BK30: =COUNTIF($D30:$BC30,"ID")+COUNTIF($D30:$BC30,"ID *") | BL30: =COUNTIF($D30:$BC30,"NEURO")+COUNTIF($D30:$BC30,"NEURO *") | BM30: =COUNTIF($D30:$BC30,"NF") | BN30: =COUNTIF($D30:$BC30,"SWING") | BO30: =COUNTIF($D30:$BC30,"VACATION") | BP30: =SUM(BD30:BO30) | BQ30: =COUNTIF($D30:$BC30,"PALLIATIVE")+COUNTIF($D30:$BC30,"PALLIATIVE *") | BR30: =COUNTIF($D30:$BC30,"GERIATRIC")+COUNTIF($D30:$BC30,"GERIATRIC 2") | BS30: =COUNTIF($D30:$BC30,"GS")+COUNTIF($D30:$BC30,"GI")+COUNTIF($D30:$BC30,"GI *") | BT30: =COUNTIF($D30:$BC30,"HEM/ONC")+COUNTIF($D30:$BC30,"HEM/ONC *") | BU30: =COUNTIF($D30:$BC30,"PAIN MANAGEMENT")+COUNTIF($D30:$BC30,"PAIN MANAGEMENT *") | BV30: =COUNTIF($D30:$BC30,"RHEUMA")+COUNTIF($D30:$BC30,"RHEUMA *") | BW30: =COUNTIF($D30:$BC30,"ENDO")+COUNTIF($D30:$BC30,"ENDO *") | BX30: =COUNTIF($D30:$BC30,"PLASTIC")+COUNTIF($D30:$BC30,"PLASTIC *") | BY30: =COUNTIF($D30:$BC30,"PULM")+COUNTIF($D30:$BC30,"PULM *") | BZ30: =COUNTIF($D30:$BC30,"SICU")+COUNTIF($D30:$BC30,"SICU *") | CA30: =COUNTIF($D30:$BC30,"DERMATOLOGY")+COUNTIF($D30:$BC30,"DERMATOLOGY *") | CB30: =COUNTIF($D30:$BC30,"NEPHRO")+COUNTIF($D30:$BC30,"NEPHRO *") | CC30: =SUM(BQ30:CB30) | CD30: =BP30+CC30
C31: A. Gonzalez | D31: ICU | E31: ICU | F31: CLINIC | G31: CLINIC | H31: C | I31: C | J31: C | K31: C | L31: CLINIC | M31: A | N31: A | O31: A | P31: A | Q31: CLINIC | R31: D | S31: D | T31: D | U31: D | V31: VACATION | W31: VACATION | X31: CLINIC * | Y31: NF | Z31: ID * | AA31: CLINIC | AB31: ICU N | AC31: ICU N | AD31: ICU H* | AE31: A | AF31: ICU N | AG31: CARDIO | AH31: CLINIC | AI31: ED | AJ31: ED | AK31: B | AL31: B | AM31: CLINIC | AN31: B | AO31: B | AP31: B | AQ31: B | AR31: CLINIC | AS31: CARDIO | AT31: CARDIO | AU31: VACATION | AV31: VACATION | AW31: C | AX31: CLINIC | AY31: ICU | AZ31: ICU | BA31: CLINIC * | BB31: ICU N | BC31: CARDIO | BD31: =COUNTIF($D31:$BC31,"CARDIO")+COUNTIF($D31:$BC31,"CARDIO E")+COUNTIF($D31:$BC31,"CARDIO E *")+COUNTIF($D31:$BC31,"CARDIO-HCA")+COUNTIF($D31:$BC31,"CARDIO-HCA *")+COUNTIF($D31:$BC31,"CARDIO-RAM")+COUNTIF($D31:$BC31,"CARDIO-RAM *") | BE31: =COUNTIF($D31:$BC31,"CLINIC")+COUNTIF($D31:$BC31,"CLINIC *")+COUNTIF($D31:$BC31,"URGENT CARE")+COUNTIF($D31:$BC31,"URGENT CARE *") | BF31: =COUNTIF($D31:$BC31,"ED") | BG31: =COUNTIF($D31:$BC31,"A")+COUNTIF($D31:$BC31,"B")+COUNTIF($D31:$BC31,"C")+COUNTIF($D31:$BC31,"D")+COUNTIF($D31:$BC31,"G") | BH31: =COUNTIF($D31:$BC31,"ICU") | BI31: =COUNTIF($D31:$BC31,"ICU E") | BJ31: =COUNTIF($D31:$BC31,"ICU N") | BK31: =COUNTIF($D31:$BC31,"ID")+COUNTIF($D31:$BC31,"ID *") | BL31: =COUNTIF($D31:$BC31,"NEURO")+COUNTIF($D31:$BC31,"NEURO *") | BM31: =COUNTIF($D31:$BC31,"NF") | BN31: =COUNTIF($D31:$BC31,"SWING") | BO31: =COUNTIF($D31:$BC31,"VACATION") | BP31: =SUM(BD31:BO31) | BQ31: =COUNTIF($D31:$BC31,"PALLIATIVE")+COUNTIF($D31:$BC31,"PALLIATIVE *") | BR31: =COUNTIF($D31:$BC31,"GERIATRIC")+COUNTIF($D31:$BC31,"GERIATRIC 2") | BS31: =COUNTIF($D31:$BC31,"GS")+COUNTIF($D31:$BC31,"GI")+COUNTIF($D31:$BC31,"GI *") | BT31: =COUNTIF($D31:$BC31,"HEM/ONC")+COUNTIF($D31:$BC31,"HEM/ONC *") | BU31: =COUNTIF($D31:$BC31,"PAIN MANAGEMENT")+COUNTIF($D31:$BC31,"PAIN MANAGEMENT *") | BV31: =COUNTIF($D31:$BC31,"RHEUMA")+COUNTIF($D31:$BC31,"RHEUMA *") | BW31: =COUNTIF($D31:$BC31,"ENDO")+COUNTIF($D31:$BC31,"ENDO *") | BX31: =COUNTIF($D31:$BC31,"PLASTIC")+COUNTIF($D31:$BC31,"PLASTIC *") | BY31: =COUNTIF($D31:$BC31,"PULM")+COUNTIF($D31:$BC31,"PULM *") | BZ31: =COUNTIF($D31:$BC31,"SICU")+COUNTIF($D31:$BC31,"SICU *") | CA31: =COUNTIF($D31:$BC31,"DERMATOLOGY")+COUNTIF($D31:$BC31,"DERMATOLOGY *") | CB31: =COUNTIF($D31:$BC31,"NEPHRO")+COUNTIF($D31:$BC31,"NEPHRO *") | CC31: =SUM(BQ31:CB31) | CD31: =BP31+CC31
C32: N. Monroig | D32: NF | E32: NF | F32: CLINIC | G32: CLINIC | H32: C | I32: C | J32: ID * | K32: ICU N | L32: CLINIC | M32: A | N32: A | O32: A | P32: A | Q32: CLINIC | R32: GI | S32: D | T32: D | U32: D | V32: CLINIC | W32: CLINIC * | X32: ICU | Y32: VACATION | Z32: VACATION | AA32: CLINIC * | AB32: ICU | AC32: ICU | AD32: ICU H | AE32: CARDIO | AF32: CARDIO * | AG32: D | AH32: CLINIC | AI32: ED | AJ32: ED | AK32: GI * | AL32: ICU | AM32: CLINIC | AN32: B | AO32: B | AP32: B | AQ32: B | AR32: CLINIC | AS32: C | AT32: C | AU32: C | AV32: C | AW32: CLINIC | AX32: VACATION | AY32: VACATION | AZ32: ICU | BA32: ICU | BB32: C | BC32: ICU N | BD32: =COUNTIF($D32:$BC32,"CARDIO")+COUNTIF($D32:$BC32,"CARDIO E")+COUNTIF($D32:$BC32,"CARDIO E *")+COUNTIF($D32:$BC32,"CARDIO-HCA")+COUNTIF($D32:$BC32,"CARDIO-HCA *")+COUNTIF($D32:$BC32,"CARDIO-RAM")+COUNTIF($D32:$BC32,"CARDIO-RAM *") | BE32: =COUNTIF($D32:$BC32,"CLINIC")+COUNTIF($D32:$BC32,"CLINIC *")+COUNTIF($D32:$BC32,"URGENT CARE")+COUNTIF($D32:$BC32,"URGENT CARE *") | BF32: =COUNTIF($D32:$BC32,"ED") | BG32: =COUNTIF($D32:$BC32,"A")+COUNTIF($D32:$BC32,"B")+COUNTIF($D32:$BC32,"C")+COUNTIF($D32:$BC32,"D")+COUNTIF($D32:$BC32,"G") | BH32: =COUNTIF($D32:$BC32,"ICU") | BI32: =COUNTIF($D32:$BC32,"ICU E") | BJ32: =COUNTIF($D32:$BC32,"ICU N") | BK32: =COUNTIF($D32:$BC32,"ID")+COUNTIF($D32:$BC32,"ID *") | BL32: =COUNTIF($D32:$BC32,"NEURO")+COUNTIF($D32:$BC32,"NEURO *") | BM32: =COUNTIF($D32:$BC32,"NF") | BN32: =COUNTIF($D32:$BC32,"SWING") | BO32: =COUNTIF($D32:$BC32,"VACATION") | BP32: =SUM(BD32:BO32) | BQ32: =COUNTIF($D32:$BC32,"PALLIATIVE")+COUNTIF($D32:$BC32,"PALLIATIVE *") | BR32: =COUNTIF($D32:$BC32,"GERIATRIC")+COUNTIF($D32:$BC32,"GERIATRIC 2") | BS32: =COUNTIF($D32:$BC32,"GS")+COUNTIF($D32:$BC32,"GI")+COUNTIF($D32:$BC32,"GI *") | BT32: =COUNTIF($D32:$BC32,"HEM/ONC")+COUNTIF($D32:$BC32,"HEM/ONC *") | BU32: =COUNTIF($D32:$BC32,"PAIN MANAGEMENT")+COUNTIF($D32:$BC32,"PAIN MANAGEMENT *") | BV32: =COUNTIF($D32:$BC32,"RHEUMA")+COUNTIF($D32:$BC32,"RHEUMA *") | BW32: =COUNTIF($D32:$BC32,"ENDO")+COUNTIF($D32:$BC32,"ENDO *") | BX32: =COUNTIF($D32:$BC32,"PLASTIC")+COUNTIF($D32:$BC32,"PLASTIC *") | BY32: =COUNTIF($D32:$BC32,"PULM")+COUNTIF($D32:$BC32,"PULM *") | BZ32: =COUNTIF($D32:$BC32,"SICU")+COUNTIF($D32:$BC32,"SICU *") | CA32: =COUNTIF($D32:$BC32,"DERMATOLOGY")+COUNTIF($D32:$BC32,"DERMATOLOGY *") | CB32: =COUNTIF($D32:$BC32,"NEPHRO")+COUNTIF($D32:$BC32,"NEPHRO *") | CC32: =SUM(BQ32:CB32) | CD32: =BP32+CC32
B33: PGY-3 | C33: E. Mujica | D33: NEPHRO * | E33: NEPHRO | F33: CLINIC | G33: CLINIC | H33: NF | I33: CLINIC | J33: ED | K33: ED | L33: CLINIC | M33: GI * | N33: VACATION | O33: VACATION | P33: CLINIC | Q33: CLINIC | R33: CARDIO | S33: CARDIO | T33: G | U33: SWING | V33: CLINIC | W33: NEURO | X33: NEURO | Y33: CLINIC | Z33: B | AA33: CLINIC | AB33: ICU N | AC33: ICU H* | AD33: ICU N | AE33: ICU N | AF33: NEURO | AG33: D | AH33: CLINIC | AI33: C | AJ33: C | AK33: ICU | AL33: CLINIC * | AM33: ICU N | AN33: SWING | AO33: CLINIC | AP33: VACATION | AQ33: VACATION | AR33: CLINIC | AS33: ICU | AT33: ICU | AU33: ID | AV33: A | AW33: CLINIC | AX33: B | AY33: B | AZ33: B | BA33: D | BB33: CLINIC | BC33: SWING | BD33: =COUNTIF($D33:$BC33,"CARDIO")+COUNTIF($D33:$BC33,"CARDIO E")+COUNTIF($D33:$BC33,"CARDIO E *")+COUNTIF($D33:$BC33,"CARDIO-HCA")+COUNTIF($D33:$BC33,"CARDIO-HCA *")+COUNTIF($D33:$BC33,"CARDIO-RAM")+COUNTIF($D33:$BC33,"CARDIO-RAM *") | BE33: =COUNTIF($D33:$BC33,"CLINIC")+COUNTIF($D33:$BC33,"CLINIC *")+COUNTIF($D33:$BC33,"URGENT CARE")+COUNTIF($D33:$BC33,"URGENT CARE *") | BF33: =COUNTIF($D33:$BC33,"ED") | BG33: =COUNTIF($D33:$BC33,"A")+COUNTIF($D33:$BC33,"B")+COUNTIF($D33:$BC33,"C")+COUNTIF($D33:$BC33,"D")+COUNTIF($D33:$BC33,"G") | BH33: =COUNTIF($D33:$BC33,"ICU") | BI33: =COUNTIF($D33:$BC33,"ICU E") | BJ33: =COUNTIF($D33:$BC33,"ICU N") | BK33: =COUNTIF($D33:$BC33,"ID")+COUNTIF($D33:$BC33,"ID *") | BL33: =COUNTIF($D33:$BC33,"NEURO")+COUNTIF($D33:$BC33,"NEURO *") | BM33: =COUNTIF($D33:$BC33,"NF") | BN33: =COUNTIF($D33:$BC33,"SWING") | BO33: =COUNTIF($D33:$BC33,"VACATION") | BP33: =SUM(BD33:BO33) | BQ33: =COUNTIF($D33:$BC33,"PALLIATIVE")+COUNTIF($D33:$BC33,"PALLIATIVE *") | BR33: =COUNTIF($D33:$BC33,"GERIATRIC")+COUNTIF($D33:$BC33,"GERIATRIC 2") | BS33: =COUNTIF($D33:$BC33,"GS")+COUNTIF($D33:$BC33,"GI")+COUNTIF($D33:$BC33,"GI *") | BT33: =COUNTIF($D33:$BC33,"HEM/ONC")+COUNTIF($D33:$BC33,"HEM/ONC *") | BU33: =COUNTIF($D33:$BC33,"PAIN MANAGEMENT")+COUNTIF($D33:$BC33,"PAIN MANAGEMENT *") | BV33: =COUNTIF($D33:$BC33,"RHEUMA")+COUNTIF($D33:$BC33,"RHEUMA *") | BW33: =COUNTIF($D33:$BC33,"ENDO")+COUNTIF($D33:$BC33,"ENDO *") | BX33: =COUNTIF($D33:$BC33,"PLASTIC")+COUNTIF($D33:$BC33,"PLASTIC *") | BY33: =COUNTIF($D33:$BC33,"PULM")+COUNTIF($D33:$BC33,"PULM *") | BZ33: =COUNTIF($D33:$BC33,"SICU")+COUNTIF($D33:$BC33,"SICU *") | CA33: =COUNTIF($D33:$BC33,"DERMATOLOGY")+COUNTIF($D33:$BC33,"DERMATOLOGY *") | CB33: =COUNTIF($D33:$BC33,"NEPHRO")+COUNTIF($D33:$BC33,"NEPHRO *") | CC33: =SUM(BQ33:CB33) | CD33: =BP33+CC33
C34: Y. Oliva | D34: GI | E34: GI | F34: CLINIC | G34: CLINIC | H34: SWING | I34: G | J34: VACATION | K34: VACATION | L34: CLINIC | M34: NEURO | N34: CLINIC | O34: A | P34: A | Q34: CLINIC | R34: B | S34: A | T34: GI | U34: GI | V34: A | W34: ED | X34: ED | Y34: CLINIC | Z34: CLINIC | AA34: CLINIC | AB34: A | AC34: ICU H* | AD34: ICU | AE34: CARDIO* | AF34: CARDIO | AG34: SWING | AH34: CLINIC | AI34: D | AJ34: NF | AK34: VACATION | AL34: VACATION | AM34: CLINIC | AN34: C | AO34: C | AP34: ICU | AQ34: ICU | AR34: CLINIC | AS34: ICU | AT34: ICU | AU34: ID | AV34: ICU N | AW34: ICU N | AX34: CLINIC | AY34: SWING | AZ34: SWING | BA34: CLINIC | BB34: NF | BC34: ID | BD34: =COUNTIF($D34:$BC34,"CARDIO")+COUNTIF($D34:$BC34,"CARDIO E")+COUNTIF($D34:$BC34,"CARDIO E *")+COUNTIF($D34:$BC34,"CARDIO-HCA")+COUNTIF($D34:$BC34,"CARDIO-HCA *")+COUNTIF($D34:$BC34,"CARDIO-RAM")+COUNTIF($D34:$BC34,"CARDIO-RAM *") | BE34: =COUNTIF($D34:$BC34,"CLINIC")+COUNTIF($D34:$BC34,"CLINIC *")+COUNTIF($D34:$BC34,"URGENT CARE")+COUNTIF($D34:$BC34,"URGENT CARE *") | BF34: =COUNTIF($D34:$BC34,"ED") | BG34: =COUNTIF($D34:$BC34,"A")+COUNTIF($D34:$BC34,"B")+COUNTIF($D34:$BC34,"C")+COUNTIF($D34:$BC34,"D")+COUNTIF($D34:$BC34,"G") | BH34: =COUNTIF($D34:$BC34,"ICU") | BI34: =COUNTIF($D34:$BC34,"ICU E") | BJ34: =COUNTIF($D34:$BC34,"ICU N") | BK34: =COUNTIF($D34:$BC34,"ID")+COUNTIF($D34:$BC34,"ID *") | BL34: =COUNTIF($D34:$BC34,"NEURO")+COUNTIF($D34:$BC34,"NEURO *") | BM34: =COUNTIF($D34:$BC34,"NF") | BN34: =COUNTIF($D34:$BC34,"SWING") | BO34: =COUNTIF($D34:$BC34,"VACATION") | BP34: =SUM(BD34:BO34) | BQ34: =COUNTIF($D34:$BC34,"PALLIATIVE")+COUNTIF($D34:$BC34,"PALLIATIVE *") | BR34: =COUNTIF($D34:$BC34,"GERIATRIC")+COUNTIF($D34:$BC34,"GERIATRIC 2") | BS34: =COUNTIF($D34:$BC34,"GS")+COUNTIF($D34:$BC34,"GI")+COUNTIF($D34:$BC34,"GI *") | BT34: =COUNTIF($D34:$BC34,"HEM/ONC")+COUNTIF($D34:$BC34,"HEM/ONC *") | BU34: =COUNTIF($D34:$BC34,"PAIN MANAGEMENT")+COUNTIF($D34:$BC34,"PAIN MANAGEMENT *") | BV34: =COUNTIF($D34:$BC34,"RHEUMA")+COUNTIF($D34:$BC34,"RHEUMA *") | BW34: =COUNTIF($D34:$BC34,"ENDO")+COUNTIF($D34:$BC34,"ENDO *") | BX34: =COUNTIF($D34:$BC34,"PLASTIC")+COUNTIF($D34:$BC34,"PLASTIC *") | BY34: =COUNTIF($D34:$BC34,"PULM")+COUNTIF($D34:$BC34,"PULM *") | BZ34: =COUNTIF($D34:$BC34,"SICU")+COUNTIF($D34:$BC34,"SICU *") | CA34: =COUNTIF($D34:$BC34,"DERMATOLOGY")+COUNTIF($D34:$BC34,"DERMATOLOGY *") | CB34: =COUNTIF($D34:$BC34,"NEPHRO")+COUNTIF($D34:$BC34,"NEPHRO *") | CC34: =SUM(BQ34:CB34) | CD34: =BP34+CC34
C35: A. Perez-Sanz | D35: G | E35: CLINIC | F35: C | G35: CLINIC | H35: CARDIO | I35: ED | J35: ED | K35: CLINIC * | L35: CLINIC | M35: G | N35: NEPHRO | O35: VACATION | P35: VACATION | Q35: CLINIC | R35: NF | S35: NF | T35: GI | U35: G | V35: CLINIC | W35: CLINIC | X35: NF | Y35: CLINIC | Z35: GI | AA35: CLINIC | AB35: NEURO | AC35: ICU H* | AD35: SWING | AE35: ICU | AF35: ICU N | AG35: GI * | AH35: CLINIC | AI35: ICU | AJ35: ICU | AK35: NF | AL35: NF | AM35: CLINIC | AN35: B | AO35: B | AP35: VACATION | AQ35: VACATION | AR35: CLINIC | AS35: C | AT35: C | AU35: D | AV35: D | AW35: CLINIC | AX35: ICU | AY35: ICU | AZ35: CLINIC | BA35: G | BB35: CLINIC | BC35: ICU | BD35: =COUNTIF($D35:$BC35,"CARDIO")+COUNTIF($D35:$BC35,"CARDIO E")+COUNTIF($D35:$BC35,"CARDIO E *")+COUNTIF($D35:$BC35,"CARDIO-HCA")+COUNTIF($D35:$BC35,"CARDIO-HCA *")+COUNTIF($D35:$BC35,"CARDIO-RAM")+COUNTIF($D35:$BC35,"CARDIO-RAM *") | BE35: =COUNTIF($D35:$BC35,"CLINIC")+COUNTIF($D35:$BC35,"CLINIC *")+COUNTIF($D35:$BC35,"URGENT CARE")+COUNTIF($D35:$BC35,"URGENT CARE *") | BF35: =COUNTIF($D35:$BC35,"ED") | BG35: =COUNTIF($D35:$BC35,"A")+COUNTIF($D35:$BC35,"B")+COUNTIF($D35:$BC35,"C")+COUNTIF($D35:$BC35,"D")+COUNTIF($D35:$BC35,"G") | BH35: =COUNTIF($D35:$BC35,"ICU") | BI35: =COUNTIF($D35:$BC35,"ICU E") | BJ35: =COUNTIF($D35:$BC35,"ICU N") | BK35: =COUNTIF($D35:$BC35,"ID")+COUNTIF($D35:$BC35,"ID *") | BL35: =COUNTIF($D35:$BC35,"NEURO")+COUNTIF($D35:$BC35,"NEURO *") | BM35: =COUNTIF($D35:$BC35,"NF") | BN35: =COUNTIF($D35:$BC35,"SWING") | BO35: =COUNTIF($D35:$BC35,"VACATION") | BP35: =SUM(BD35:BO35) | BQ35: =COUNTIF($D35:$BC35,"PALLIATIVE")+COUNTIF($D35:$BC35,"PALLIATIVE *") | BR35: =COUNTIF($D35:$BC35,"GERIATRIC")+COUNTIF($D35:$BC35,"GERIATRIC 2") | BS35: =COUNTIF($D35:$BC35,"GS")+COUNTIF($D35:$BC35,"GI")+COUNTIF($D35:$BC35,"GI *") | BT35: =COUNTIF($D35:$BC35,"HEM/ONC")+COUNTIF($D35:$BC35,"HEM/ONC *") | BU35: =COUNTIF($D35:$BC35,"PAIN MANAGEMENT")+COUNTIF($D35:$BC35,"PAIN MANAGEMENT *") | BV35: =COUNTIF($D35:$BC35,"RHEUMA")+COUNTIF($D35:$BC35,"RHEUMA *") | BW35: =COUNTIF($D35:$BC35,"ENDO")+COUNTIF($D35:$BC35,"ENDO *") | BX35: =COUNTIF($D35:$BC35,"PLASTIC")+COUNTIF($D35:$BC35,"PLASTIC *") | BY35: =COUNTIF($D35:$BC35,"PULM")+COUNTIF($D35:$BC35,"PULM *") | BZ35: =COUNTIF($D35:$BC35,"SICU")+COUNTIF($D35:$BC35,"SICU *") | CA35: =COUNTIF($D35:$BC35,"DERMATOLOGY")+COUNTIF($D35:$BC35,"DERMATOLOGY *") | CB35: =COUNTIF($D35:$BC35,"NEPHRO")+COUNTIF($D35:$BC35,"NEPHRO *") | CC35: =SUM(BQ35:CB35) | CD35: =BP35+CC35
C36: O. Melendez | D36: ID | E36: SWING | F36: GI | G36: CLINIC | H36: NEURO | I36: CARDIO* | J36: G | K36: CLINIC | L36: CLINIC | M36: VACATION | N36: VACATION | O36: NF | P36: NF | Q36: CLINIC | R36: NEURO | S36: HEM/ONC | T36: ED | U36: ED | V36: CLINIC | W36: G | X36: C | Y36: NEURO * | Z36: NEURO | AA36: CLINIC | AB36: RHEUMA | AC36: B | AD36: ICU H* | AE36: CLINIC | AF36: SWING | AG36: CLINIC | AH36: CLINIC | AI36: ICU | AJ36: ICU | AK36: VACATION | AL36: VACATION | AM36: CLINIC | AN36: A | AO36: A | AP36: C | AQ36: C | AR36: CLINIC | AS36: D | AT36: D | AU36: C | AV36: C | AW36: CLINIC | AX36: ICU N | AY36: ICU N | AZ36: CLINIC | BA36: ICU | BB36: CLINIC | BC36: ICU | BD36: =COUNTIF($D36:$BC36,"CARDIO")+COUNTIF($D36:$BC36,"CARDIO E")+COUNTIF($D36:$BC36,"CARDIO E *")+COUNTIF($D36:$BC36,"CARDIO-HCA")+COUNTIF($D36:$BC36,"CARDIO-HCA *")+COUNTIF($D36:$BC36,"CARDIO-RAM")+COUNTIF($D36:$BC36,"CARDIO-RAM *") | BE36: =COUNTIF($D36:$BC36,"CLINIC")+COUNTIF($D36:$BC36,"CLINIC *")+COUNTIF($D36:$BC36,"URGENT CARE")+COUNTIF($D36:$BC36,"URGENT CARE *") | BF36: =COUNTIF($D36:$BC36,"ED") | BG36: =COUNTIF($D36:$BC36,"A")+COUNTIF($D36:$BC36,"B")+COUNTIF($D36:$BC36,"C")+COUNTIF($D36:$BC36,"D")+COUNTIF($D36:$BC36,"G") | BH36: =COUNTIF($D36:$BC36,"ICU") | BI36: =COUNTIF($D36:$BC36,"ICU E") | BJ36: =COUNTIF($D36:$BC36,"ICU N") | BK36: =COUNTIF($D36:$BC36,"ID")+COUNTIF($D36:$BC36,"ID *") | BL36: =COUNTIF($D36:$BC36,"NEURO")+COUNTIF($D36:$BC36,"NEURO *") | BM36: =COUNTIF($D36:$BC36,"NF") | BN36: =COUNTIF($D36:$BC36,"SWING") | BO36: =COUNTIF($D36:$BC36,"VACATION") | BP36: =SUM(BD36:BO36) | BQ36: =COUNTIF($D36:$BC36,"PALLIATIVE")+COUNTIF($D36:$BC36,"PALLIATIVE *") | BR36: =COUNTIF($D36:$BC36,"GERIATRIC")+COUNTIF($D36:$BC36,"GERIATRIC 2") | BS36: =COUNTIF($D36:$BC36,"GS")+COUNTIF($D36:$BC36,"GI")+COUNTIF($D36:$BC36,"GI *") | BT36: =COUNTIF($D36:$BC36,"HEM/ONC")+COUNTIF($D36:$BC36,"HEM/ONC *") | BU36: =COUNTIF($D36:$BC36,"PAIN MANAGEMENT")+COUNTIF($D36:$BC36,"PAIN MANAGEMENT *") | BV36: =COUNTIF($D36:$BC36,"RHEUMA")+COUNTIF($D36:$BC36,"RHEUMA *") | BW36: =COUNTIF($D36:$BC36,"ENDO")+COUNTIF($D36:$BC36,"ENDO *") | BX36: =COUNTIF($D36:$BC36,"PLASTIC")+COUNTIF($D36:$BC36,"PLASTIC *") | BY36: =COUNTIF($D36:$BC36,"PULM")+COUNTIF($D36:$BC36,"PULM *") | BZ36: =COUNTIF($D36:$BC36,"SICU")+COUNTIF($D36:$BC36,"SICU *") | CA36: =COUNTIF($D36:$BC36,"DERMATOLOGY")+COUNTIF($D36:$BC36,"DERMATOLOGY *") | CB36: =COUNTIF($D36:$BC36,"NEPHRO")+COUNTIF($D36:$BC36,"NEPHRO *") | CC36: =SUM(BQ36:CB36) | CD36: =BP36+CC36
B37: PGY-3 | C37: G. Barciela | D37: HEM/ONC | E37: HEM/ONC | F37: D | G37: CLINIC | H37: ICU | I37: ICU | J37: CLINIC | K37: SWING | L37: CLINIC | M37: NEPHRO | N37: ICU N | O37: VACATION | P37: VACATION | Q37: CLINIC | R37: ICU | S37: ICU | T37: CARDIO | U37: CARDIO | V37: CLINIC | W37: PALLIATIVE | X37: A | Y37: A | Z37: PALLIATIVE | AA37: CLINIC | AB37: PULM | AC37: D | AD37: ICU H | AE37: PULM | AF37: ICU | AG37: NF | AH37: CLINIC | AI37: G | AJ37: SWING | AK37: VACATION | AL37: VACATION | AM37: CLINIC | AN37: CLINIC | AO37: RHEUMA | AP37: RHEUMA | AQ37: CLINIC | AR37: CLINIC | AS37: ID | AT37: ID * | AU37: CLINIC | AV37: NEPHRO | AW37: CLINIC | AX37: RHEUMA | AY37: GERIATRIC 2 | AZ37: GERIATRIC | BA37: PAIN MANAGEMENT | BB37: CLINIC | BC37: ID | BD37: =COUNTIF($D37:$BC37,"CARDIO")+COUNTIF($D37:$BC37,"CARDIO E")+COUNTIF($D37:$BC37,"CARDIO E *")+COUNTIF($D37:$BC37,"CARDIO-HCA")+COUNTIF($D37:$BC37,"CARDIO-HCA *")+COUNTIF($D37:$BC37,"CARDIO-RAM")+COUNTIF($D37:$BC37,"CARDIO-RAM *") | BE37: =COUNTIF($D37:$BC37,"CLINIC")+COUNTIF($D37:$BC37,"CLINIC *")+COUNTIF($D37:$BC37,"URGENT CARE")+COUNTIF($D37:$BC37,"URGENT CARE *") | BF37: =COUNTIF($D37:$BC37,"ED") | BG37: =COUNTIF($D37:$BC37,"A")+COUNTIF($D37:$BC37,"B")+COUNTIF($D37:$BC37,"C")+COUNTIF($D37:$BC37,"D")+COUNTIF($D37:$BC37,"G") | BH37: =COUNTIF($D37:$BC37,"ICU") | BI37: =COUNTIF($D37:$BC37,"ICU E") | BJ37: =COUNTIF($D37:$BC37,"ICU N") | BK37: =COUNTIF($D37:$BC37,"ID")+COUNTIF($D37:$BC37,"ID *") | BL37: =COUNTIF($D37:$BC37,"NEURO")+COUNTIF($D37:$BC37,"NEURO *") | BM37: =COUNTIF($D37:$BC37,"NF") | BN37: =COUNTIF($D37:$BC37,"SWING") | BO37: =COUNTIF($D37:$BC37,"VACATION") | BP37: =SUM(BD37:BO37) | BQ37: =COUNTIF($D37:$BC37,"PALLIATIVE")+COUNTIF($D37:$BC37,"PALLIATIVE *") | BR37: =COUNTIF($D37:$BC37,"GERIATRIC")+COUNTIF($D37:$BC37,"GERIATRIC 2") | BS37: =COUNTIF($D37:$BC37,"GS")+COUNTIF($D37:$BC37,"GI")+COUNTIF($D37:$BC37,"GI *") | BT37: =COUNTIF($D37:$BC37,"HEM/ONC")+COUNTIF($D37:$BC37,"HEM/ONC *") | BU37: =COUNTIF($D37:$BC37,"PAIN MANAGEMENT")+COUNTIF($D37:$BC37,"PAIN MANAGEMENT *") | BV37: =COUNTIF($D37:$BC37,"RHEUMA")+COUNTIF($D37:$BC37,"RHEUMA *") | BW37: =COUNTIF($D37:$BC37,"ENDO")+COUNTIF($D37:$BC37,"ENDO *") | BX37: =COUNTIF($D37:$BC37,"PLASTIC")+COUNTIF($D37:$BC37,"PLASTIC *") | BY37: =COUNTIF($D37:$BC37,"PULM")+COUNTIF($D37:$BC37,"PULM *") | BZ37: =COUNTIF($D37:$BC37,"SICU")+COUNTIF($D37:$BC37,"SICU *") | CA37: =COUNTIF($D37:$BC37,"DERMATOLOGY")+COUNTIF($D37:$BC37,"DERMATOLOGY *") | CB37: =COUNTIF($D37:$BC37,"NEPHRO")+COUNTIF($D37:$BC37,"NEPHRO *") | CC37: =SUM(BQ37:CB37) | CD37: =BP37+CC37
C38: K. Sanchez | D38: SWING | E38: NEPHRO | F38: ICU | G38: CLINIC | H38: B | I38: VACATION | J38: VACATION | K38: D | L38: CLINIC | M38: CLINIC | N38: SWING | O38: D | P38: CLINIC | Q38: CLINIC | R38: ICU | S38: ICU N | T38: CARDIO | U38: CARDIO | V38: CLINIC | W38: PALLIATIVE * | X38: ICU | Y38: ICU | Z38: PULM * | AA38: CLINIC | AB38: B | AC38: CLINIC | AD38: ICU H | AE38: GI | AF38: HEM/ONC | AG38: HEM/ONC | AH38: CLINIC | AI38: NEPHRO | AJ38: CLINIC | AK38: C | AL38: G | AM38: CLINIC | AN38: VACATION | AO38: VACATION | AP38: G | AQ38: PULM | AR38: CLINIC | AS38: RHEUMA | AT38: RHEUMA | AU38: HEM/ONC | AV38: CLINIC | AW38: CLINIC | AX38: RHEUMA | AY38: ID | AZ38: CLINIC | BA38: GERIATRIC | BB38: GERIATRIC | BC38: ID | BD38: =COUNTIF($D38:$BC38,"CARDIO")+COUNTIF($D38:$BC38,"CARDIO E")+COUNTIF($D38:$BC38,"CARDIO E *")+COUNTIF($D38:$BC38,"CARDIO-HCA")+COUNTIF($D38:$BC38,"CARDIO-HCA *")+COUNTIF($D38:$BC38,"CARDIO-RAM")+COUNTIF($D38:$BC38,"CARDIO-RAM *") | BE38: =COUNTIF($D38:$BC38,"CLINIC")+COUNTIF($D38:$BC38,"CLINIC *")+COUNTIF($D38:$BC38,"URGENT CARE")+COUNTIF($D38:$BC38,"URGENT CARE *") | BF38: =COUNTIF($D38:$BC38,"ED") | BG38: =COUNTIF($D38:$BC38,"A")+COUNTIF($D38:$BC38,"B")+COUNTIF($D38:$BC38,"C")+COUNTIF($D38:$BC38,"D")+COUNTIF($D38:$BC38,"G") | BH38: =COUNTIF($D38:$BC38,"ICU") | BI38: =COUNTIF($D38:$BC38,"ICU E") | BJ38: =COUNTIF($D38:$BC38,"ICU N") | BK38: =COUNTIF($D38:$BC38,"ID")+COUNTIF($D38:$BC38,"ID *") | BL38: =COUNTIF($D38:$BC38,"NEURO")+COUNTIF($D38:$BC38,"NEURO *") | BM38: =COUNTIF($D38:$BC38,"NF") | BN38: =COUNTIF($D38:$BC38,"SWING") | BO38: =COUNTIF($D38:$BC38,"VACATION") | BP38: =SUM(BD38:BO38) | BQ38: =COUNTIF($D38:$BC38,"PALLIATIVE")+COUNTIF($D38:$BC38,"PALLIATIVE *") | BR38: =COUNTIF($D38:$BC38,"GERIATRIC")+COUNTIF($D38:$BC38,"GERIATRIC 2") | BS38: =COUNTIF($D38:$BC38,"GS")+COUNTIF($D38:$BC38,"GI")+COUNTIF($D38:$BC38,"GI *") | BT38: =COUNTIF($D38:$BC38,"HEM/ONC")+COUNTIF($D38:$BC38,"HEM/ONC *") | BU38: =COUNTIF($D38:$BC38,"PAIN MANAGEMENT")+COUNTIF($D38:$BC38,"PAIN MANAGEMENT *") | BV38: =COUNTIF($D38:$BC38,"RHEUMA")+COUNTIF($D38:$BC38,"RHEUMA *") | BW38: =COUNTIF($D38:$BC38,"ENDO")+COUNTIF($D38:$BC38,"ENDO *") | BX38: =COUNTIF($D38:$BC38,"PLASTIC")+COUNTIF($D38:$BC38,"PLASTIC *") | BY38: =COUNTIF($D38:$BC38,"PULM")+COUNTIF($D38:$BC38,"PULM *") | BZ38: =COUNTIF($D38:$BC38,"SICU")+COUNTIF($D38:$BC38,"SICU *") | CA38: =COUNTIF($D38:$BC38,"DERMATOLOGY")+COUNTIF($D38:$BC38,"DERMATOLOGY *") | CB38: =COUNTIF($D38:$BC38,"NEPHRO")+COUNTIF($D38:$BC38,"NEPHRO *") | CC38: =SUM(BQ38:CB38) | CD38: =BP38+CC38
A39: Cohort 5 | B39: PGY-2 | C39: C. Tucci | D39: ICU | E39: ICU | F39: ID * | G39: ID | H39: CLINIC | I39: A | J39: A | K39: A | L39: A | M39: CLINIC | N39: C | O39: C | P39: C | Q39: C | R39: CLINIC | S39: NF | T39: NF | U39: VACATION | V39: VACATION | W39: CLINIC | X39: B | Y39: B | Z39: ED | AA39: ED | AB39: CLINIC | AC39: A | AD39: ICU H | AE39: C | AF39: C | AG39: CLINIC | AH39: A | AI39: CLINIC* | AJ39: ICU | AK39: ICU | AL39: CLINIC * | AM39: B | AN39: CLINIC | AO39: CLINIC * | AP39: ICU | AQ39: ICU | AR39: VACATION | AS39: VACATION | AT39: D | AU39: D | AV39: ICU N | AW39: ICU N | AX39: CLINIC | AY39: HEM/ONC * | AZ39: CARDIO* | BA39: CARDIO | BB39: C | BC39: C | BD39: =COUNTIF($D39:$BC39,"CARDIO")+COUNTIF($D39:$BC39,"CARDIO E")+COUNTIF($D39:$BC39,"CARDIO E *")+COUNTIF($D39:$BC39,"CARDIO-HCA")+COUNTIF($D39:$BC39,"CARDIO-HCA *")+COUNTIF($D39:$BC39,"CARDIO-RAM")+COUNTIF($D39:$BC39,"CARDIO-RAM *") | BE39: =COUNTIF($D39:$BC39,"CLINIC")+COUNTIF($D39:$BC39,"CLINIC *")+COUNTIF($D39:$BC39,"URGENT CARE")+COUNTIF($D39:$BC39,"URGENT CARE *") | BF39: =COUNTIF($D39:$BC39,"ED") | BG39: =COUNTIF($D39:$BC39,"A")+COUNTIF($D39:$BC39,"B")+COUNTIF($D39:$BC39,"C")+COUNTIF($D39:$BC39,"D")+COUNTIF($D39:$BC39,"G") | BH39: =COUNTIF($D39:$BC39,"ICU") | BI39: =COUNTIF($D39:$BC39,"ICU E") | BJ39: =COUNTIF($D39:$BC39,"ICU N") | BK39: =COUNTIF($D39:$BC39,"ID")+COUNTIF($D39:$BC39,"ID *") | BL39: =COUNTIF($D39:$BC39,"NEURO")+COUNTIF($D39:$BC39,"NEURO *") | BM39: =COUNTIF($D39:$BC39,"NF") | BN39: =COUNTIF($D39:$BC39,"SWING") | BO39: =COUNTIF($D39:$BC39,"VACATION") | BP39: =SUM(BD39:BO39) | BQ39: =COUNTIF($D39:$BC39,"PALLIATIVE")+COUNTIF($D39:$BC39,"PALLIATIVE *") | BR39: =COUNTIF($D39:$BC39,"GERIATRIC")+COUNTIF($D39:$BC39,"GERIATRIC 2") | BS39: =COUNTIF($D39:$BC39,"GS")+COUNTIF($D39:$BC39,"GI")+COUNTIF($D39:$BC39,"GI *") | BT39: =COUNTIF($D39:$BC39,"HEM/ONC")+COUNTIF($D39:$BC39,"HEM/ONC *") | BU39: =COUNTIF($D39:$BC39,"PAIN MANAGEMENT")+COUNTIF($D39:$BC39,"PAIN MANAGEMENT *") | BV39: =COUNTIF($D39:$BC39,"RHEUMA")+COUNTIF($D39:$BC39,"RHEUMA *") | BW39: =COUNTIF($D39:$BC39,"ENDO")+COUNTIF($D39:$BC39,"ENDO *") | BX39: =COUNTIF($D39:$BC39,"PLASTIC")+COUNTIF($D39:$BC39,"PLASTIC *") | BY39: =COUNTIF($D39:$BC39,"PULM")+COUNTIF($D39:$BC39,"PULM *") | BZ39: =COUNTIF($D39:$BC39,"SICU")+COUNTIF($D39:$BC39,"SICU *") | CA39: =COUNTIF($D39:$BC39,"DERMATOLOGY")+COUNTIF($D39:$BC39,"DERMATOLOGY *") | CB39: =COUNTIF($D39:$BC39,"NEPHRO")+COUNTIF($D39:$BC39,"NEPHRO *") | CC39: =SUM(BQ39:CB39) | CD39: =BP39+CC39
C40: L. Cordoba | D40: ICU N | E40: ICU N | F40: ID | G40: ID * | H40: CLINIC | I40: A | J40: A | K40: A | L40: A | M40: CLINIC | N40: C | O40: C | P40: C | Q40: C | R40: CLINIC | S40: CLINIC | T40: ICU N | U40: ICU N | V40: VACATION | W40: VACATION | X40: B | Y40: B | Z40: ED | AA40: ED | AB40: CLINIC * | AC40: A | AD40: ICU H | AE40: ID * | AF40: C | AG40: CLINIC | AH40: D | AI40: CLINIC | AJ40: ICU | AK40: ICU | AL40: CLINIC | AM40: B | AN40: CLINIC | AO40: CARDIO | AP40: CARDIO* | AQ40: D | AR40: D | AS40: CLINIC | AT40: ICU | AU40: ICU | AV40: VACATION | AW40: VACATION | AX40: CLINIC * | AY40: A | AZ40: A | BA40: A | BB40: A | BC40: CLINIC | BD40: =COUNTIF($D40:$BC40,"CARDIO")+COUNTIF($D40:$BC40,"CARDIO E")+COUNTIF($D40:$BC40,"CARDIO E *")+COUNTIF($D40:$BC40,"CARDIO-HCA")+COUNTIF($D40:$BC40,"CARDIO-HCA *")+COUNTIF($D40:$BC40,"CARDIO-RAM")+COUNTIF($D40:$BC40,"CARDIO-RAM *") | BE40: =COUNTIF($D40:$BC40,"CLINIC")+COUNTIF($D40:$BC40,"CLINIC *")+COUNTIF($D40:$BC40,"URGENT CARE")+COUNTIF($D40:$BC40,"URGENT CARE *") | BF40: =COUNTIF($D40:$BC40,"ED") | BG40: =COUNTIF($D40:$BC40,"A")+COUNTIF($D40:$BC40,"B")+COUNTIF($D40:$BC40,"C")+COUNTIF($D40:$BC40,"D")+COUNTIF($D40:$BC40,"G") | BH40: =COUNTIF($D40:$BC40,"ICU") | BI40: =COUNTIF($D40:$BC40,"ICU E") | BJ40: =COUNTIF($D40:$BC40,"ICU N") | BK40: =COUNTIF($D40:$BC40,"ID")+COUNTIF($D40:$BC40,"ID *") | BL40: =COUNTIF($D40:$BC40,"NEURO")+COUNTIF($D40:$BC40,"NEURO *") | BM40: =COUNTIF($D40:$BC40,"NF") | BN40: =COUNTIF($D40:$BC40,"SWING") | BO40: =COUNTIF($D40:$BC40,"VACATION") | BP40: =SUM(BD40:BO40) | BQ40: =COUNTIF($D40:$BC40,"PALLIATIVE")+COUNTIF($D40:$BC40,"PALLIATIVE *") | BR40: =COUNTIF($D40:$BC40,"GERIATRIC")+COUNTIF($D40:$BC40,"GERIATRIC 2") | BS40: =COUNTIF($D40:$BC40,"GS")+COUNTIF($D40:$BC40,"GI")+COUNTIF($D40:$BC40,"GI *") | BT40: =COUNTIF($D40:$BC40,"HEM/ONC")+COUNTIF($D40:$BC40,"HEM/ONC *") | BU40: =COUNTIF($D40:$BC40,"PAIN MANAGEMENT")+COUNTIF($D40:$BC40,"PAIN MANAGEMENT *") | BV40: =COUNTIF($D40:$BC40,"RHEUMA")+COUNTIF($D40:$BC40,"RHEUMA *") | BW40: =COUNTIF($D40:$BC40,"ENDO")+COUNTIF($D40:$BC40,"ENDO *") | BX40: =COUNTIF($D40:$BC40,"PLASTIC")+COUNTIF($D40:$BC40,"PLASTIC *") | BY40: =COUNTIF($D40:$BC40,"PULM")+COUNTIF($D40:$BC40,"PULM *") | BZ40: =COUNTIF($D40:$BC40,"SICU")+COUNTIF($D40:$BC40,"SICU *") | CA40: =COUNTIF($D40:$BC40,"DERMATOLOGY")+COUNTIF($D40:$BC40,"DERMATOLOGY *") | CB40: =COUNTIF($D40:$BC40,"NEPHRO")+COUNTIF($D40:$BC40,"NEPHRO *") | CC40: =SUM(BQ40:CB40) | CD40: =BP40+CC40
B41: PGY-3 | C41: M. Osorio | D41: CARDIO | E41: CARDIO | F41: ID | G41: NF | H41: CLINIC | I41: CLINIC | J41: ICU | K41: ICU | L41: G | M41: CLINIC | N41: B | O41: B | P41: VACATION | Q41: VACATION | R41: CLINIC | S41: G | T41: CLINIC * | U41: ICU N | V41: ICU N | W41: CLINIC | X41: NEURO * | Y41: NEURO | Z41: C | AA41: HEM/ONC | AB41: CLINIC | AC41: ICU N | AD41: ICU H* | AE41: HEM/ONC | AF41: ED | AG41: ED | AH41: SWING | AI41: CLINIC | AJ41: D | AK41: VACATION | AL41: VACATION | AM41: A | AN41: CLINIC | AO41: CLINIC * | AP41: SWING | AQ41: D | AR41: D | AS41: SWING | AT41: HEM/ONC | AU41: ICU | AV41: ICU | AW41: CLINIC | AX41: CLINIC | AY41: C | AZ41: C | BA41: B | BB41: B | BC41: CLINIC | BD41: =COUNTIF($D41:$BC41,"CARDIO")+COUNTIF($D41:$BC41,"CARDIO E")+COUNTIF($D41:$BC41,"CARDIO E *")+COUNTIF($D41:$BC41,"CARDIO-HCA")+COUNTIF($D41:$BC41,"CARDIO-HCA *")+COUNTIF($D41:$BC41,"CARDIO-RAM")+COUNTIF($D41:$BC41,"CARDIO-RAM *") | BE41: =COUNTIF($D41:$BC41,"CLINIC")+COUNTIF($D41:$BC41,"CLINIC *")+COUNTIF($D41:$BC41,"URGENT CARE")+COUNTIF($D41:$BC41,"URGENT CARE *") | BF41: =COUNTIF($D41:$BC41,"ED") | BG41: =COUNTIF($D41:$BC41,"A")+COUNTIF($D41:$BC41,"B")+COUNTIF($D41:$BC41,"C")+COUNTIF($D41:$BC41,"D")+COUNTIF($D41:$BC41,"G") | BH41: =COUNTIF($D41:$BC41,"ICU") | BI41: =COUNTIF($D41:$BC41,"ICU E") | BJ41: =COUNTIF($D41:$BC41,"ICU N") | BK41: =COUNTIF($D41:$BC41,"ID")+COUNTIF($D41:$BC41,"ID *") | BL41: =COUNTIF($D41:$BC41,"NEURO")+COUNTIF($D41:$BC41,"NEURO *") | BM41: =COUNTIF($D41:$BC41,"NF") | BN41: =COUNTIF($D41:$BC41,"SWING") | BO41: =COUNTIF($D41:$BC41,"VACATION") | BP41: =SUM(BD41:BO41) | BQ41: =COUNTIF($D41:$BC41,"PALLIATIVE")+COUNTIF($D41:$BC41,"PALLIATIVE *") | BR41: =COUNTIF($D41:$BC41,"GERIATRIC")+COUNTIF($D41:$BC41,"GERIATRIC 2") | BS41: =COUNTIF($D41:$BC41,"GS")+COUNTIF($D41:$BC41,"GI")+COUNTIF($D41:$BC41,"GI *") | BT41: =COUNTIF($D41:$BC41,"HEM/ONC")+COUNTIF($D41:$BC41,"HEM/ONC *") | BU41: =COUNTIF($D41:$BC41,"PAIN MANAGEMENT")+COUNTIF($D41:$BC41,"PAIN MANAGEMENT *") | BV41: =COUNTIF($D41:$BC41,"RHEUMA")+COUNTIF($D41:$BC41,"RHEUMA *") | BW41: =COUNTIF($D41:$BC41,"ENDO")+COUNTIF($D41:$BC41,"ENDO *") | BX41: =COUNTIF($D41:$BC41,"PLASTIC")+COUNTIF($D41:$BC41,"PLASTIC *") | BY41: =COUNTIF($D41:$BC41,"PULM")+COUNTIF($D41:$BC41,"PULM *") | BZ41: =COUNTIF($D41:$BC41,"SICU")+COUNTIF($D41:$BC41,"SICU *") | CA41: =COUNTIF($D41:$BC41,"DERMATOLOGY")+COUNTIF($D41:$BC41,"DERMATOLOGY *") | CB41: =COUNTIF($D41:$BC41,"NEPHRO")+COUNTIF($D41:$BC41,"NEPHRO *") | CC41: =SUM(BQ41:CB41) | CD41: =BP41+CC41
C42: H. Hussain | D42: NEURO | E42: G | F42: A | G42: CLINIC | H42: CLINIC | I42: VACATION | J42: VACATION | K42: CARDIO | L42: CARDIO | M42: CLINIC | N42: ICU | O42: ICU | P42: NEURO * | Q42: NEURO | R42: ICU N | S42: C | T42: NEURO | U42: NF | V42: ID | W42: CLINIC | X42: ICU N | Y42: ICU N | Z42: CLINIC | AA42: PALLIATIVE * | AB42: CLINIC | AC42: ICU H | AD42: ICU | AE42: ED | AF42: ED | AG42: HEM/ONC | AH42: NF | AI42: CLINIC | AJ42: VACATION | AK42: VACATION | AL42: ICU | AM42: ICU | AN42: CLINIC | AO42: D | AP42: D | AQ42: NF | AR42: NF | AS42: HEM/ONC | AT42: SWING | AU42: NF | AV42: CLINIC | AW42: ICU | AX42: CLINIC | AY42: D | AZ42: D | BA42: C | BB42: C | BC42: CLINIC | BD42: =COUNTIF($D42:$BC42,"CARDIO")+COUNTIF($D42:$BC42,"CARDIO E")+COUNTIF($D42:$BC42,"CARDIO E *")+COUNTIF($D42:$BC42,"CARDIO-HCA")+COUNTIF($D42:$BC42,"CARDIO-HCA *")+COUNTIF($D42:$BC42,"CARDIO-RAM")+COUNTIF($D42:$BC42,"CARDIO-RAM *") | BE42: =COUNTIF($D42:$BC42,"CLINIC")+COUNTIF($D42:$BC42,"CLINIC *")+COUNTIF($D42:$BC42,"URGENT CARE")+COUNTIF($D42:$BC42,"URGENT CARE *") | BF42: =COUNTIF($D42:$BC42,"ED") | BG42: =COUNTIF($D42:$BC42,"A")+COUNTIF($D42:$BC42,"B")+COUNTIF($D42:$BC42,"C")+COUNTIF($D42:$BC42,"D")+COUNTIF($D42:$BC42,"G") | BH42: =COUNTIF($D42:$BC42,"ICU") | BI42: =COUNTIF($D42:$BC42,"ICU E") | BJ42: =COUNTIF($D42:$BC42,"ICU N") | BK42: =COUNTIF($D42:$BC42,"ID")+COUNTIF($D42:$BC42,"ID *") | BL42: =COUNTIF($D42:$BC42,"NEURO")+COUNTIF($D42:$BC42,"NEURO *") | BM42: =COUNTIF($D42:$BC42,"NF") | BN42: =COUNTIF($D42:$BC42,"SWING") | BO42: =COUNTIF($D42:$BC42,"VACATION") | BP42: =SUM(BD42:BO42) | BQ42: =COUNTIF($D42:$BC42,"PALLIATIVE")+COUNTIF($D42:$BC42,"PALLIATIVE *") | BR42: =COUNTIF($D42:$BC42,"GERIATRIC")+COUNTIF($D42:$BC42,"GERIATRIC 2") | BS42: =COUNTIF($D42:$BC42,"GS")+COUNTIF($D42:$BC42,"GI")+COUNTIF($D42:$BC42,"GI *") | BT42: =COUNTIF($D42:$BC42,"HEM/ONC")+COUNTIF($D42:$BC42,"HEM/ONC *") | BU42: =COUNTIF($D42:$BC42,"PAIN MANAGEMENT")+COUNTIF($D42:$BC42,"PAIN MANAGEMENT *") | BV42: =COUNTIF($D42:$BC42,"RHEUMA")+COUNTIF($D42:$BC42,"RHEUMA *") | BW42: =COUNTIF($D42:$BC42,"ENDO")+COUNTIF($D42:$BC42,"ENDO *") | BX42: =COUNTIF($D42:$BC42,"PLASTIC")+COUNTIF($D42:$BC42,"PLASTIC *") | BY42: =COUNTIF($D42:$BC42,"PULM")+COUNTIF($D42:$BC42,"PULM *") | BZ42: =COUNTIF($D42:$BC42,"SICU")+COUNTIF($D42:$BC42,"SICU *") | CA42: =COUNTIF($D42:$BC42,"DERMATOLOGY")+COUNTIF($D42:$BC42,"DERMATOLOGY *") | CB42: =COUNTIF($D42:$BC42,"NEPHRO")+COUNTIF($D42:$BC42,"NEPHRO *") | CC42: =SUM(BQ42:CB42) | CD42: =BP42+CC42
C43: M. De Mello | D43: CARDIO | E43: CARDIO | F43: G | G43: C | H43: CLINIC | I43: CLINIC | J43: C | K43: NEURO | L43: CLINIC | M43: CLINIC | N43: C | O43: VACATION | P43: VACATION | Q43: A | R43: CLINIC | S43: CARDIO | T43: B | U43: NEURO | V43: C | W43: CLINIC | X43: ED | Y43: ED | Z43: CLINIC | AA43: G | AB43: CLINIC | AC43: SWING | AD43: ICU H | AE43: SWING | AF43: NEURO | AG43: C | AH43: G | AI43: CLINIC | AJ43: NEURO | AK43: ICU N | AL43: ICU N | AM43: G | AN43: CLINIC | AO43: ICU | AP43: ICU | AQ43: CLINIC * | AR43: C | AS43: ICU N | AT43: NF | AU43: CLINIC | AV43: G | AW43: A | AX43: D | AY43: VACATION | AZ43: VACATION | BA43: ICU | BB43: ICU | BC43: CLINIC | BD43: =COUNTIF($D43:$BC43,"CARDIO")+COUNTIF($D43:$BC43,"CARDIO E")+COUNTIF($D43:$BC43,"CARDIO E *")+COUNTIF($D43:$BC43,"CARDIO-HCA")+COUNTIF($D43:$BC43,"CARDIO-HCA *")+COUNTIF($D43:$BC43,"CARDIO-RAM")+COUNTIF($D43:$BC43,"CARDIO-RAM *") | BE43: =COUNTIF($D43:$BC43,"CLINIC")+COUNTIF($D43:$BC43,"CLINIC *")+COUNTIF($D43:$BC43,"URGENT CARE")+COUNTIF($D43:$BC43,"URGENT CARE *") | BF43: =COUNTIF($D43:$BC43,"ED") | BG43: =COUNTIF($D43:$BC43,"A")+COUNTIF($D43:$BC43,"B")+COUNTIF($D43:$BC43,"C")+COUNTIF($D43:$BC43,"D")+COUNTIF($D43:$BC43,"G") | BH43: =COUNTIF($D43:$BC43,"ICU") | BI43: =COUNTIF($D43:$BC43,"ICU E") | BJ43: =COUNTIF($D43:$BC43,"ICU N") | BK43: =COUNTIF($D43:$BC43,"ID")+COUNTIF($D43:$BC43,"ID *") | BL43: =COUNTIF($D43:$BC43,"NEURO")+COUNTIF($D43:$BC43,"NEURO *") | BM43: =COUNTIF($D43:$BC43,"NF") | BN43: =COUNTIF($D43:$BC43,"SWING") | BO43: =COUNTIF($D43:$BC43,"VACATION") | BP43: =SUM(BD43:BO43) | BQ43: =COUNTIF($D43:$BC43,"PALLIATIVE")+COUNTIF($D43:$BC43,"PALLIATIVE *") | BR43: =COUNTIF($D43:$BC43,"GERIATRIC")+COUNTIF($D43:$BC43,"GERIATRIC 2") | BS43: =COUNTIF($D43:$BC43,"GS")+COUNTIF($D43:$BC43,"GI")+COUNTIF($D43:$BC43,"GI *") | BT43: =COUNTIF($D43:$BC43,"HEM/ONC")+COUNTIF($D43:$BC43,"HEM/ONC *") | BU43: =COUNTIF($D43:$BC43,"PAIN MANAGEMENT")+COUNTIF($D43:$BC43,"PAIN MANAGEMENT *") | BV43: =COUNTIF($D43:$BC43,"RHEUMA")+COUNTIF($D43:$BC43,"RHEUMA *") | BW43: =COUNTIF($D43:$BC43,"ENDO")+COUNTIF($D43:$BC43,"ENDO *") | BX43: =COUNTIF($D43:$BC43,"PLASTIC")+COUNTIF($D43:$BC43,"PLASTIC *") | BY43: =COUNTIF($D43:$BC43,"PULM")+COUNTIF($D43:$BC43,"PULM *") | BZ43: =COUNTIF($D43:$BC43,"SICU")+COUNTIF($D43:$BC43,"SICU *") | CA43: =COUNTIF($D43:$BC43,"DERMATOLOGY")+COUNTIF($D43:$BC43,"DERMATOLOGY *") | CB43: =COUNTIF($D43:$BC43,"NEPHRO")+COUNTIF($D43:$BC43,"NEPHRO *") | CC43: =SUM(BQ43:CB43) | CD43: =BP43+CC43
C44: A. Pueyo | D44: CLINIC | E44: A | F44: ID | G44: GI | H44: CLINIC | I44: NF | J44: ID * | K44: NEURO | L44: NEURO | M44: CLINIC | N44: CLINIC | O44: VACATION | P44: VACATION | Q44: RHEUMA | R44: CLINIC | S44: CLINIC | T44: ICU | U44: B | V44: B | W44: CLINIC | X44: ED | Y44: SWING | Z44: ICU N | AA44: ID | AB44: CLINIC | AC44: ICU H | AD44: D | AE44: NEURO | AF44: NEURO | AG44: ICU | AH44: ICU | AI44: CLINIC | AJ44: ED | AK44: D | AL44: D | AM44: B | AN44: CLINIC | AO44: ICU N | AP44: VACATION | AQ44: VACATION | AR44: ICU | AS44: CLINIC * | AT44: ICU N | AU44: ICU N | AV44: CARDIO | AW44: CARDIO | AX44: CLINIC | AY44: A | AZ44: A | BA44: A | BB44: A | BC44: CLINIC * | BD44: =COUNTIF($D44:$BC44,"CARDIO")+COUNTIF($D44:$BC44,"CARDIO E")+COUNTIF($D44:$BC44,"CARDIO E *")+COUNTIF($D44:$BC44,"CARDIO-HCA")+COUNTIF($D44:$BC44,"CARDIO-HCA *")+COUNTIF($D44:$BC44,"CARDIO-RAM")+COUNTIF($D44:$BC44,"CARDIO-RAM *") | BE44: =COUNTIF($D44:$BC44,"CLINIC")+COUNTIF($D44:$BC44,"CLINIC *")+COUNTIF($D44:$BC44,"URGENT CARE")+COUNTIF($D44:$BC44,"URGENT CARE *") | BF44: =COUNTIF($D44:$BC44,"ED") | BG44: =COUNTIF($D44:$BC44,"A")+COUNTIF($D44:$BC44,"B")+COUNTIF($D44:$BC44,"C")+COUNTIF($D44:$BC44,"D")+COUNTIF($D44:$BC44,"G") | BH44: =COUNTIF($D44:$BC44,"ICU") | BI44: =COUNTIF($D44:$BC44,"ICU E") | BJ44: =COUNTIF($D44:$BC44,"ICU N") | BK44: =COUNTIF($D44:$BC44,"ID")+COUNTIF($D44:$BC44,"ID *") | BL44: =COUNTIF($D44:$BC44,"NEURO")+COUNTIF($D44:$BC44,"NEURO *") | BM44: =COUNTIF($D44:$BC44,"NF") | BN44: =COUNTIF($D44:$BC44,"SWING") | BO44: =COUNTIF($D44:$BC44,"VACATION") | BP44: =SUM(BD44:BO44) | BQ44: =COUNTIF($D44:$BC44,"PALLIATIVE")+COUNTIF($D44:$BC44,"PALLIATIVE *") | BR44: =COUNTIF($D44:$BC44,"GERIATRIC")+COUNTIF($D44:$BC44,"GERIATRIC 2") | BS44: =COUNTIF($D44:$BC44,"GS")+COUNTIF($D44:$BC44,"GI")+COUNTIF($D44:$BC44,"GI *") | BT44: =COUNTIF($D44:$BC44,"HEM/ONC")+COUNTIF($D44:$BC44,"HEM/ONC *") | BU44: =COUNTIF($D44:$BC44,"PAIN MANAGEMENT")+COUNTIF($D44:$BC44,"PAIN MANAGEMENT *") | BV44: =COUNTIF($D44:$BC44,"RHEUMA")+COUNTIF($D44:$BC44,"RHEUMA *") | BW44: =COUNTIF($D44:$BC44,"ENDO")+COUNTIF($D44:$BC44,"ENDO *") | BX44: =COUNTIF($D44:$BC44,"PLASTIC")+COUNTIF($D44:$BC44,"PLASTIC *") | BY44: =COUNTIF($D44:$BC44,"PULM")+COUNTIF($D44:$BC44,"PULM *") | BZ44: =COUNTIF($D44:$BC44,"SICU")+COUNTIF($D44:$BC44,"SICU *") | CA44: =COUNTIF($D44:$BC44,"DERMATOLOGY")+COUNTIF($D44:$BC44,"DERMATOLOGY *") | CB44: =COUNTIF($D44:$BC44,"NEPHRO")+COUNTIF($D44:$BC44,"NEPHRO *") | CC44: =SUM(BQ44:CB44) | CD44: =BP44+CC44
B45: PGY-3 | C45: A. Ortiz | D45: A | E45: CLINIC | F45: SWING | G45: ICU | H45: CLINIC | I45: D | J45: D | K45: PALLIATIVE | L45: PALLIATIVE | M45: CLINIC | N45: ICU | O45: ICU | P45: VACATION | Q45: VACATION | R45: CLINIC | S45: SWING | T45: ID | U45: RHEUMA | V45: RHEUMA | W45: CLINIC | X45: G | Y45: G | Z45: HEM/ONC | AA45: HEM/ONC | AB45: CLINIC | AC45: CLINIC | AD45: ICU H | AE45: A | AF45: RHEUMA | AG45: ID | AH45: PULM | AI45: CLINIC | AJ45: G | AK45: CLINIC * | AL45: RHEUMA | AM45: PALLIATIVE | AN45: GI | AO45: CLINIC | AP45: CLINIC | AQ45: VACATION | AR45: VACATION | AS45: CLINIC | AT45: ID | AU45: GI | AV45: GI | AW45: GERIATRIC | AX45: GERIATRIC | AY45: PAIN MANAGEMENT | AZ45: PAIN MANAGEMENT | BA45: GI | BB45: GI | BC45: CLINIC | BD45: =COUNTIF($D45:$BC45,"CARDIO")+COUNTIF($D45:$BC45,"CARDIO E")+COUNTIF($D45:$BC45,"CARDIO E *")+COUNTIF($D45:$BC45,"CARDIO-HCA")+COUNTIF($D45:$BC45,"CARDIO-HCA *")+COUNTIF($D45:$BC45,"CARDIO-RAM")+COUNTIF($D45:$BC45,"CARDIO-RAM *") | BE45: =COUNTIF($D45:$BC45,"CLINIC")+COUNTIF($D45:$BC45,"CLINIC *")+COUNTIF($D45:$BC45,"URGENT CARE")+COUNTIF($D45:$BC45,"URGENT CARE *") | BF45: =COUNTIF($D45:$BC45,"ED") | BG45: =COUNTIF($D45:$BC45,"A")+COUNTIF($D45:$BC45,"B")+COUNTIF($D45:$BC45,"C")+COUNTIF($D45:$BC45,"D")+COUNTIF($D45:$BC45,"G") | BH45: =COUNTIF($D45:$BC45,"ICU") | BI45: =COUNTIF($D45:$BC45,"ICU E") | BJ45: =COUNTIF($D45:$BC45,"ICU N") | BK45: =COUNTIF($D45:$BC45,"ID")+COUNTIF($D45:$BC45,"ID *") | BL45: =COUNTIF($D45:$BC45,"NEURO")+COUNTIF($D45:$BC45,"NEURO *") | BM45: =COUNTIF($D45:$BC45,"NF") | BN45: =COUNTIF($D45:$BC45,"SWING") | BO45: =COUNTIF($D45:$BC45,"VACATION") | BP45: =SUM(BD45:BO45) | BQ45: =COUNTIF($D45:$BC45,"PALLIATIVE")+COUNTIF($D45:$BC45,"PALLIATIVE *") | BR45: =COUNTIF($D45:$BC45,"GERIATRIC")+COUNTIF($D45:$BC45,"GERIATRIC 2") | BS45: =COUNTIF($D45:$BC45,"GS")+COUNTIF($D45:$BC45,"GI")+COUNTIF($D45:$BC45,"GI *") | BT45: =COUNTIF($D45:$BC45,"HEM/ONC")+COUNTIF($D45:$BC45,"HEM/ONC *") | BU45: =COUNTIF($D45:$BC45,"PAIN MANAGEMENT")+COUNTIF($D45:$BC45,"PAIN MANAGEMENT *") | BV45: =COUNTIF($D45:$BC45,"RHEUMA")+COUNTIF($D45:$BC45,"RHEUMA *") | BW45: =COUNTIF($D45:$BC45,"ENDO")+COUNTIF($D45:$BC45,"ENDO *") | BX45: =COUNTIF($D45:$BC45,"PLASTIC")+COUNTIF($D45:$BC45,"PLASTIC *") | BY45: =COUNTIF($D45:$BC45,"PULM")+COUNTIF($D45:$BC45,"PULM *") | BZ45: =COUNTIF($D45:$BC45,"SICU")+COUNTIF($D45:$BC45,"SICU *") | CA45: =COUNTIF($D45:$BC45,"DERMATOLOGY")+COUNTIF($D45:$BC45,"DERMATOLOGY *") | CB45: =COUNTIF($D45:$BC45,"NEPHRO")+COUNTIF($D45:$BC45,"NEPHRO *") | CC45: =SUM(BQ45:CB45) | CD45: =BP45+CC45
C46: A. Lopez | D46: ICU | E46: D | F46: NEPHRO | G46: SWING | H46: CLINIC | I46: CLINIC | J46: ID | K46: B | L46: NEURO | M46: CLINIC | N46: VACATION | O46: VACATION | P46: B | Q46: B | R46: CLINIC | S46: ICU | T46: SWING | U46: PALLIATIVE | V46: PALLIATIVE | W46: CLINIC | X46: GERIATRIC 2 | Y46: GERIATRIC 2 | Z46: GERIATRIC 2 | AA46: ID | AB46: CARDIO | AC46: CLINIC | AD46: ICU H | AE46: PALLIATIVE | AF46: PULM | AG46: ICU | AH46: RHEUMA | AI46: CLINIC | AJ46: VACATION | AK46: VACATION | AL46: ICU | AM46: PULM | AN46: CLINIC | AO46: CARDIO | AP46: CLINIC* | AQ46: CLINIC | AR46: HEM/ONC | AS46: NF | AT46: G | AU46: PALLIATIVE * | AV46: CLINIC | AW46: GI | AX46: CLINIC | AY46: GI | AZ46: ENDO | BA46: NEPHRO | BB46: NEPHRO | BC46: CLINIC | BD46: =COUNTIF($D46:$BC46,"CARDIO")+COUNTIF($D46:$BC46,"CARDIO E")+COUNTIF($D46:$BC46,"CARDIO E *")+COUNTIF($D46:$BC46,"CARDIO-HCA")+COUNTIF($D46:$BC46,"CARDIO-HCA *")+COUNTIF($D46:$BC46,"CARDIO-RAM")+COUNTIF($D46:$BC46,"CARDIO-RAM *") | BE46: =COUNTIF($D46:$BC46,"CLINIC")+COUNTIF($D46:$BC46,"CLINIC *")+COUNTIF($D46:$BC46,"URGENT CARE")+COUNTIF($D46:$BC46,"URGENT CARE *") | BF46: =COUNTIF($D46:$BC46,"ED") | BG46: =COUNTIF($D46:$BC46,"A")+COUNTIF($D46:$BC46,"B")+COUNTIF($D46:$BC46,"C")+COUNTIF($D46:$BC46,"D")+COUNTIF($D46:$BC46,"G") | BH46: =COUNTIF($D46:$BC46,"ICU") | BI46: =COUNTIF($D46:$BC46,"ICU E") | BJ46: =COUNTIF($D46:$BC46,"ICU N") | BK46: =COUNTIF($D46:$BC46,"ID")+COUNTIF($D46:$BC46,"ID *") | BL46: =COUNTIF($D46:$BC46,"NEURO")+COUNTIF($D46:$BC46,"NEURO *") | BM46: =COUNTIF($D46:$BC46,"NF") | BN46: =COUNTIF($D46:$BC46,"SWING") | BO46: =COUNTIF($D46:$BC46,"VACATION") | BP46: =SUM(BD46:BO46) | BQ46: =COUNTIF($D46:$BC46,"PALLIATIVE")+COUNTIF($D46:$BC46,"PALLIATIVE *") | BR46: =COUNTIF($D46:$BC46,"GERIATRIC")+COUNTIF($D46:$BC46,"GERIATRIC 2") | BS46: =COUNTIF($D46:$BC46,"GS")+COUNTIF($D46:$BC46,"GI")+COUNTIF($D46:$BC46,"GI *") | BT46: =COUNTIF($D46:$BC46,"HEM/ONC")+COUNTIF($D46:$BC46,"HEM/ONC *") | BU46: =COUNTIF($D46:$BC46,"PAIN MANAGEMENT")+COUNTIF($D46:$BC46,"PAIN MANAGEMENT *") | BV46: =COUNTIF($D46:$BC46,"RHEUMA")+COUNTIF($D46:$BC46,"RHEUMA *") | BW46: =COUNTIF($D46:$BC46,"ENDO")+COUNTIF($D46:$BC46,"ENDO *") | BX46: =COUNTIF($D46:$BC46,"PLASTIC")+COUNTIF($D46:$BC46,"PLASTIC *") | BY46: =COUNTIF($D46:$BC46,"PULM")+COUNTIF($D46:$BC46,"PULM *") | BZ46: =COUNTIF($D46:$BC46,"SICU")+COUNTIF($D46:$BC46,"SICU *") | CA46: =COUNTIF($D46:$BC46,"DERMATOLOGY")+COUNTIF($D46:$BC46,"DERMATOLOGY *") | CB46: =COUNTIF($D46:$BC46,"NEPHRO")+COUNTIF($D46:$BC46,"NEPHRO *") | CC46: =SUM(BQ46:CB46) | CD46: =BP46+CC46
D48: 07/01-07/06 | E48: 07/07-07/13 | F48: 07/14-07/20 | G48: 07/21-07/27 | H48: 07/28-08/03 | I48: 08/04-08/10 | J48: 08/11-08/17 | K48: 08/18-08/24 | L48: 08/25-8/31 | M48: 09/01-09/07 | N48: 09/08-09/14 | O48: 09/15-09/21 | P48: 09/22-09/28 | Q48: 09/29-10/05 | R48: 10/06-10/12 | S48: 10/13-10/19 | T48: 10/20-10/26 | U48: 10/27-11/02 | V48: 11/03-11/09 | W48: 11/10-11/16 | X48: 11/17-11/23 | Y48: 11/24-11/30 | Z48: 12/01-12/07 | AA48: 12/08-12/14 | AB48: 12/15-12/21 | AC48: 12/22-12/28 | AD48: 12/29-01/04 | AE48: 01/05-01/11 | AF48: 01/12-01/18 | AG48: 01/19-01/25 | AH48: 01/26-02/01 | AI48: 02/02-02/08 | AJ48: 02/09-02/15 | AK48: 02/16-02/22 | AL48: 02/23-03/01 | AM48: 03/02-03/08 | AN48: 03/09-03/15 | AO48: 03/16-03/22 | AP48: 03/23-03/29 | AQ48: 03/30-04/05 | AR48: 04/06-04/12 | AS48: 04/13-04/19 | AT48: 04/20-04/26 | AU48: 04/27-05/03 | AV48: 05/04-05/10 | AW48: 05/11-05/17 | AX48: 05/18-05/24 | AY48: 05/25-05/31 | AZ48: 06/01-06/07 | BA48: 06/08-06/14 | BB48: 06/15-06/21 | BC48: 06/22-06/30
B49: TY | C49: J. Kourkoumelis | D49: SICU | E49: SICU | F49: CLINIC | G49: CLINIC * | H49: NF | I49: ID | J49: VACATION | K49: VACATION | L49: B | M49: B | N49: B | O49: B | P49: ID | Q49: ID | R49: ICU N | S49: ICU N | T49: ED | U49: ED | V49: ICU | W49: ID * | X49: ICU N | Y49: ICU N | Z49: ID * | AA49: PLASTIC | AB49: NF | AC49: ICU H | AD49: D | AE49: D | AF49: D | AG49: ID * | AH49: ED | AI49: ED | AJ49: VACATION | AK49: VACATION | AL49: ICU | AM49: ICU | AN49: PLASTIC | AO49: A | AP49: A | AQ49: CLINIC | AR49: CLINIC | AS49: A | AT49: A | AU49: A | AV49: A | AW49: ID * | AX49: D | AY49: D | AZ49: ANESTHESIA | BA49: ANESTHESIA | BB49: ANESTHESIA | BC49: ANESTHESIA | BD49: =COUNTIF($D49:$BC49,"CARDIO")+COUNTIF($D49:$BC49,"CARDIO E")+COUNTIF($D49:$BC49,"CARDIO E *")*COUNTIF($D49:$BC49,"CARDIO-HCA")+COUNTIF($D49:$BC49,"CARDIO-HCA*")+COUNTIF($D49:$BC49,"CARDIO-RAM")+COUNTIF($D49:$BC49,"CARDIO-RAM *") | BE49: =COUNTIF($D49:$BC49,"CLINIC")+COUNTIF($D49:$BC49,"CLINIC*")+COUNTIF($D49:$BC49,"INR CLINIC")+COUNTIF($D49:$BC49,"INR CLINIC *")+COUNTIF($D49:$BC49,"URGENT CARE")+COUNTIF($D49:$BC49,"URGENT CARE *") | BF49: =COUNTIF($D49:$BC49,"ED") | BG49: =COUNTIF($D49:$BC49,"A")+COUNTIF($D49:$BC49,"B")+COUNTIF($D49:$BC49,"C")+COUNTIF($D49:$BC49,"D")+COUNTIF($D49:$BC49,"G") | BH49: =COUNTIF($D49:$BC49,"ICU") | BI49: =COUNTIF($D49:$BC49,"ICU E") | BJ49: =COUNTIF($D49:$BC49,"ICU N") | BK49: =COUNTIF($D49:$BC49,"ID")+COUNTIF($D49:$BC49,"ID *") | BL49: =COUNTIF($D49:$BC49,"NEURO")+COUNTIF($D49:$BC49,"NEURO *") | BM49: =COUNTIF($D49:$BC49,"NF") | BN49: =COUNTIF($D49:$BC49,"SWING") | BO49: =COUNTIF($D49:$BC49,"VACATION") | BP49: =SUM(BD49:BO49) | BQ49: =COUNTIF($D49:$BC49,"ANESTHESIA") | BR49: =COUNTIF($D49:$BC49,"GERIATRIC")+COUNTIF($D49:$BC49,"GERIATRIC 2") | BS49: =COUNTIF($D49:$BC49,"GS") | BT49: =COUNTIF($D49:$BC49,"HEM/ONC")+COUNTIF($D49:$BC49,"HEM/ONC *") | BU49: =COUNTIF($D49:$BC49,"IR RADIOLOGY")+COUNTIF($D49:$BC49,"IR RADIOLOGY *") | BV49: =COUNTIF($D49:$BC49,"NEPHRO")+COUNTIF($D49:$BC49,"NEPHRO *") | BW49: =COUNTIF($D49:$BC49,"PALLIATIVE")+COUNTIF($D49:$BC49,"PALLIATIVE *") | BX49: =COUNTIF($D49:$BC49,"PLASTIC")+COUNTIF($D49:$BC49,"PLASTIC *") | BY49: =COUNTIF($D49:$BC49,"PULM") | BZ49: =COUNTIF($D49:$BC49,"SICU")+COUNTIF($D49:$BC49,"SICU *") | CA49: =COUNTIF($D49:$BC49,"DERMATOLOGY")+COUNTIF($D49:$BC49,"DERMATOLOGY *") | CB49: =COUNTIF($D49:$BC49,"NEPHRO")+COUNTIF($D49:$BC49,"NEPHRO *") | CC49: =SUM(BQ49:CB49) | CD49: =BP49+CC49
C50: F. Mendez | D50: SICU | E50: SICU | F50: PLASTIC | G50: PLASTIC | H50: ED | I50: ED | J50: CLINIC | K50: CLINIC | L50: B | M50: B | N50: B | O50: B | P50: ID * | Q50: VACATION | R50: VACATION | S50: ID | T50: ICU E | U50: ID * | V50: ICU N | W50: ICU N | X50: ID * | Y50: ICU | Z50: ICU | AA50: ED | AB50: ED | AC50: ICU H | AD50: D | AE50: D | AF50: D | AG50: ID | AH50: NF | AI50: ID | AJ50: D | AK50: D | AL50: D | AM50: D | AN50: CLINIC | AO50: CLINIC * | AP50: ID * | AQ50: ID | AR50: D | AS50: D | AT50: VACATION | AU50: VACATION | AV50: ICU | AW50: D | AX50: D | AY50: D | AZ50: ANESTHESIA | BA50: ANESTHESIA | BB50: ANESTHESIA | BC50: ANESTHESIA | BD50: =COUNTIF($D50:$BC50,"CARDIO")+COUNTIF($D50:$BC50,"CARDIO E")+COUNTIF($D50:$BC50,"CARDIO E *")*COUNTIF($D50:$BC50,"CARDIO-HCA")+COUNTIF($D50:$BC50,"CARDIO-HCA*")+COUNTIF($D50:$BC50,"CARDIO-RAM")+COUNTIF($D50:$BC50,"CARDIO-RAM *") | BE50: =COUNTIF($D50:$BC50,"CLINIC")+COUNTIF($D50:$BC50,"CLINIC*")+COUNTIF($D50:$BC50,"INR CLINIC")+COUNTIF($D50:$BC50,"INR CLINIC *")+COUNTIF($D50:$BC50,"URGENT CARE")+COUNTIF($D50:$BC50,"URGENT CARE *") | BF50: =COUNTIF($D50:$BC50,"ED") | BG50: =COUNTIF($D50:$BC50,"A")+COUNTIF($D50:$BC50,"B")+COUNTIF($D50:$BC50,"C")+COUNTIF($D50:$BC50,"D")+COUNTIF($D50:$BC50,"G") | BH50: =COUNTIF($D50:$BC50,"ICU") | BI50: =COUNTIF($D50:$BC50,"ICU E") | BJ50: =COUNTIF($D50:$BC50,"ICU N") | BK50: =COUNTIF($D50:$BC50,"ID")+COUNTIF($D50:$BC50,"ID *") | BL50: =COUNTIF($D50:$BC50,"NEURO")+COUNTIF($D50:$BC50,"NEURO *") | BM50: =COUNTIF($D50:$BC50,"NF") | BN50: =COUNTIF($D50:$BC50,"SWING") | BO50: =COUNTIF($D50:$BC50,"VACATION") | BP50: =SUM(BD50:BO50) | BQ50: =COUNTIF($D50:$BC50,"ANESTHESIA") | BR50: =COUNTIF($D50:$BC50,"GERIATRIC")+COUNTIF($D50:$BC50,"GERIATRIC 2") | BS50: =COUNTIF($D50:$BC50,"GS") | BT50: =COUNTIF($D50:$BC50,"HEM/ONC")+COUNTIF($D50:$BC50,"HEM/ONC *") | BU50: =COUNTIF($D50:$BC50,"IR RADIOLOGY")+COUNTIF($D50:$BC50,"IR RADIOLOGY *") | BV50: =COUNTIF($D50:$BC50,"NEPHRO")+COUNTIF($D50:$BC50,"NEPHRO *") | BW50: =COUNTIF($D50:$BC50,"PALLIATIVE")+COUNTIF($D50:$BC50,"PALLIATIVE *") | BX50: =COUNTIF($D50:$BC50,"PLASTIC")+COUNTIF($D50:$BC50,"PLASTIC *") | BY50: =COUNTIF($D50:$BC50,"PULM") | BZ50: =COUNTIF($D50:$BC50,"SICU")+COUNTIF($D50:$BC50,"SICU *") | CA50: =COUNTIF($D50:$BC50,"DERMATOLOGY")+COUNTIF($D50:$BC50,"DERMATOLOGY *") | CB50: =COUNTIF($D50:$BC50,"NEPHRO")+COUNTIF($D50:$BC50,"NEPHRO *") | CC50: =SUM(BQ50:CB50) | CD50: =BP50+CC50
B51: TY | C51: B. To | D51: A | E51: C | F51: C | G51: C | H51: PLASTIC | I51: ICU N | J51: ID | K51: ID | L51: C | M51: C | N51: ED | O51: ED | P51: CLINIC | Q51: CLINIC | R51: ICU | S51: ICU | T51: ED | U51: ED | V51: ICU | W51: VACATION | X51: VACATION | Y51: ID * | Z51: ICU N | AA51: NF | AB51: ID * | AC51: ICU H* | AD51: ICU | AE51: ICU | AF51: ID | AG51: C | AH51: C | AI51: C | AJ51: C | AK51: VACATION | AL51: VACATION | AM51: SWING | AN51: D | AO51: D | AP51: D | AQ51: CLINIC * | AR51: CLINIC | AS51: C | AT51: C | AU51: C | AV51: NF | AW51: ID | AX51: PLASTIC | AY51: PLASTIC | AZ51: ANESTHESIA | BA51: ANESTHESIA | BB51: ANESTHESIA | BC51: ANESTHESIA | BD51: =COUNTIF($D51:$BC51,"CARDIO")+COUNTIF($D51:$BC51,"CARDIO E")+COUNTIF($D51:$BC51,"CARDIO E *")*COUNTIF($D51:$BC51,"CARDIO-HCA")+COUNTIF($D51:$BC51,"CARDIO-HCA*")+COUNTIF($D51:$BC51,"CARDIO-RAM")+COUNTIF($D51:$BC51,"CARDIO-RAM *") | BE51: =COUNTIF($D51:$BC51,"CLINIC")+COUNTIF($D51:$BC51,"CLINIC*")+COUNTIF($D51:$BC51,"INR CLINIC")+COUNTIF($D51:$BC51,"INR CLINIC *")+COUNTIF($D51:$BC51,"URGENT CARE")+COUNTIF($D51:$BC51,"URGENT CARE *") | BF51: =COUNTIF($D51:$BC51,"ED") | BG51: =COUNTIF($D51:$BC51,"A")+COUNTIF($D51:$BC51,"B")+COUNTIF($D51:$BC51,"C")+COUNTIF($D51:$BC51,"D")+COUNTIF($D51:$BC51,"G") | BH51: =COUNTIF($D51:$BC51,"ICU") | BI51: =COUNTIF($D51:$BC51,"ICU E") | BJ51: =COUNTIF($D51:$BC51,"ICU N") | BK51: =COUNTIF($D51:$BC51,"ID")+COUNTIF($D51:$BC51,"ID *") | BL51: =COUNTIF($D51:$BC51,"NEURO")+COUNTIF($D51:$BC51,"NEURO *") | BM51: =COUNTIF($D51:$BC51,"NF") | BN51: =COUNTIF($D51:$BC51,"SWING") | BO51: =COUNTIF($D51:$BC51,"VACATION") | BP51: =SUM(BD51:BO51) | BQ51: =COUNTIF($D51:$BC51,"ANESTHESIA") | BR51: =COUNTIF($D51:$BC51,"GERIATRIC")+COUNTIF($D51:$BC51,"GERIATRIC 2") | BS51: =COUNTIF($D51:$BC51,"GS") | BT51: =COUNTIF($D51:$BC51,"HEM/ONC")+COUNTIF($D51:$BC51,"HEM/ONC *") | BU51: =COUNTIF($D51:$BC51,"IR RADIOLOGY")+COUNTIF($D51:$BC51,"IR RADIOLOGY *") | BV51: =COUNTIF($D51:$BC51,"NEPHRO")+COUNTIF($D51:$BC51,"NEPHRO *") | BW51: =COUNTIF($D51:$BC51,"PALLIATIVE")+COUNTIF($D51:$BC51,"PALLIATIVE *") | BX51: =COUNTIF($D51:$BC51,"PLASTIC")+COUNTIF($D51:$BC51,"PLASTIC *") | BY51: =COUNTIF($D51:$BC51,"PULM") | BZ51: =COUNTIF($D51:$BC51,"SICU")+COUNTIF($D51:$BC51,"SICU *") | CA51: =COUNTIF($D51:$BC51,"DERMATOLOGY")+COUNTIF($D51:$BC51,"DERMATOLOGY *") | CB51: =COUNTIF($D51:$BC51,"NEPHRO")+COUNTIF($D51:$BC51,"NEPHRO *") | CC51: =SUM(BQ51:CB51) | CD51: =BP51+CC51
C52: O. Conde | D52: A | E52: C | F52: C | G52: C | H52: CLINIC * | I52: CLINIC | J52: ICU N | K52: SICU | L52: ED | M52: ED | N52: ED | O52: ED | P52: ICU | Q52: ICU | R52: VACATION | S52: VACATION | T52: B | U52: B | V52: B | W52: B | X52: ID | Y52: ICU | Z52: NF | AA52: ED | AB52: ED | AC52: ICU H* | AD52: C | AE52: ICU N | AF52: ID | AG52: ID | AH52: C | AI52: C | AJ52: C | AK52: ID | AL52: ID | AM52: ICU | AN52: VACATION | AO52: VACATION | AP52: NF | AQ52: NF | AR52: PLASTIC | AS52: B | AT52: B | AU52: B | AV52: PLASTIC | AW52: B | AX52: ICU N | AY52: PLASTIC | AZ52: CLINIC | BA52: CLINIC | BB52: D | BC52: D | BD52: =COUNTIF($D52:$BC52,"CARDIO")+COUNTIF($D52:$BC52,"CARDIO E")+COUNTIF($D52:$BC52,"CARDIO E *")*COUNTIF($D52:$BC52,"CARDIO-HCA")+COUNTIF($D52:$BC52,"CARDIO-HCA*")+COUNTIF($D52:$BC52,"CARDIO-RAM")+COUNTIF($D52:$BC52,"CARDIO-RAM *") | BE52: =COUNTIF($D52:$BC52,"CLINIC")+COUNTIF($D52:$BC52,"CLINIC*")+COUNTIF($D52:$BC52,"INR CLINIC")+COUNTIF($D52:$BC52,"INR CLINIC *")+COUNTIF($D52:$BC52,"URGENT CARE")+COUNTIF($D52:$BC52,"URGENT CARE *") | BF52: =COUNTIF($D52:$BC52,"ED") | BG52: =COUNTIF($D52:$BC52,"A")+COUNTIF($D52:$BC52,"B")+COUNTIF($D52:$BC52,"C")+COUNTIF($D52:$BC52,"D")+COUNTIF($D52:$BC52,"G") | BH52: =COUNTIF($D52:$BC52,"ICU") | BI52: =COUNTIF($D52:$BC52,"ICU E") | BJ52: =COUNTIF($D52:$BC52,"ICU N") | BK52: =COUNTIF($D52:$BC52,"ID")+COUNTIF($D52:$BC52,"ID *") | BL52: =COUNTIF($D52:$BC52,"NEURO")+COUNTIF($D52:$BC52,"NEURO *") | BM52: =COUNTIF($D52:$BC52,"NF") | BN52: =COUNTIF($D52:$BC52,"SWING") | BO52: =COUNTIF($D52:$BC52,"VACATION") | BP52: =SUM(BD52:BO52) | BQ52: =COUNTIF($D52:$BC52,"ANESTHESIA") | BR52: =COUNTIF($D52:$BC52,"GERIATRIC")+COUNTIF($D52:$BC52,"GERIATRIC 2") | BS52: =COUNTIF($D52:$BC52,"GS") | BT52: =COUNTIF($D52:$BC52,"HEM/ONC")+COUNTIF($D52:$BC52,"HEM/ONC *") | BU52: =COUNTIF($D52:$BC52,"IR RADIOLOGY")+COUNTIF($D52:$BC52,"IR RADIOLOGY *") | BV52: =COUNTIF($D52:$BC52,"NEPHRO")+COUNTIF($D52:$BC52,"NEPHRO *") | BW52: =COUNTIF($D52:$BC52,"PALLIATIVE")+COUNTIF($D52:$BC52,"PALLIATIVE *") | BX52: =COUNTIF($D52:$BC52,"PLASTIC")+COUNTIF($D52:$BC52,"PLASTIC *") | BY52: =COUNTIF($D52:$BC52,"PULM") | BZ52: =COUNTIF($D52:$BC52,"SICU")+COUNTIF($D52:$BC52,"SICU *") | CA52: =COUNTIF($D52:$BC52,"DERMATOLOGY")+COUNTIF($D52:$BC52,"DERMATOLOGY *") | CB52: =COUNTIF($D52:$BC52,"NEPHRO")+COUNTIF($D52:$BC52,"NEPHRO *") | CC52: =SUM(BQ52:CB52) | CD52: =BP52+CC52
B53: TY | C53: A. Dereje | D53: ID | E53: ID * | F53: SWING | G53: ID | H53: CLINIC | I53: CLINIC | J53: NF | K53: ED | L53: ED | M53: NF | N53: ED | O53: ED | P53: ICU | Q53: ICU | R53: VACATION | S53: VACATION | T53: B | U53: B | V53: B | W53: B | X53: ID | Y53: D | Z53: B | AA53: B | AB53: PLASTIC | AC53: ICU H | AD53: ICU | AE53: ICU | AF53: CLINIC | AG53: ICU N | AH53: ICU N | AI53: ID * | AJ53: D | AK53: D | AL53: D | AM53: D | AN53: PLASTIC | AO53: SICU | AP53: VACATION | AQ53: VACATION | AR53: NF | AS53: NF | AT53: ID * | AU53: ICU | AV53: PLASTIC | AW53: C | AX53: C | AY53: C | AZ53: CLINIC * | BA53: ID* | BB53: D | BC53: D | BD53: =COUNTIF($D53:$BC53,"CARDIO")+COUNTIF($D53:$BC53,"CARDIO E")+COUNTIF($D53:$BC53,"CARDIO E *")*COUNTIF($D53:$BC53,"CARDIO-HCA")+COUNTIF($D53:$BC53,"CARDIO-HCA*")+COUNTIF($D53:$BC53,"CARDIO-RAM")+COUNTIF($D53:$BC53,"CARDIO-RAM *") | BE53: =COUNTIF($D53:$BC53,"CLINIC")+COUNTIF($D53:$BC53,"CLINIC*")+COUNTIF($D53:$BC53,"INR CLINIC")+COUNTIF($D53:$BC53,"INR CLINIC *")+COUNTIF($D53:$BC53,"URGENT CARE")+COUNTIF($D53:$BC53,"URGENT CARE *") | BF53: =COUNTIF($D53:$BC53,"ED") | BG53: =COUNTIF($D53:$BC53,"A")+COUNTIF($D53:$BC53,"B")+COUNTIF($D53:$BC53,"C")+COUNTIF($D53:$BC53,"D")+COUNTIF($D53:$BC53,"G") | BH53: =COUNTIF($D53:$BC53,"ICU") | BI53: =COUNTIF($D53:$BC53,"ICU E") | BJ53: =COUNTIF($D53:$BC53,"ICU N") | BK53: =COUNTIF($D53:$BC53,"ID")+COUNTIF($D53:$BC53,"ID *") | BL53: =COUNTIF($D53:$BC53,"NEURO")+COUNTIF($D53:$BC53,"NEURO *") | BM53: =COUNTIF($D53:$BC53,"NF") | BN53: =COUNTIF($D53:$BC53,"SWING") | BO53: =COUNTIF($D53:$BC53,"VACATION") | BP53: =SUM(BD53:BO53) | BQ53: =COUNTIF($D53:$BC53,"ANESTHESIA") | BR53: =COUNTIF($D53:$BC53,"GERIATRIC")+COUNTIF($D53:$BC53,"GERIATRIC 2") | BS53: =COUNTIF($D53:$BC53,"GS") | BT53: =COUNTIF($D53:$BC53,"HEM/ONC")+COUNTIF($D53:$BC53,"HEM/ONC *") | BU53: =COUNTIF($D53:$BC53,"IR RADIOLOGY")+COUNTIF($D53:$BC53,"IR RADIOLOGY *") | BV53: =COUNTIF($D53:$BC53,"NEPHRO")+COUNTIF($D53:$BC53,"NEPHRO *") | BW53: =COUNTIF($D53:$BC53,"PALLIATIVE")+COUNTIF($D53:$BC53,"PALLIATIVE *") | BX53: =COUNTIF($D53:$BC53,"PLASTIC")+COUNTIF($D53:$BC53,"PLASTIC *") | BY53: =COUNTIF($D53:$BC53,"PULM") | BZ53: =COUNTIF($D53:$BC53,"SICU")+COUNTIF($D53:$BC53,"SICU *") | CA53: =COUNTIF($D53:$BC53,"DERMATOLOGY")+COUNTIF($D53:$BC53,"DERMATOLOGY *") | CB53: =COUNTIF($D53:$BC53,"NEPHRO")+COUNTIF($D53:$BC53,"NEPHRO *") | CC53: =SUM(BQ53:CB53) | CD53: =BP53+CC53
C54: T. Araujo | D54: D | E54: D | F54: ICU N | G54: ICU N | H54: NEURO | I54: NEURO | J54: NEURO * | K54: NEURO | L54: ICU | M54: ICU | N54: VACATION | O54: VACATION | P54: B | Q54: B | R54: B | S54: B | T54: ED | U54: ED | V54: ED | W54: ED | X54: D | Y54: D | Z54: B | AA54: B | AB54: ED | AC54: ICU H | AD54: C | AE54: ED | AF54: ID * | AG54: B | AH54: B | AI54: B | AJ54: B | AK54: ED | AL54: VACATION | AM54: VACATION | AN54: ED | AO54: C | AP54: C | AQ54: C | AR54: C | AS54: ID * | AT54: NF | AU54: ID * | AV54: B | AW54: B | AX54: B | AY54: B | AZ54: NEURO | BA54: NEURO | BB54: NEURO | BC54: NEURO | BD54: =COUNTIF($D54:$BC54,"CARDIO")+COUNTIF($D54:$BC54,"CARDIO E")+COUNTIF($D54:$BC54,"CARDIO E *")*COUNTIF($D54:$BC54,"CARDIO-HCA")+COUNTIF($D54:$BC54,"CARDIO-HCA*")+COUNTIF($D54:$BC54,"CARDIO-RAM")+COUNTIF($D54:$BC54,"CARDIO-RAM *") | BE54: =COUNTIF($D54:$BC54,"CLINIC")+COUNTIF($D54:$BC54,"CLINIC*")+COUNTIF($D54:$BC54,"INR CLINIC")+COUNTIF($D54:$BC54,"INR CLINIC *")+COUNTIF($D54:$BC54,"URGENT CARE")+COUNTIF($D54:$BC54,"URGENT CARE *") | BF54: =COUNTIF($D54:$BC54,"ED") | BG54: =COUNTIF($D54:$BC54,"A")+COUNTIF($D54:$BC54,"B")+COUNTIF($D54:$BC54,"C")+COUNTIF($D54:$BC54,"D")+COUNTIF($D54:$BC54,"G") | BH54: =COUNTIF($D54:$BC54,"ICU") | BI54: =COUNTIF($D54:$BC54,"ICU E") | BJ54: =COUNTIF($D54:$BC54,"ICU N") | BK54: =COUNTIF($D54:$BC54,"ID")+COUNTIF($D54:$BC54,"ID *") | BL54: =COUNTIF($D54:$BC54,"NEURO")+COUNTIF($D54:$BC54,"NEURO *") | BM54: =COUNTIF($D54:$BC54,"NF") | BN54: =COUNTIF($D54:$BC54,"SWING") | BO54: =COUNTIF($D54:$BC54,"VACATION") | BP54: =SUM(BD54:BO54) | BQ54: =COUNTIF($D54:$BC54,"ANESTHESIA") | BR54: =COUNTIF($D54:$BC54,"GERIATRIC")+COUNTIF($D54:$BC54,"GERIATRIC 2") | BS54: =COUNTIF($D54:$BC54,"GS") | BT54: =COUNTIF($D54:$BC54,"HEM/ONC")+COUNTIF($D54:$BC54,"HEM/ONC *") | BU54: =COUNTIF($D54:$BC54,"IR RADIOLOGY")+COUNTIF($D54:$BC54,"IR RADIOLOGY *") | BV54: =COUNTIF($D54:$BC54,"NEPHRO")+COUNTIF($D54:$BC54,"NEPHRO *") | BW54: =COUNTIF($D54:$BC54,"PALLIATIVE")+COUNTIF($D54:$BC54,"PALLIATIVE *") | BX54: =COUNTIF($D54:$BC54,"PLASTIC")+COUNTIF($D54:$BC54,"PLASTIC *") | BY54: =COUNTIF($D54:$BC54,"PULM") | BZ54: =COUNTIF($D54:$BC54,"SICU")+COUNTIF($D54:$BC54,"SICU *") | CA54: =COUNTIF($D54:$BC54,"DERMATOLOGY")+COUNTIF($D54:$BC54,"DERMATOLOGY *") | CB54: =COUNTIF($D54:$BC54,"NEPHRO")+COUNTIF($D54:$BC54,"NEPHRO *") | CC54: =SUM(BQ54:CB54) | CD54: =BP54+CC54
B55: TY | C55: C. Pandya | D55: D | E55: D | F55: NF | G55: NF | H55: NEURO | I55: NEURO * | J55: NEURO | K55: NEURO * | L55: ICU N | M55: ICU N | N55: VACATION | O55: VACATION | P55: B | Q55: B | R55: B | S55: B | T55: ID * | U55: ED | V55: C | W55: C | X55: C | Y55: C | Z55: ICU | AA55: ICU | AB55: ED | AC55: ICU | AD55: ICU H | AE55: ED | AF55: NF | AG55: NF | AH55: ED | AI55: VACATION | AJ55: VACATION | AK55: B | AL55: B | AM55: ED | AN55: ED | AO55: C | AP55: C | AQ55: C | AR55: C | AS55: ID | AT55: ED | AU55: ED | AV55: D | AW55: D | AX55: B | AY55: B | AZ55: NEURO | BA55: NEURO | BB55: NEURO | BC55: NEURO | BD55: =COUNTIF($D55:$BC55,"CARDIO")+COUNTIF($D55:$BC55,"CARDIO E")+COUNTIF($D55:$BC55,"CARDIO E *")*COUNTIF($D55:$BC55,"CARDIO-HCA")+COUNTIF($D55:$BC55,"CARDIO-HCA*")+COUNTIF($D55:$BC55,"CARDIO-RAM")+COUNTIF($D55:$BC55,"CARDIO-RAM *") | BE55: =COUNTIF($D55:$BC55,"CLINIC")+COUNTIF($D55:$BC55,"CLINIC*")+COUNTIF($D55:$BC55,"INR CLINIC")+COUNTIF($D55:$BC55,"INR CLINIC *")+COUNTIF($D55:$BC55,"URGENT CARE")+COUNTIF($D55:$BC55,"URGENT CARE *") | BF55: =COUNTIF($D55:$BC55,"ED") | BG55: =COUNTIF($D55:$BC55,"A")+COUNTIF($D55:$BC55,"B")+COUNTIF($D55:$BC55,"C")+COUNTIF($D55:$BC55,"D")+COUNTIF($D55:$BC55,"G") | BH55: =COUNTIF($D55:$BC55,"ICU") | BI55: =COUNTIF($D55:$BC55,"ICU E") | BJ55: =COUNTIF($D55:$BC55,"ICU N") | BK55: =COUNTIF($D55:$BC55,"ID")+COUNTIF($D55:$BC55,"ID *") | BL55: =COUNTIF($D55:$BC55,"NEURO")+COUNTIF($D55:$BC55,"NEURO *") | BM55: =COUNTIF($D55:$BC55,"NF") | BN55: =COUNTIF($D55:$BC55,"SWING") | BO55: =COUNTIF($D55:$BC55,"VACATION") | BP55: =SUM(BD55:BO55) | BQ55: =COUNTIF($D55:$BC55,"ANESTHESIA") | BR55: =COUNTIF($D55:$BC55,"GERIATRIC")+COUNTIF($D55:$BC55,"GERIATRIC 2") | BS55: =COUNTIF($D55:$BC55,"GS") | BT55: =COUNTIF($D55:$BC55,"HEM/ONC")+COUNTIF($D55:$BC55,"HEM/ONC *") | BU55: =COUNTIF($D55:$BC55,"IR RADIOLOGY")+COUNTIF($D55:$BC55,"IR RADIOLOGY *") | BV55: =COUNTIF($D55:$BC55,"NEPHRO")+COUNTIF($D55:$BC55,"NEPHRO *") | BW55: =COUNTIF($D55:$BC55,"PALLIATIVE")+COUNTIF($D55:$BC55,"PALLIATIVE *") | BX55: =COUNTIF($D55:$BC55,"PLASTIC")+COUNTIF($D55:$BC55,"PLASTIC *") | BY55: =COUNTIF($D55:$BC55,"PULM") | BZ55: =COUNTIF($D55:$BC55,"SICU")+COUNTIF($D55:$BC55,"SICU *") | CA55: =COUNTIF($D55:$BC55,"DERMATOLOGY")+COUNTIF($D55:$BC55,"DERMATOLOGY *") | CB55: =COUNTIF($D55:$BC55,"NEPHRO")+COUNTIF($D55:$BC55,"NEPHRO *") | CC55: =SUM(BQ55:CB55) | CD55: =BP55+CC55
C56: D. Rente | D56: NEURO * | E56: NEURO | F56: NEURO * | G56: NEURO | H56: ICU N | I56: NF | J56: C | K56: C | L56: ICU | M56: ICU | N56: ED | O56: ED | P56: ED | Q56: A | R56: ED | S56: ED | T56: VACATION | U56: VACATION | V56: C | W56: C | X56: C | Y56: C | Z56: ED | AA56: ICU N | AB56: ED | AC56: ICU H | AD56: ICU N | AE56: B | AF56: ID | AG56: B | AH56: B | AI56: B | AJ56: B | AK56: CARDIO | AL56: NF | AM56: NF | AN56: D | AO56: D | AP56: ID | AQ56: ID | AR56: VACATION | AS56: VACATION | AT56: ED | AU56: A | AV56: A | AW56: A | AX56: A | AY56: ID * | AZ56: NEURO | BA56: NEURO | BB56: NEURO | BC56: NEURO | BD56: =COUNTIF($D56:$BC56,"CARDIO")+COUNTIF($D56:$BC56,"CARDIO E")+COUNTIF($D56:$BC56,"CARDIO E *")*COUNTIF($D56:$BC56,"CARDIO-HCA")+COUNTIF($D56:$BC56,"CARDIO-HCA*")+COUNTIF($D56:$BC56,"CARDIO-RAM")+COUNTIF($D56:$BC56,"CARDIO-RAM *") | BE56: =COUNTIF($D56:$BC56,"CLINIC")+COUNTIF($D56:$BC56,"CLINIC*")+COUNTIF($D56:$BC56,"INR CLINIC")+COUNTIF($D56:$BC56,"INR CLINIC *")+COUNTIF($D56:$BC56,"URGENT CARE")+COUNTIF($D56:$BC56,"URGENT CARE *") | BF56: =COUNTIF($D56:$BC56,"ED") | BG56: =COUNTIF($D56:$BC56,"A")+COUNTIF($D56:$BC56,"B")+COUNTIF($D56:$BC56,"C")+COUNTIF($D56:$BC56,"D")+COUNTIF($D56:$BC56,"G") | BH56: =COUNTIF($D56:$BC56,"ICU") | BI56: =COUNTIF($D56:$BC56,"ICU E") | BJ56: =COUNTIF($D56:$BC56,"ICU N") | BK56: =COUNTIF($D56:$BC56,"ID")+COUNTIF($D56:$BC56,"ID *") | BL56: =COUNTIF($D56:$BC56,"NEURO")+COUNTIF($D56:$BC56,"NEURO *") | BM56: =COUNTIF($D56:$BC56,"NF") | BN56: =COUNTIF($D56:$BC56,"SWING") | BO56: =COUNTIF($D56:$BC56,"VACATION") | BP56: =SUM(BD56:BO56) | BQ56: =COUNTIF($D56:$BC56,"ANESTHESIA") | BR56: =COUNTIF($D56:$BC56,"GERIATRIC")+COUNTIF($D56:$BC56,"GERIATRIC 2") | BS56: =COUNTIF($D56:$BC56,"GS") | BT56: =COUNTIF($D56:$BC56,"HEM/ONC")+COUNTIF($D56:$BC56,"HEM/ONC *") | BU56: =COUNTIF($D56:$BC56,"IR RADIOLOGY")+COUNTIF($D56:$BC56,"IR RADIOLOGY *") | BV56: =COUNTIF($D56:$BC56,"NEPHRO")+COUNTIF($D56:$BC56,"NEPHRO *") | BW56: =COUNTIF($D56:$BC56,"PALLIATIVE")+COUNTIF($D56:$BC56,"PALLIATIVE *") | BX56: =COUNTIF($D56:$BC56,"PLASTIC")+COUNTIF($D56:$BC56,"PLASTIC *") | BY56: =COUNTIF($D56:$BC56,"PULM") | BZ56: =COUNTIF($D56:$BC56,"SICU")+COUNTIF($D56:$BC56,"SICU *") | CA56: =COUNTIF($D56:$BC56,"DERMATOLOGY")+COUNTIF($D56:$BC56,"DERMATOLOGY *") | CB56: =COUNTIF($D56:$BC56,"NEPHRO")+COUNTIF($D56:$BC56,"NEPHRO *") | CC56: =SUM(BQ56:CB56) | CD56: =BP56+CC56
B57: TY | BD57: =COUNTIF($D57:$BC57,"CARDIO")+COUNTIF($D57:$BC57,"CARDIO E")+COUNTIF($D57:$BC57,"CARDIO E *")*COUNTIF($D57:$BC57,"CARDIO-HCA")+COUNTIF($D57:$BC57,"CARDIO-HCA*")+COUNTIF($D57:$BC57,"CARDIO-RAM")+COUNTIF($D57:$BC57,"CARDIO-RAM *") | BE57: =COUNTIF($D57:$BC57,"CLINIC")+COUNTIF($D57:$BC57,"CLINIC*")+COUNTIF($D57:$BC57,"INR CLINIC")+COUNTIF($D57:$BC57,"INR CLINIC *")+COUNTIF($D57:$BC57,"URGENT CARE")+COUNTIF($D57:$BC57,"URGENT CARE *") | BF57: =COUNTIF($D57:$BC57,"ED") | BG57: =COUNTIF($D57:$BC57,"A")+COUNTIF($D57:$BC57,"B")+COUNTIF($D57:$BC57,"C")+COUNTIF($D57:$BC57,"D")+COUNTIF($D57:$BC57,"G") | BH57: =COUNTIF($D57:$BC57,"ICU") | BI57: =COUNTIF($D57:$BC57,"ICU E") | BJ57: =COUNTIF($D57:$BC57,"ICU N") | BK57: =COUNTIF($D57:$BC57,"ID")+COUNTIF($D57:$BC57,"ID *") | BL57: =COUNTIF($D57:$BC57,"NEURO")+COUNTIF($D57:$BC57,"NEURO *") | BM57: =COUNTIF($D57:$BC57,"NF") | BN57: =COUNTIF($D57:$BC57,"SWING") | BO57: =COUNTIF($D57:$BC57,"VACATION") | BP57: =SUM(BD57:BO57) | BQ57: =COUNTIF($D57:$BC57,"ANESTHESIA") | BR57: =COUNTIF($D57:$BC57,"GERIATRIC")+COUNTIF($D57:$BC57,"GERIATRIC 2") | BS57: =COUNTIF($D57:$BC57,"GS") | BT57: =COUNTIF($D57:$BC57,"HEM/ONC")+COUNTIF($D57:$BC57,"HEM/ONC *") | BU57: =COUNTIF($D57:$BC57,"IR RADIOLOGY")+COUNTIF($D57:$BC57,"IR RADIOLOGY *") | BV57: =COUNTIF($D57:$BC57,"NEPHRO")+COUNTIF($D57:$BC57,"NEPHRO *") | BW57: =COUNTIF($D57:$BC57,"PALLIATIVE")+COUNTIF($D57:$BC57,"PALLIATIVE *") | BX57: =COUNTIF($D57:$BC57,"PLASTIC")+COUNTIF($D57:$BC57,"PLASTIC *") | BY57: =COUNTIF($D57:$BC57,"PULM") | BZ57: =COUNTIF($D57:$BC57,"SICU")+COUNTIF($D57:$BC57,"SICU *") | CA57: =COUNTIF($D57:$BC57,"DERMATOLOGY")+COUNTIF($D57:$BC57,"DERMATOLOGY *") | CB57: =COUNTIF($D57:$BC57,"NEPHRO")+COUNTIF($D57:$BC57,"NEPHRO *") | CC57: =SUM(BQ57:CB57) | CD57: =BP57+CC57
BD58: =COUNTIF($D58:$BC58,"CARDIO")+COUNTIF($D58:$BC58,"CARDIO E")+COUNTIF($D58:$BC58,"CARDIO E *")*COUNTIF($D58:$BC58,"CARDIO-HCA")+COUNTIF($D58:$BC58,"CARDIO-HCA*")+COUNTIF($D58:$BC58,"CARDIO-RAM")+COUNTIF($D58:$BC58,"CARDIO-RAM *") | BE58: =COUNTIF($D58:$BC58,"CLINIC")+COUNTIF($D58:$BC58,"CLINIC*")+COUNTIF($D58:$BC58,"INR CLINIC")+COUNTIF($D58:$BC58,"INR CLINIC *")+COUNTIF($D58:$BC58,"URGENT CARE")+COUNTIF($D58:$BC58,"URGENT CARE *") | BF58: =COUNTIF($D58:$BC58,"ED") | BG58: =COUNTIF($D58:$BC58,"A")+COUNTIF($D58:$BC58,"B")+COUNTIF($D58:$BC58,"C")+COUNTIF($D58:$BC58,"D")+COUNTIF($D58:$BC58,"G") | BH58: =COUNTIF($D58:$BC58,"ICU") | BI58: =COUNTIF($D58:$BC58,"ICU E") | BJ58: =COUNTIF($D58:$BC58,"ICU N") | BK58: =COUNTIF($D58:$BC58,"ID")+COUNTIF($D58:$BC58,"ID *") | BL58: =COUNTIF($D58:$BC58,"NEURO")+COUNTIF($D58:$BC58,"NEURO *") | BM58: =COUNTIF($D58:$BC58,"NF") | BN58: =COUNTIF($D58:$BC58,"SWING") | BO58: =COUNTIF($D58:$BC58,"VACATION") | BP58: =SUM(BD58:BO58) | BQ58: =COUNTIF($D58:$BC58,"ANESTHESIA") | BR58: =COUNTIF($D58:$BC58,"GERIATRIC")+COUNTIF($D58:$BC58,"GERIATRIC 2") | BS58: =COUNTIF($D58:$BC58,"GS") | BT58: =COUNTIF($D58:$BC58,"HEM/ONC")+COUNTIF($D58:$BC58,"HEM/ONC *") | BU58: =COUNTIF($D58:$BC58,"IR RADIOLOGY")+COUNTIF($D58:$BC58,"IR RADIOLOGY *") | BV58: =COUNTIF($D58:$BC58,"NEPHRO")+COUNTIF($D58:$BC58,"NEPHRO *") | BW58: =COUNTIF($D58:$BC58,"PALLIATIVE")+COUNTIF($D58:$BC58,"PALLIATIVE *") | BX58: =COUNTIF($D58:$BC58,"PLASTIC")+COUNTIF($D58:$BC58,"PLASTIC *") | BY58: =COUNTIF($D58:$BC58,"PULM") | BZ58: =COUNTIF($D58:$BC58,"SICU")+COUNTIF($D58:$BC58,"SICU *") | CA58: =COUNTIF($D58:$BC58,"DERMATOLOGY")+COUNTIF($D58:$BC58,"DERMATOLOGY *") | CB58: =COUNTIF($D58:$BC58,"NEPHRO")+COUNTIF($D58:$BC58,"NEPHRO *") | CC58: =SUM(BQ58:CB58) | CD58: =BP58+CC58
B59: TY | BD59: =COUNTIF($D59:$BC59,"CARDIO")+COUNTIF($D59:$BC59,"CARDIO E")+COUNTIF($D59:$BC59,"CARDIO E *")*COUNTIF($D59:$BC59,"CARDIO-HCA")+COUNTIF($D59:$BC59,"CARDIO-HCA*")+COUNTIF($D59:$BC59,"CARDIO-RAM")+COUNTIF($D59:$BC59,"CARDIO-RAM *") | BE59: =COUNTIF($D59:$BC59,"CLINIC")+COUNTIF($D59:$BC59,"CLINIC*")+COUNTIF($D59:$BC59,"INR CLINIC")+COUNTIF($D59:$BC59,"INR CLINIC *")+COUNTIF($D59:$BC59,"URGENT CARE")+COUNTIF($D59:$BC59,"URGENT CARE *") | BF59: =COUNTIF($D59:$BC59,"ED") | BG59: =COUNTIF($D59:$BC59,"A")+COUNTIF($D59:$BC59,"B")+COUNTIF($D59:$BC59,"C")+COUNTIF($D59:$BC59,"D")+COUNTIF($D59:$BC59,"G") | BH59: =COUNTIF($D59:$BC59,"ICU") | BI59: =COUNTIF($D59:$BC59,"ICU E") | BJ59: =COUNTIF($D59:$BC59,"ICU N") | BK59: =COUNTIF($D59:$BC59,"ID")+COUNTIF($D59:$BC59,"ID *") | BL59: =COUNTIF($D59:$BC59,"NEURO")+COUNTIF($D59:$BC59,"NEURO *") | BM59: =COUNTIF($D59:$BC59,"NF") | BN59: =COUNTIF($D59:$BC59,"SWING") | BO59: =COUNTIF($D59:$BC59,"VACATION") | BP59: =SUM(BD59:BO59) | BQ59: =COUNTIF($D59:$BC59,"ANESTHESIA") | BR59: =COUNTIF($D59:$BC59,"GERIATRIC")+COUNTIF($D59:$BC59,"GERIATRIC 2") | BS59: =COUNTIF($D59:$BC59,"GS") | BT59: =COUNTIF($D59:$BC59,"HEM/ONC")+COUNTIF($D59:$BC59,"HEM/ONC *") | BU59: =COUNTIF($D59:$BC59,"IR RADIOLOGY")+COUNTIF($D59:$BC59,"IR RADIOLOGY *") | BV59: =COUNTIF($D59:$BC59,"NEPHRO")+COUNTIF($D59:$BC59,"NEPHRO *") | BW59: =COUNTIF($D59:$BC59,"PALLIATIVE")+COUNTIF($D59:$BC59,"PALLIATIVE *") | BX59: =COUNTIF($D59:$BC59,"PLASTIC")+COUNTIF($D59:$BC59,"PLASTIC *") | BY59: =COUNTIF($D59:$BC59,"PULM") | BZ59: =COUNTIF($D59:$BC59,"SICU")+COUNTIF($D59:$BC59,"SICU *") | CA59: =COUNTIF($D59:$BC59,"DERMATOLOGY")+COUNTIF($D59:$BC59,"DERMATOLOGY *") | CB59: =COUNTIF($D59:$BC59,"NEPHRO")+COUNTIF($D59:$BC59,"NEPHRO *") | CC59: =SUM(BQ59:CB59) | CD59: =BP59+CC59
BD60: =COUNTIF($D60:$BC60,"CARDIO")+COUNTIF($D60:$BC60,"CARDIO E")+COUNTIF($D60:$BC60,"CARDIO E *")*COUNTIF($D60:$BC60,"CARDIO-HCA")+COUNTIF($D60:$BC60,"CARDIO-HCA*")+COUNTIF($D60:$BC60,"CARDIO-RAM")+COUNTIF($D60:$BC60,"CARDIO-RAM *") | BE60: =COUNTIF($D60:$BC60,"CLINIC")+COUNTIF($D60:$BC60,"CLINIC*")+COUNTIF($D60:$BC60,"INR CLINIC")+COUNTIF($D60:$BC60,"INR CLINIC *")+COUNTIF($D60:$BC60,"URGENT CARE")+COUNTIF($D60:$BC60,"URGENT CARE *") | BF60: =COUNTIF($D60:$BC60,"ED") | BG60: =COUNTIF($D60:$BC60,"A")+COUNTIF($D60:$BC60,"B")+COUNTIF($D60:$BC60,"C")+COUNTIF($D60:$BC60,"D")+COUNTIF($D60:$BC60,"G") | BH60: =COUNTIF($D60:$BC60,"ICU") | BI60: =COUNTIF($D60:$BC60,"ICU E") | BJ60: =COUNTIF($D60:$BC60,"ICU N") | BK60: =COUNTIF($D60:$BC60,"ID")+COUNTIF($D60:$BC60,"ID *") | BL60: =COUNTIF($D60:$BC60,"NEURO")+COUNTIF($D60:$BC60,"NEURO *") | BM60: =COUNTIF($D60:$BC60,"NF") | BN60: =COUNTIF($D60:$BC60,"SWING") | BO60: =COUNTIF($D60:$BC60,"VACATION") | BP60: =SUM(BD60:BO60) | BQ60: =COUNTIF($D60:$BC60,"ANESTHESIA") | BR60: =COUNTIF($D60:$BC60,"GERIATRIC")+COUNTIF($D60:$BC60,"GERIATRIC 2") | BS60: =COUNTIF($D60:$BC60,"GS") | BT60: =COUNTIF($D60:$BC60,"HEM/ONC")+COUNTIF($D60:$BC60,"HEM/ONC *") | BU60: =COUNTIF($D60:$BC60,"IR RADIOLOGY")+COUNTIF($D60:$BC60,"IR RADIOLOGY *") | BV60: =COUNTIF($D60:$BC60,"NEPHRO")+COUNTIF($D60:$BC60,"NEPHRO *") | BW60: =COUNTIF($D60:$BC60,"PALLIATIVE")+COUNTIF($D60:$BC60,"PALLIATIVE *") | BX60: =COUNTIF($D60:$BC60,"PLASTIC")+COUNTIF($D60:$BC60,"PLASTIC *") | BY60: =COUNTIF($D60:$BC60,"PULM") | BZ60: =COUNTIF($D60:$BC60,"SICU")+COUNTIF($D60:$BC60,"SICU *") | CA60: =COUNTIF($D60:$BC60,"DERMATOLOGY")+COUNTIF($D60:$BC60,"DERMATOLOGY *") | CB60: =COUNTIF($D60:$BC60,"NEPHRO")+COUNTIF($D60:$BC60,"NEPHRO *") | CC60: =SUM(BQ60:CB60) | CD60: =BP60+CC60
BD61: =COUNTIF($D61:$BC61,"CARDIO")+COUNTIF($D61:$BC61,"CARDIO E")+COUNTIF($D61:$BC61,"CARDIO E *")*COUNTIF($D61:$BC61,"CARDIO-HCA")+COUNTIF($D61:$BC61,"CARDIO-HCA*")+COUNTIF($D61:$BC61,"CARDIO-RAM")+COUNTIF($D61:$BC61,"CARDIO-RAM *") | BE61: =COUNTIF($D61:$BC61,"CLINIC")+COUNTIF($D61:$BC61,"CLINIC*")+COUNTIF($D61:$BC61,"INR CLINIC")+COUNTIF($D61:$BC61,"INR CLINIC *")+COUNTIF($D61:$BC61,"URGENT CARE")+COUNTIF($D61:$BC61,"URGENT CARE *") | BF61: =COUNTIF($D61:$BC61,"ED") | BG61: =COUNTIF($D61:$BC61,"A")+COUNTIF($D61:$BC61,"B")+COUNTIF($D61:$BC61,"C")+COUNTIF($D61:$BC61,"D")+COUNTIF($D61:$BC61,"G") | BH61: =COUNTIF($D61:$BC61,"ICU") | BI61: =COUNTIF($D61:$BC61,"ICU E") | BJ61: =COUNTIF($D61:$BC61,"ICU N") | BK61: =COUNTIF($D61:$BC61,"ID")+COUNTIF($D61:$BC61,"ID *") | BL61: =COUNTIF($D61:$BC61,"NEURO")+COUNTIF($D61:$BC61,"NEURO *") | BM61: =COUNTIF($D61:$BC61,"NF") | BN61: =COUNTIF($D61:$BC61,"SWING") | BO61: =COUNTIF($D61:$BC61,"VACATION") | BP61: =SUM(BD61:BO61) | BQ61: =COUNTIF($D61:$BC61,"ANESTHESIA") | BR61: =COUNTIF($D61:$BC61,"GERIATRIC")+COUNTIF($D61:$BC61,"GERIATRIC 2") | BS61: =COUNTIF($D61:$BC61,"GS") | BT61: =COUNTIF($D61:$BC61,"HEM/ONC")+COUNTIF($D61:$BC61,"HEM/ONC *") | BU61: =COUNTIF($D61:$BC61,"IR RADIOLOGY")+COUNTIF($D61:$BC61,"IR RADIOLOGY *") | BV61: =COUNTIF($D61:$BC61,"NEPHRO")+COUNTIF($D61:$BC61,"NEPHRO *") | BW61: =COUNTIF($D61:$BC61,"PALLIATIVE")+COUNTIF($D61:$BC61,"PALLIATIVE *") | BX61: =COUNTIF($D61:$BC61,"PLASTIC")+COUNTIF($D61:$BC61,"PLASTIC *") | BY61: =COUNTIF($D61:$BC61,"PULM") | BZ61: =COUNTIF($D61:$BC61,"SICU")+COUNTIF($D61:$BC61,"SICU *") | CA61: =COUNTIF($D61:$BC61,"DERMATOLOGY")+COUNTIF($D61:$BC61,"DERMATOLOGY *") | CB61: =COUNTIF($D61:$BC61,"NEPHRO")+COUNTIF($D61:$BC61,"NEPHRO *") | CC61: =SUM(BQ61:CB61) | CD61: =BP61+CC61

Sheet Sheet2

Sheet Sheet4

Sheet CATEGORY
C2: DROP DOWN LIST - DO NOT CHANGE | E2: ELECTIVE CATEGORY | G2: GROUPED REQUIRED CATEGORY
C3: A
C4: ANESTHESIA *
C5: ANESTHESIA | G5: CARDIO*
C6: B | E6: ANESTHESIA | G6: CARDIO
C7: C | E7: ED | G7: CARDIO E
C8: CARDIO*
C9: CARDIO | E9: GERIATRIC | G9: CARDIO E *
C10: CARDIO E | E10: GERIATRIC 2 | G10: CARDIO-HCA
C11: CARDIO E * | E11: GS | G11: CARDIO-HCA *
C12: CARDIO-HCA | E12: HEM/ONC | G12: CARDIO-RAM
C13: CARDIO-HCA * | E13: HEM/ONC * | G13: CARDIO-RAM *
C14: CARDIO-RAM | E14: PAIN MANAGEMENT
C15: CARDIO-RAM * | E15: PAIN MANEGMENT * | G15: CLINIC | H15: CLINIC
C16: CLINIC | E16: RHEUMA | G16: CLINIC *
C17: CLINIC * | E17: RHEUMA * | G17: PALLIATIVE
C18: D | E18: ENDO | G18: PALLIATIVE *
C19: ED | E19: ENDO * | G19: URGENT CARE
C20: G | E20: PLASTIC | G20: URGENT CARE *
C21: GERIATRIC | E21: PULM
C22: GERIATRIC 2 | E22: SICU | G22: A | H22: FLOORS
C23: GS | E23: DERMATOLOGY | G23: B
C24: HEM/ONC | G24: C
C25: HEM/ONC * | G25: D
C26: ICU | G26: G
C27: ICU E
C28: ICU N | G28: ID | H28: ID
C29: ID | G29: ID *
C30: ID *
C31: ENDO | G31: NEURO | H31: NEURO
C32: ENDO * | G32: NEURO *
C33: PAIN MANAGEMENT
C34: PAIN MANAGEMENT *
C35: NEPHRO
C36: NEPHRO *
C37: NEURO
C38: NEURO *
C39: NF
C40: PALLIATIVE
C41: PALLIATIVE *
C42: PLASTIC
C43: PULM
C44: SICU
... C55: PULM *

Sheet Sheet1

Sheet RESIDENTS
A1: ResidentName | B1: PGY | C1: IsSenior | D1: IsIntern | E1: IsTY | F1: CohortId | G1: Track | H1: Notes | I1: ScheduleRow
A2: B. Perez | B2: PGY2 | C2: Y | D2: N | E2: N | F2: Cohort 1 | I2: 4
A3: L. Duarte | B3: PGY2 | C3: Y | D3: N | E3: N | F3: Cohort 1 | I3: 5
A4: M. Garcia | B4: PGY3 | C4: Y | D4: N | E4: N | F4: Cohort 1 | I4: 6
A5: D. Cano | B5: PGY3 | C5: Y | D5: N | E5: N | F5: Cohort 1 | I5: 7
A6: J. Melendez | B6: PGY3 | C6: Y | D6: N | E6: N | F6: Cohort 1 | I6: 8
A7: C. Correa | B7: PGY3 | C7: Y | D7: N | E7: N | F7: Cohort 1 | I7: 9
A8: L. Diaz-Fajardo | B8: PGY3 | C8: Y | D8: N | E8: N | F8: Cohort 1 | I8: 10
A9: J. Garcia-Blaya | B9: PGY3 | C9: Y | D9: N | E9: N | F9: Cohort 1 | I9: 11
A10: J. Jhooty | B10: PGY2 | C10: Y | D10: N | E10: N | F10: Cohort 2 | I10: 12
A11: M. Artavia | B11: PGY2 | C11: Y | D11: N | E11: N | F11: Cohort 2 | I11: 13
A12: M. Delgadillo | B12: PGY2 | C12: Y | D12: N | E12: N | F12: Cohort 2 | I12: 14
A13: K. Gonzalez | B13: PGY2 | C13: Y | D13: N | E13: N | F13: Cohort 2 | I13: 15
... A44: A. Lopez | B44: PGY3 | C44: Y | D44: N | E44: N | F44: Cohort 5 | I44: 46
A45: J. Kourkoumelis | B45: TY | C45: N | D45: Y | E45: Y | I45: 49
A46: F. Mendez | B46: TY | C46: N | D46: Y | E46: Y | I46: 50
A47: B. To | B47: TY | C47: N | D47: Y | E47: Y | I47: 51
A48: O. Conde | B48: TY | C48: N | D48: Y | E48: Y | I48: 52
A49: A. Dereje | B49: TY | C49: N | D49: Y | E49: Y | I49: 53
A50: T. Araujo | B50: TY | C50: N | D50: Y | E50: Y | I50: 54
A51: C. Pandya | B51: TY | C51: N | D51: Y | E51: Y | I51: 55
A52: D. Rente | B52: TY | C52: N | D52: Y | E52: Y | I52: 56

Sheet REQUIREMENTS_TARGETS
A1: PGY | B1: Category | C1: RequiredWeeks | D1: MinWeeks | E1: MaxWeeks | F1: Notes
A2: PGY1 | B2: ICU | C2: 8 | F2: Day + Night combined
A3: PGY1 | B3: FLOORS | C3: 20 | F3: A/B/C/D/G + NF +/- Swing
A4: PGY1 | B4: CLINIC | C4: 14
A5: PGY1 | B5: CARDIO | C5: 2
A6: PGY1 | B6: ID | C6: 2
A7: PGY1 | B7: ED | C7: 2
A8: PGY1 | B8: VACATION | C8: 4
A9: PGY2 | B9: ICU | C9: 8
A10: PGY2 | B10: FLOORS | C10: 16
A11: PGY2 | B11: CLINIC | C11: 14
A12: PGY2 | B12: CARDIO | C12: 4
A13: PGY2 | B13: ID | C13: 2
A14: PGY2 | B14: ED | C14: 2
A15: PGY2 | B15: NEURO | C15: 2
... A21: TY | B21: FLOORS | C21: 20
A22: TY | B22: CLINIC | C22: 4 | F22: TY clinic lighter
A23: TY | B23: ID | C23: 2
A24: TY | B24: ED | C24: 2
A25: TY | B25: VACATION | C25: 4

Sheet VACATION_REQUESTS
A1: ResidentName | B1: PGY | C1: RequestType | D1: StartWeekNumber | E1: LengthWeeks | F1: Priority | G1: HardLock | H1: Comments

Sheet COVERAGE_RULES
A1: RotationPool | B1: RequiredPerWeek | C1: SeniorNeededPerUnit | D1: InternNeededPerUnit | E1: Notes
A2: FLOOR_A | B2: 1 | C2: 1 | D2: 2 | E2: 1 senior + 2 interns per week
A3: FLOOR_B | B3: 1 | C3: 1 | D3: 2 | E3: 1 senior + 2 interns per week
A4: FLOOR_C | B4: 1 | C4: 1 | D4: 2 | E4: 1 senior + 2 interns per week
A5: FLOOR_D | B5: 1 | C5: 1 | D5: 2 | E5: 1 senior + 2 interns per week
A6: ICU_DAY | B6: 1 | C6: 2 | D6: 2 | E6: 2 seniors + 2 interns per week
A7: NF | B7: 1 | C7: 1 | D7: 1 | E7: 1 senior + 1 intern per week
A8: ICU_NIGHT | B8: 1 | C8: 1 | D8: 1 | E8: 1 senior + 1 intern per week
A9: SWING | B9: 1 | C9: 1 | D9: 0 | E9: 1 senior, no intern
A10: TEAM_G | B10: 0 | C10: 1 | D10: 0 | E10: Optional; seniors only; 0 required

Sheet COHORTS
A1: CohortId | B1: ClinicWeekPattern | C1: TargetInternCount | D1: Notes
A2: Cohort 1 | B2: 1,6,11,16,21,28,33,38,43,48,51 | D2: Derived from current schedule
A3: Cohort 2 | B3: 2,7,12,17,22,29,34,39,44,49 | D3: Derived from current schedule
A4: Cohort 3 | B4: 3,8,13,18,23,30,35,40,45,50 | D4: Derived from current schedule
A5: Cohort 4 | B5: 4,9,14,19,24,31,36,41,46 | D5: Derived from current schedule
A6: Cohort 5 | B6: 5,10,15,20,25,32,37,47,52 | D6: Derived from current schedule

Sheet PROGRESS
A1: Resident | B1: PGY | C1: ScheduleRow | D1: Category | E1: Required | F1: Completed | G1: Remaining | H1: Flags
A2: B. Perez | B2: PGY2 | C2: 4 | D2: ICU | E2: 8 | F2: =SCHEDULE!BH4 | G2: =MAX(0, E2-F2) | H2: =IF(G2>0,"DEFICIT","")
A3: B. Perez | B3: PGY2 | C3: 4 | D3: FLOORS | E3: 16 | F3: =SCHEDULE!BG4 | G3: =MAX(0, E3-F3) | H3: =IF(G3>0,"DEFICIT","")
A4: B. Perez | B4: PGY2 | C4: 4 | D4: CLINIC | E4: 14 | F4: =SCHEDULE!BE4 | G4: =MAX(0, E4-F4) | H4: =IF(G4>0,"DEFICIT","")
A5: B. Perez | B5: PGY2 | C5: 4 | D5: CARDIO | E5: 4 | F5: =SCHEDULE!BD4 | G5: =MAX(0, E5-F5) | H5: =IF(G5>0,"DEFICIT","")
A6: B. Perez | B6: PGY2 | C6: 4 | D6: ID | E6: 2 | F6: =SCHEDULE!BK4 | G6: =MAX(0, E6-F6) | H6: =IF(G6>0,"DEFICIT","")
A7: B. Perez | B7: PGY2 | C7: 4 | D7: ED | E7: 2 | F7: =SCHEDULE!BF4 | G7: =MAX(0, E7-F7) | H7: =IF(G7>0,"DEFICIT","")
A8: B. Perez | B8: PGY2 | C8: 4 | D8: NEURO | E8: 2 | F8: =SCHEDULE!BL4 | G8: =MAX(0, E8-F8) | H8: =IF(G8>0,"DEFICIT","")
A9: B. Perez | B9: PGY2 | C9: 4 | D9: VACATION | E9: 4 | F9: =SCHEDULE!BO4 | G9: =MAX(0, E9-F9) | H9: =IF(G9>0,"DEFICIT","")
A10: L. Duarte | B10: PGY2 | C10: 5 | D10: ICU | E10: 8 | F10: =SCHEDULE!BH5 | G10: =MAX(0, E10-F10) | H10: =IF(G10>0,"DEFICIT","")
A11: L. Duarte | B11: PGY2 | C11: 5 | D11: FLOORS | E11: 16 | F11: =SCHEDULE!BG5 | G11: =MAX(0, E11-F11) | H11: =IF(G11>0,"DEFICIT","")
A12: L. Duarte | B12: PGY2 | C12: 5 | D12: CLINIC | E12: 14 | F12: =SCHEDULE!BE5 | G12: =MAX(0, E12-F12) | H12: =IF(G12>0,"DEFICIT","")
A13: L. Duarte | B13: PGY2 | C13: 5 | D13: CARDIO | E13: 4 | F13: =SCHEDULE!BD5 | G13: =MAX(0, E13-F13) | H13: =IF(G13>0,"DEFICIT","")
A14: L. Duarte | B14: PGY2 | C14: 5 | D14: ID | E14: 2 | F14: =SCHEDULE!BK5 | G14: =MAX(0, E14-F14) | H14: =IF(G14>0,"DEFICIT","")
A15: L. Duarte | B15: PGY2 | C15: 5 | D15: ED | E15: 2 | F15: =SCHEDULE!BF5 | G15: =MAX(0, E15-F15) | H15: =IF(G15>0,"DEFICIT","")
A16: L. Duarte | B16: PGY2 | C16: 5 | D16: NEURO | E16: 2 | F16: =SCHEDULE!BL5 | G16: =MAX(0, E16-F16) | H16: =IF(G16>0,"DEFICIT","")
A17: L. Duarte | B17: PGY2 | C17: 5 | D17: VACATION | E17: 4 | F17: =SCHEDULE!BO5 | G17: =MAX(0, E17-F17) | H17: =IF(G17>0,"DEFICIT","")
A18: M. Garcia | B18: PGY3 | C18: 6 | D18: FLOORS | E18: 16 | F18: =SCHEDULE!BG6 | G18: =MAX(0, E18-F18) | H18: =IF(G18>0,"DEFICIT","")
A19: M. Garcia | B19: PGY3 | C19: 6 | D19: CLINIC | E19: 14 | F19: =SCHEDULE!BE6 | G19: =MAX(0, E19-F19) | H19: =IF(G19>0,"DEFICIT","")
A20: M. Garcia | B20: PGY3 | C20: 6 | D20: VACATION | E20: 4 | F20: =SCHEDULE!BO6 | G20: =MAX(0, E20-F20) | H20: =IF(G20>0,"DEFICIT","")
A21: D. Cano | B21: PGY3 | C21: 7 | D21: FLOORS | E21: 16 | F21: =SCHEDULE!BG7 | G21: =MAX(0, E21-F21) | H21: =IF(G21>0,"DEFICIT","")
A22: D. Cano | B22: PGY3 | C22: 7 | D22: CLINIC | E22: 14 | F22: =SCHEDULE!BE7 | G22: =MAX(0, E22-F22) | H22: =IF(G22>0,"DEFICIT","")
A23: D. Cano | B23: PGY3 | C23: 7 | D23: VACATION | E23: 4 | F23: =SCHEDULE!BO7 | G23: =MAX(0, E23-F23) | H23: =IF(G23>0,"DEFICIT","")
A24: J. Melendez | B24: PGY3 | C24: 8 | D24: FLOORS | E24: 16 | F24: =SCHEDULE!BG8 | G24: =MAX(0, E24-F24) | H24: =IF(G24>0,"DEFICIT","")
A25: J. Melendez | B25: PGY3 | C25: 8 | D25: CLINIC | E25: 14 | F25: =SCHEDULE!BE8 | G25: =MAX(0, E25-F25) | H25: =IF(G25>0,"DEFICIT","")
A26: J. Melendez | B26: PGY3 | C26: 8 | D26: VACATION | E26: 4 | F26: =SCHEDULE!BO8 | G26: =MAX(0, E26-F26) | H26: =IF(G26>0,"DEFICIT","")
A27: C. Correa | B27: PGY3 | C27: 9 | D27: FLOORS | E27: 16 | F27: =SCHEDULE!BG9 | G27: =MAX(0, E27-F27) | H27: =IF(G27>0,"DEFICIT","")
A28: C. Correa | B28: PGY3 | C28: 9 | D28: CLINIC | E28: 14 | F28: =SCHEDULE!BE9 | G28: =MAX(0, E28-F28) | H28: =IF(G28>0,"DEFICIT","")
A29: C. Correa | B29: PGY3 | C29: 9 | D29: VACATION | E29: 4 | F29: =SCHEDULE!BO9 | G29: =MAX(0, E29-F29) | H29: =IF(G29>0,"DEFICIT","")
A30: L. Diaz-Fajardo | B30: PGY3 | C30: 10 | D30: FLOORS | E30: 16 | F30: =SCHEDULE!BG10 | G30: =MAX(0, E30-F30) | H30: =IF(G30>0,"DEFICIT","")
A31: L. Diaz-Fajardo | B31: PGY3 | C31: 10 | D31: CLINIC | E31: 14 | F31: =SCHEDULE!BE10 | G31: =MAX(0, E31-F31) | H31: =IF(G31>0,"DEFICIT","")
A32: L. Diaz-Fajardo | B32: PGY3 | C32: 10 | D32: VACATION | E32: 4 | F32: =SCHEDULE!BO10 | G32: =MAX(0, E32-F32) | H32: =IF(G32>0,"DEFICIT","")
A33: J. Garcia-Blaya | B33: PGY3 | C33: 11 | D33: FLOORS | E33: 16 | F33: =SCHEDULE!BG11 | G33: =MAX(0, E33-F33) | H33: =IF(G33>0,"DEFICIT","")
A34: J. Garcia-Blaya | B34: PGY3 | C34: 11 | D34: CLINIC | E34: 14 | F34: =SCHEDULE!BE11 | G34: =MAX(0, E34-F34) | H34: =IF(G34>0,"DEFICIT","")
A35: J. Garcia-Blaya | B35: PGY3 | C35: 11 | D35: VACATION | E35: 4 | F35: =SCHEDULE!BO11 | G35: =MAX(0, E35-F35) | H35: =IF(G35>0,"DEFICIT","")
A36: J. Jhooty | B36: PGY2 | C36: 12 | D36: ICU | E36: 8 | F36: =SCHEDULE!BH12 | G36: =MAX(0, E36-F36) | H36: =IF(G36>0,"DEFICIT","")
A37: J. Jhooty | B37: PGY2 | C37: 12 | D37: FLOORS | E37: 16 | F37: =SCHEDULE!BG12 | G37: =MAX(0, E37-F37) | H37: =IF(G37>0,"DEFICIT","")
A38: J. Jhooty | B38: PGY2 | C38: 12 | D38: CLINIC | E38: 14 | F38: =SCHEDULE!BE12 | G38: =MAX(0, E38-F38) | H38: =IF(G38>0,"DEFICIT","")
A39: J. Jhooty | B39: PGY2 | C39: 12 | D39: CARDIO | E39: 4 | F39: =SCHEDULE!BD12 | G39: =MAX(0, E39-F39) | H39: =IF(G39>0,"DEFICIT","")
A40: J. Jhooty | B40: PGY2 | C40: 12 | D40: ID | E40: 2 | F40: =SCHEDULE!BK12 | G40: =MAX(0, E40-F40) | H40: =IF(G40>0,"DEFICIT","")
A41: J. Jhooty | B41: PGY2 | C41: 12 | D41: ED | E41: 2 | F41: =SCHEDULE!BF12 | G41: =MAX(0, E41-F41) | H41: =IF(G41>0,"DEFICIT","")
A42: J. Jhooty | B42: PGY2 | C42: 12 | D42: NEURO | E42: 2 | F42: =SCHEDULE!BL12 | G42: =MAX(0, E42-F42) | H42: =IF(G42>0,"DEFICIT","")
A43: J. Jhooty | B43: PGY2 | C43: 12 | D43: VACATION | E43: 4 | F43: =SCHEDULE!BO12 | G43: =MAX(0, E43-F43) | H43: =IF(G43>0,"DEFICIT","")
A44: M. Artavia | B44: PGY2 | C44: 13 | D44: ICU | E44: 8 | F44: =SCHEDULE!BH13 | G44: =MAX(0, E44-F44) | H44: =IF(G44>0,"DEFICIT","")
A45: M. Artavia | B45: PGY2 | C45: 13 | D45: FLOORS | E45: 16 | F45: =SCHEDULE!BG13 | G45: =MAX(0, E45-F45) | H45: =IF(G45>0,"DEFICIT","")
A46: M. Artavia | B46: PGY2 | C46: 13 | D46: CLINIC | E46: 14 | F46: =SCHEDULE!BE13 | G46: =MAX(0, E46-F46) | H46: =IF(G46>0,"DEFICIT","")
A47: M. Artavia | B47: PGY2 | C47: 13 | D47: CARDIO | E47: 4 | F47: =SCHEDULE!BD13 | G47: =MAX(0, E47-F47) | H47: =IF(G47>0,"DEFICIT","")
A48: M. Artavia | B48: PGY2 | C48: 13 | D48: ID | E48: 2 | F48: =SCHEDULE!BK13 | G48: =MAX(0, E48-F48) | H48: =IF(G48>0,"DEFICIT","")
A49: M. Artavia | B49: PGY2 | C49: 13 | D49: ED | E49: 2 | F49: =SCHEDULE!BF13 | G49: =MAX(0, E49-F49) | H49: =IF(G49>0,"DEFICIT","")
A50: M. Artavia | B50: PGY2 | C50: 13 | D50: NEURO | E50: 2 | F50: =SCHEDULE!BL13 | G50: =MAX(0, E50-F50) | H50: =IF(G50>0,"DEFICIT","")
A51: M. Artavia | B51: PGY2 | C51: 13 | D51: VACATION | E51: 4 | F51: =SCHEDULE!BO13 | G51: =MAX(0, E51-F51) | H51: =IF(G51>0,"DEFICIT","")
A52: M. Delgadillo | B52: PGY2 | C52: 14 | D52: ICU | E52: 8 | F52: =SCHEDULE!BH14 | G52: =MAX(0, E52-F52) | H52: =IF(G52>0,"DEFICIT","")
A53: M. Delgadillo | B53: PGY2 | C53: 14 | D53: FLOORS | E53: 16 | F53: =SCHEDULE!BG14 | G53: =MAX(0, E53-F53) | H53: =IF(G53>0,"DEFICIT","")
A54: M. Delgadillo | B54: PGY2 | C54: 14 | D54: CLINIC | E54: 14 | F54: =SCHEDULE!BE14 | G54: =MAX(0, E54-F54) | H54: =IF(G54>0,"DEFICIT","")
A55: M. Delgadillo | B55: PGY2 | C55: 14 | D55: CARDIO | E55: 4 | F55: =SCHEDULE!BD14 | G55: =MAX(0, E55-F55) | H55: =IF(G55>0,"DEFICIT","")
A56: M. Delgadillo | B56: PGY2 | C56: 14 | D56: ID | E56: 2 | F56: =SCHEDULE!BK14 | G56: =MAX(0, E56-F56) | H56: =IF(G56>0,"DEFICIT","")
A57: M. Delgadillo | B57: PGY2 | C57: 14 | D57: ED | E57: 2 | F57: =SCHEDULE!BF14 | G57: =MAX(0, E57-F57) | H57: =IF(G57>0,"DEFICIT","")
A58: M. Delgadillo | B58: PGY2 | C58: 14 | D58: NEURO | E58: 2 | F58: =SCHEDULE!BL14 | G58: =MAX(0, E58-F58) | H58: =IF(G58>0,"DEFICIT","")
A59: M. Delgadillo | B59: PGY2 | C59: 14 | D59: VACATION | E59: 4 | F59: =SCHEDULE!BO14 | G59: =MAX(0, E59-F59) | H59: =IF(G59>0,"DEFICIT","")
A60: K. Gonzalez | B60: PGY2 | C60: 15 | D60: ICU | E60: 8 | F60: =SCHEDULE!BH15 | G60: =MAX(0, E60-F60) | H60: =IF(G60>0,"DEFICIT","")
A61: K. Gonzalez | B61: PGY2 | C61: 15 | D61: FLOORS | E61: 16 | F61: =SCHEDULE!BG15 | G61: =MAX(0, E61-F61) | H61: =IF(G61>0,"DEFICIT","")
A62: K. Gonzalez | B62: PGY2 | C62: 15 | D62: CLINIC | E62: 14 | F62: =SCHEDULE!BE15 | G62: =MAX(0, E62-F62) | H62: =IF(G62>0,"DEFICIT","")
A63: K. Gonzalez | B63: PGY2 | C63: 15 | D63: CARDIO | E63: 4 | F63: =SCHEDULE!BD15 | G63: =MAX(0, E63-F63) | H63: =IF(G63>0,"DEFICIT","")
A64: K. Gonzalez | B64: PGY2 | C64: 15 | D64: ID | E64: 2 | F64: =SCHEDULE!BK15 | G64: =MAX(0, E64-F64) | H64: =IF(G64>0,"DEFICIT","")
A65: K. Gonzalez | B65: PGY2 | C65: 15 | D65: ED | E65: 2 | F65: =SCHEDULE!BF15 | G65: =MAX(0, E65-F65) | H65: =IF(G65>0,"DEFICIT","")
A66: K. Gonzalez | B66: PGY2 | C66: 15 | D66: NEURO | E66: 2 | F66: =SCHEDULE!BL15 | G66: =MAX(0, E66-F66) | H66: =IF(G66>0,"DEFICIT","")
A67: K. Gonzalez | B67: PGY2 | C67: 15 | D67: VACATION | E67: 4 | F67: =SCHEDULE!BO15 | G67: =MAX(0, E67-F67) | H67: =IF(G67>0,"DEFICIT","")
A68: C. Ayala | B68: PGY3 | C68: 16 | D68: FLOORS | E68: 16 | F68: =SCHEDULE!BG16 | G68: =MAX(0, E68-F68) | H68: =IF(G68>0,"DEFICIT","")
A69: C. Ayala | B69: PGY3 | C69: 16 | D69: CLINIC | E69: 14 | F69: =SCHEDULE!BE16 | G69: =MAX(0, E69-F69) | H69: =IF(G69>0,"DEFICIT","")
A70: C. Ayala | B70: PGY3 | C70: 16 | D70: VACATION | E70: 4 | F70: =SCHEDULE!BO16 | G70: =MAX(0, E70-F70) | H70: =IF(G70>0,"DEFICIT","")
A71: K. Vallejo | B71: PGY3 | C71: 17 | D71: FLOORS | E71: 16 | F71: =SCHEDULE!BG17 | G71: =MAX(0, E71-F71) | H71: =IF(G71>0,"DEFICIT","")
A72: K. Vallejo | B72: PGY3 | C72: 17 | D72: CLINIC | E72: 14 | F72: =SCHEDULE!BE17 | G72: =MAX(0, E72-F72) | H72: =IF(G72>0,"DEFICIT","")
A73: K. Vallejo | B73: PGY3 | C73: 17 | D73: VACATION | E73: 4 | F73: =SCHEDULE!BO17 | G73: =MAX(0, E73-F73) | H73: =IF(G73>0,"DEFICIT","")
A74: A. Silva | B74: PGY3 | C74: 18 | D74: FLOORS | E74: 16 | F74: =SCHEDULE!BG18 | G74: =MAX(0, E74-F74) | H74: =IF(G74>0,"DEFICIT","")
A75: A. Silva | B75: PGY3 | C75: 18 | D75: CLINIC | E75: 14 | F75: =SCHEDULE!BE18 | G75: =MAX(0, E75-F75) | H75: =IF(G75>0,"DEFICIT","")
A76: A. Silva | B76: PGY3 | C76: 18 | D76: VACATION | E76: 4 | F76: =SCHEDULE!BO18 | G76: =MAX(0, E76-F76) | H76: =IF(G76>0,"DEFICIT","")
A77: F. Monefeldt | B77: PGY3 | C77: 19 | D77: FLOORS | E77: 16 | F77: =SCHEDULE!BG19 | G77: =MAX(0, E77-F77) | H77: =IF(G77>0,"DEFICIT","")
A78: F. Monefeldt | B78: PGY3 | C78: 19 | D78: CLINIC | E78: 14 | F78: =SCHEDULE!BE19 | G78: =MAX(0, E78-F78) | H78: =IF(G78>0,"DEFICIT","")
A79: F. Monefeldt | B79: PGY3 | C79: 19 | D79: VACATION | E79: 4 | F79: =SCHEDULE!BO19 | G79: =MAX(0, E79-F79) | H79: =IF(G79>0,"DEFICIT","")
A80: M. Cruz | B80: PGY2 | C80: 20 | D80: ICU | E80: 8 | F80: =SCHEDULE!BH20 | G80: =MAX(0, E80-F80) | H80: =IF(G80>0,"DEFICIT","")
A81: M. Cruz | B81: PGY2 | C81: 20 | D81: FLOORS | E81: 16 | F81: =SCHEDULE!BG20 | G81: =MAX(0, E81-F81) | H81: =IF(G81>0,"DEFICIT","")
A82: M. Cruz | B82: PGY2 | C82: 20 | D82: CLINIC | E82: 14 | F82: =SCHEDULE!BE20 | G82: =MAX(0, E82-F82) | H82: =IF(G82>0,"DEFICIT","")
A83: M. Cruz | B83: PGY2 | C83: 20 | D83: CARDIO | E83: 4 | F83: =SCHEDULE!BD20 | G83: =MAX(0, E83-F83) | H83: =IF(G83>0,"DEFICIT","")
A84: M. Cruz | B84: PGY2 | C84: 20 | D84: ID | E84: 2 | F84: =SCHEDULE!BK20 | G84: =MAX(0, E84-F84) | H84: =IF(G84>0,"DEFICIT","")
A85: M. Cruz | B85: PGY2 | C85: 20 | D85: ED | E85: 2 | F85: =SCHEDULE!BF20 | G85: =MAX(0, E85-F85) | H85: =IF(G85>0,"DEFICIT","")
A86: M. Cruz | B86: PGY2 | C86: 20 | D86: NEURO | E86: 2 | F86: =SCHEDULE!BL20 | G86: =MAX(0, E86-F86) | H86: =IF(G86>0,"DEFICIT","")
A87: M. Cruz | B87: PGY2 | C87: 20 | D87: VACATION | E87: 4 | F87: =SCHEDULE!BO20 | G87: =MAX(0, E87-F87) | H87: =IF(G87>0,"DEFICIT","")
A88: I. Estrada | B88: PGY2 | C88: 21 | D88: ICU | E88: 8 | F88: =SCHEDULE!BH21 | G88: =MAX(0, E88-F88) | H88: =IF(G88>0,"DEFICIT","")
A89: I. Estrada | B89: PGY2 | C89: 21 | D89: FLOORS | E89: 16 | F89: =SCHEDULE!BG21 | G89: =MAX(0, E89-F89) | H89: =IF(G89>0,"DEFICIT","")
A90: I. Estrada | B90: PGY2 | C90: 21 | D90: CLINIC | E90: 14 | F90: =SCHEDULE!BE21 | G90: =MAX(0, E90-F90) | H90: =IF(G90>0,"DEFICIT","")
A91: I. Estrada | B91: PGY2 | C91: 21 | D91: CARDIO | E91: 4 | F91: =SCHEDULE!BD21 | G91: =MAX(0, E91-F91) | H91: =IF(G91>0,"DEFICIT","")
A92: I. Estrada | B92: PGY2 | C92: 21 | D92: ID | E92: 2 | F92: =SCHEDULE!BK21 | G92: =MAX(0, E92-F92) | H92: =IF(G92>0,"DEFICIT","")
A93: I. Estrada | B93: PGY2 | C93: 21 | D93: ED | E93: 2 | F93: =SCHEDULE!BF21 | G93: =MAX(0, E93-F93) | H93: =IF(G93>0,"DEFICIT","")
A94: I. Estrada | B94: PGY2 | C94: 21 | D94: NEURO | E94: 2 | F94: =SCHEDULE!BL21 | G94: =MAX(0, E94-F94) | H94: =IF(G94>0,"DEFICIT","")
A95: I. Estrada | B95: PGY2 | C95: 21 | D95: VACATION | E95: 4 | F95: =SCHEDULE!BO21 | G95: =MAX(0, E95-F95) | H95: =IF(G95>0,"DEFICIT","")
A96: J. Cabrera | B96: PGY3 | C96: 22 | D96: FLOORS | E96: 16 | F96: =SCHEDULE!BG22 | G96: =MAX(0, E96-F96) | H96: =IF(G96>0,"DEFICIT","")
A97: J. Cabrera | B97: PGY3 | C97: 22 | D97: CLINIC | E97: 14 | F97: =SCHEDULE!BE22 | G97: =MAX(0, E97-F97) | H97: =IF(G97>0,"DEFICIT","")
A98: J. Cabrera | B98: PGY3 | C98: 22 | D98: VACATION | E98: 4 | F98: =SCHEDULE!BO22 | G98: =MAX(0, E98-F98) | H98: =IF(G98>0,"DEFICIT","")
A99: J. Perez | B99: PGY3 | C99: 23 | D99: FLOORS | E99: 16 | F99: =SCHEDULE!BG23 | G99: =MAX(0, E99-F99) | H99: =IF(G99>0,"DEFICIT","")
A100: J. Perez | B100: PGY3 | C100: 23 | D100: CLINIC | E100: 14 | F100: =SCHEDULE!BE23 | G100: =MAX(0, E100-F100) | H100: =IF(G100>0,"DEFICIT","")
...
